Datetime,RESIDENTIAL Revenue,RESIDENTIAL Sales,RESIDENTIAL Customers,RESIDENTIAL Price,COMMERCIAL Revenue,COMMERCIAL Sales,COMMERCIAL Customers,COMMERCIAL Price,INDUSTRIAL Revenue,INDUSTRIAL Sales,INDUSTRIAL Customers,INDUSTRIAL Price,TRANSPORTATION Revenue,TRANSPORTATION Sales,TRANSPORTATION Customers,TRANSPORTATION Price,Coal,Hydroelectric conventional,Natural gas,Nuclear,Other,Other biomass,Other gases,Petroleum,Solar thermal and photovoltaic,Wind,Wood and wood derived fuels,C RES PRICE,C PEA,A RES PRICE,A TIER PRICE,A PEA
1990-01-01,271486.0,3406453.0,0.0,7.97,194986.0,2753088.0,0.0,7.08,156722.0,3028473.0,0.0,5.17,0.0,0.0,0.0,0.0,0.0,0.0,0.0,0.0,0.0,0.0,0.0,0.0,0.0,0.0,0.0,0.0,0.0,0.0,0.0,0.0
1990-02-01,236661.0,2738906.0,0.0,8.64,185652.0,2550235.0,0.0,7.28,160733.0,3142514.0,0.0,5.11,0.0,0.0,0.0,0.0,0.0,0.0,0.0,0.0,0.0,0.0,0.0,0.0,0.0,0.0,0.0,0.0,0.0,0.0,0.0,0.0
1990-03-01,239558.0,2698446.0,0.0,8.88,192832.0,2561382.0,0.0,7.53,169482.0,3099794.0,0.0,5.47,0.0,0.0,0.0,0.0,0.0,0.0,0.0,0.0,0.0,0.0,0.0,0.0,0.0,0.0,0.0,0.0,0.0,0.0,0.0,0.0
1990-04-01,214322.0,2367131.0,0.0,9.05,178833.0,2373412.0,0.0,7.53,156618.0,3022676.0,0.0,5.18,0.0,0.0,0.0,0.0,0.0,0.0,0.0,0.0,0.0,0.0,0.0,0.0,0.0,0.0,0.0,0.0,0.0,0.0,0.0,0.0
1990-05-01,208093.0,2179236.0,0.0,9.55,190172.0,2440688.0,0.0,7.79,172304.0,3247738.0,0.0,5.31,0.0,0.0,0.0,0.0,0.0,0.0,0.0,0.0,0.0,0.0,0.0,0.0,0.0,0.0,0.0,0.0,0.0,0.0,0.0,0.0
1990-06-01,277118.0,2442777.0,0.0,11.34,216157.0,2589879.0,0.0,8.35,180551.0,3225581.0,0.0,5.6,0.0,0.0,0.0,0.0,0.0,0.0,0.0,0.0,0.0,0.0,0.0,0.0,0.0,0.0,0.0,0.0,0.0,0.0,0.0,0.0
1990-07-01,388590.0,3233240.0,0.0,12.02,246758.0,2904045.0,0.0,8.5,208364.0,3413289.0,0.0,6.1,0.0,0.0,0.0,0.0,0.0,0.0,0.0,0.0,0.0,0.0,0.0,0.0,0.0,0.0,0.0,0.0,0.0,0.0,0.0,0.0
1990-08-01,347954.0,2958333.0,0.0,11.76,238177.0,2898098.0,0.0,8.22,199593.0,3444185.0,0.0,5.8,0.0,0.0,0.0,0.0,0.0,0.0,0.0,0.0,0.0,0.0,0.0,0.0,0.0,0.0,0.0,0.0,0.0,0.0,0.0,0.0
1990-09-01,389218.0,3319636.0,0.0,11.72,243682.0,2988130.0,0.0,8.15,190880.0,3334832.0,0.0,5.72,0.0,0.0,0.0,0.0,0.0,0.0,0.0,0.0,0.0,0.0,0.0,0.0,0.0,0.0,0.0,0.0,0.0,0.0,0.0,0.0
1990-10-01,244923.0,2317634.0,0.0,10.57,212467.0,2631304.0,0.0,8.07,198549.0,3582010.0,0.0,5.54,0.0,0.0,0.0,0.0,0.0,0.0,0.0,0.0,0.0,0.0,0.0,0.0,0.0,0.0,0.0,0.0,0.0,0.0,0.0,0.0
1990-11-01,206731.0,2396191.0,0.0,8.63,181674.0,2478250.0,0.0,7.33,163478.0,3443562.0,0.0,4.75,0.0,0.0,0.0,0.0,0.0,0.0,0.0,0.0,0.0,0.0,0.0,0.0,0.0,0.0,0.0,0.0,0.0,0.0,0.0,0.0
1990-12-01,235704.0,2813459.0,0.0,8.38,183505.0,2565937.0,0.0,7.15,164449.0,3313866.0,0.0,4.96,0.0,0.0,0.0,0.0,0.0,0.0,0.0,0.0,0.0,0.0,0.0,0.0,0.0,0.0,0.0,0.0,0.0,0.0,0.0,0.0
1991-01-01,264820.0,3543041.0,0.0,7.47,189163.0,2823532.0,0.0,6.7,151925.0,3222220.0,0.0,4.71,0.0,0.0,0.0,0.0,0.0,0.0,0.0,0.0,0.0,0.0,0.0,0.0,0.0,0.0,0.0,0.0,0.0,0.0,0.0,0.0
1991-02-01,238705.0,3041068.0,0.0,7.85,185169.0,2704204.0,0.0,6.85,152974.0,3126878.0,0.0,4.89,0.0,0.0,0.0,0.0,0.0,0.0,0.0,0.0,0.0,0.0,0.0,0.0,0.0,0.0,0.0,0.0,0.0,0.0,0.0,0.0
1991-03-01,239391.0,2754890.0,0.0,8.69,189124.0,2569891.0,0.0,7.36,162892.0,3066724.0,0.0,5.31,0.0,0.0,0.0,0.0,0.0,0.0,0.0,0.0,0.0,0.0,0.0,0.0,0.0,0.0,0.0,0.0,0.0,0.0,0.0,0.0
1991-04-01,239508.0,2350705.0,0.0,10.19,192264.0,2423125.0,0.0,7.93,171017.0,3140183.0,0.0,5.45,0.0,0.0,0.0,0.0,0.0,0.0,0.0,0.0,0.0,0.0,0.0,0.0,0.0,0.0,0.0,0.0,0.0,0.0,0.0,0.0
1991-05-01,241395.0,2305027.0,0.0,10.47,202007.0,2512051.0,0.0,8.04,178768.0,3297337.0,0.0,5.42,0.0,0.0,0.0,0.0,0.0,0.0,0.0,0.0,0.0,0.0,0.0,0.0,0.0,0.0,0.0,0.0,0.0,0.0,0.0,0.0
1991-06-01,347643.0,3282492.0,0.0,10.59,252057.0,3010411.0,0.0,8.37,195509.0,3407742.0,0.0,5.74,0.0,0.0,0.0,0.0,0.0,0.0,0.0,0.0,0.0,0.0,0.0,0.0,0.0,0.0,0.0,0.0,0.0,0.0,0.0,0.0
1991-07-01,451516.0,4032616.0,0.0,11.2,278806.0,3157233.0,0.0,8.83,215492.0,3401496.0,0.0,6.34,0.0,0.0,0.0,0.0,0.0,0.0,0.0,0.0,0.0,0.0,0.0,0.0,0.0,0.0,0.0,0.0,0.0,0.0,0.0,0.0
1991-08-01,365401.0,3308549.0,0.0,11.04,263689.0,3005171.0,0.0,8.77,212630.0,3531422.0,0.0,6.02,0.0,0.0,0.0,0.0,0.0,0.0,0.0,0.0,0.0,0.0,0.0,0.0,0.0,0.0,0.0,0.0,0.0,0.0,0.0,0.0
1991-09-01,364271.0,3317197.0,0.0,10.98,261643.0,3043625.0,0.0,8.6,206485.0,3538928.0,0.0,5.83,0.0,0.0,0.0,0.0,0.0,0.0,0.0,0.0,0.0,0.0,0.0,0.0,0.0,0.0,0.0,0.0,0.0,0.0,0.0,0.0
1991-10-01,261375.0,2393158.0,0.0,10.92,224304.0,2599251.0,0.0,8.63,198391.0,3374484.0,0.0,5.88,0.0,0.0,0.0,0.0,0.0,0.0,0.0,0.0,0.0,0.0,0.0,0.0,0.0,0.0,0.0,0.0,0.0,0.0,0.0,0.0
1991-11-01,242829.0,2476479.0,0.0,9.81,192139.0,2534580.0,0.0,7.58,167708.0,3420115.0,0.0,4.9,0.0,0.0,0.0,0.0,0.0,0.0,0.0,0.0,0.0,0.0,0.0,0.0,0.0,0.0,0.0,0.0,0.0,0.0,0.0,0.0
1991-12-01,292225.0,3158571.0,0.0,9.25,201658.0,2735708.0,0.0,7.37,166101.0,3184560.0,0.0,5.22,0.0,0.0,0.0,0.0,0.0,0.0,0.0,0.0,0.0,0.0,0.0,0.0,0.0,0.0,0.0,0.0,0.0,0.0,0.0,0.0
1992-01-01,303215.0,3241507.0,0.0,9.35,200942.0,2636832.0,0.0,7.62,171109.0,3214612.0,0.0,5.32,0.0,0.0,0.0,0.0,0.0,0.0,0.0,0.0,0.0,0.0,0.0,0.0,0.0,0.0,0.0,0.0,0.0,0.0,0.0,0.0
1992-02-01,263569.0,2981716.0,0.0,8.84,180011.0,2630782.0,0.0,6.84,163297.0,3459485.0,0.0,4.72,0.0,0.0,0.0,0.0,0.0,0.0,0.0,0.0,0.0,0.0,0.0,0.0,0.0,0.0,0.0,0.0,0.0,0.0,0.0,0.0
1992-03-01,269856.0,2720883.0,0.0,9.92,196067.0,2560645.0,0.0,7.66,182687.0,3419561.0,0.0,5.34,0.0,0.0,0.0,0.0,0.0,0.0,0.0,0.0,0.0,0.0,0.0,0.0,0.0,0.0,0.0,0.0,0.0,0.0,0.0,0.0
1992-04-01,251702.0,2532299.0,0.0,9.94,184459.0,2423849.0,0.0,7.61,166723.0,3200693.0,0.0,5.21,0.0,0.0,0.0,0.0,0.0,0.0,0.0,0.0,0.0,0.0,0.0,0.0,0.0,0.0,0.0,0.0,0.0,0.0,0.0,0.0
1992-05-01,235831.0,2260362.0,0.0,10.43,193748.0,2470497.0,0.0,7.84,176246.0,3257159.0,0.0,5.41,0.0,0.0,0.0,0.0,0.0,0.0,0.0,0.0,0.0,0.0,0.0,0.0,0.0,0.0,0.0,0.0,0.0,0.0,0.0,0.0
1992-06-01,269201.0,2369698.0,0.0,11.36,230579.0,2640387.0,0.0,8.73,201908.0,3426338.0,0.0,5.89,0.0,0.0,0.0,0.0,0.0,0.0,0.0,0.0,0.0,0.0,0.0,0.0,0.0,0.0,0.0,0.0,0.0,0.0,0.0,0.0
1992-07-01,327870.0,2848145.0,0.0,11.51,257620.0,2817375.0,0.0,9.14,216350.0,3539963.0,0.0,6.11,0.0,0.0,0.0,0.0,0.0,0.0,0.0,0.0,0.0,0.0,0.0,0.0,0.0,0.0,0.0,0.0,0.0,0.0,0.0,0.0
1992-08-01,312832.0,2771093.0,0.0,11.29,246539.0,2749936.0,0.0,8.97,212240.0,3512348.0,0.0,6.04,0.0,0.0,0.0,0.0,0.0,0.0,0.0,0.0,0.0,0.0,0.0,0.0,0.0,0.0,0.0,0.0,0.0,0.0,0.0,0.0
1992-09-01,300328.0,2615160.0,0.0,11.48,249075.0,2754763.0,0.0,9.04,212614.0,3528508.0,0.0,6.03,0.0,0.0,0.0,0.0,0.0,0.0,0.0,0.0,0.0,0.0,0.0,0.0,0.0,0.0,0.0,0.0,0.0,0.0,0.0,0.0
1992-10-01,250569.0,2277191.0,0.0,11.0,218264.0,2565270.0,0.0,8.51,198287.0,3578013.0,0.0,5.54,0.0,0.0,0.0,0.0,0.0,0.0,0.0,0.0,0.0,0.0,0.0,0.0,0.0,0.0,0.0,0.0,0.0,0.0,0.0,0.0
1992-11-01,252696.0,2550616.0,0.0,9.91,190505.0,2499062.0,0.0,7.62,169861.0,3422681.0,0.0,4.96,0.0,0.0,0.0,0.0,0.0,0.0,0.0,0.0,0.0,0.0,0.0,0.0,0.0,0.0,0.0,0.0,0.0,0.0,0.0,0.0
1992-12-01,294195.0,3198341.0,0.0,9.2,196860.0,2707457.0,0.0,7.27,166729.0,3338978.0,0.0,4.99,0.0,0.0,0.0,0.0,0.0,0.0,0.0,0.0,0.0,0.0,0.0,0.0,0.0,0.0,0.0,0.0,0.0,0.0,0.0,0.0
1993-01-01,313163.0,3549613.0,0.0,8.82,202951.0,2865196.0,0.0,7.08,156633.0,3129693.0,0.0,5.0,0.0,0.0,0.0,0.0,0.0,0.0,0.0,0.0,0.0,0.0,0.0,0.0,0.0,0.0,0.0,0.0,0.0,0.0,0.0,0.0
1993-02-01,270042.0,3108421.0,0.0,8.69,199774.0,2889447.0,0.0,6.91,163887.0,3413978.0,0.0,4.8,0.0,0.0,0.0,0.0,0.0,0.0,0.0,0.0,0.0,0.0,0.0,0.0,0.0,0.0,0.0,0.0,0.0,0.0,0.0,0.0
1993-03-01,274249.0,3016263.0,0.0,9.09,202774.0,2834675.0,0.0,7.15,166368.0,3274338.0,0.0,5.08,0.0,0.0,0.0,0.0,0.0,0.0,0.0,0.0,0.0,0.0,0.0,0.0,0.0,0.0,0.0,0.0,0.0,0.0,0.0,0.0
1993-04-01,247837.0,2554660.0,0.0,9.7,194992.0,2626936.0,0.0,7.42,163201.0,3195033.0,0.0,5.11,0.0,0.0,0.0,0.0,0.0,0.0,0.0,0.0,0.0,0.0,0.0,0.0,0.0,0.0,0.0,0.0,0.0,0.0,0.0,0.0
1993-05-01,223407.0,2201699.0,0.0,10.15,199938.0,2654021.0,0.0,7.53,167073.0,3269705.0,0.0,5.11,0.0,0.0,0.0,0.0,0.0,0.0,0.0,0.0,0.0,0.0,0.0,0.0,0.0,0.0,0.0,0.0,0.0,0.0,0.0,0.0
1993-06-01,274231.0,2475704.0,0.0,11.08,233876.0,2826825.0,0.0,8.27,183495.0,3389082.0,0.0,5.41,0.0,0.0,0.0,0.0,0.0,0.0,0.0,0.0,0.0,0.0,0.0,0.0,0.0,0.0,0.0,0.0,0.0,0.0,0.0,0.0
1993-07-01,397784.0,3718161.0,0.0,10.7,264816.0,3155508.0,0.0,8.39,199292.0,3489580.0,0.0,5.71,0.0,0.0,0.0,0.0,0.0,0.0,0.0,0.0,0.0,0.0,0.0,0.0,0.0,0.0,0.0,0.0,0.0,0.0,0.0,0.0
1993-08-01,389298.0,3602128.0,0.0,10.81,265664.0,3152502.0,0.0,8.43,203987.0,3537755.0,0.0,5.77,0.0,0.0,0.0,0.0,0.0,0.0,0.0,0.0,0.0,0.0,0.0,0.0,0.0,0.0,0.0,0.0,0.0,0.0,0.0,0.0
1993-09-01,340362.0,3099002.0,0.0,10.98,259683.0,3053906.0,0.0,8.5,206371.0,3561730.0,0.0,5.79,0.0,0.0,0.0,0.0,0.0,0.0,0.0,0.0,0.0,0.0,0.0,0.0,0.0,0.0,0.0,0.0,0.0,0.0,0.0,0.0
1993-10-01,356649.0,2211063.0,0.0,16.13,318072.0,2719787.0,0.0,11.69,259180.0,3392343.0,0.0,7.64,0.0,0.0,0.0,0.0,0.0,0.0,0.0,0.0,0.0,0.0,0.0,0.0,0.0,0.0,0.0,0.0,0.0,0.0,0.0,0.0
1993-11-01,246283.0,2512389.0,0.0,9.8,202197.0,2717172.0,0.0,7.44,164347.0,3311258.0,0.0,4.96,0.0,0.0,0.0,0.0,0.0,0.0,0.0,0.0,0.0,0.0,0.0,0.0,0.0,0.0,0.0,0.0,0.0,0.0,0.0,0.0
1993-12-01,288374.0,3176618.0,0.0,9.08,204332.0,2858889.0,0.0,7.15,158912.0,3284945.0,0.0,4.84,0.0,0.0,0.0,0.0,0.0,0.0,0.0,0.0,0.0,0.0,0.0,0.0,0.0,0.0,0.0,0.0,0.0,0.0,0.0,0.0
1994-01-01,328833.0,3813618.0,0.0,8.62,211914.0,3045961.0,0.0,6.96,170520.0,3466475.0,0.0,4.92,0.0,0.0,0.0,0.0,0.0,0.0,0.0,0.0,0.0,0.0,0.0,0.0,0.0,0.0,0.0,0.0,0.0,0.0,0.0,0.0
1994-02-01,296182.0,3363635.0,0.0,8.81,211238.0,3011735.0,0.0,7.01,173818.0,3496575.0,0.0,4.97,0.0,0.0,0.0,0.0,0.0,0.0,0.0,0.0,0.0,0.0,0.0,0.0,0.0,0.0,0.0,0.0,0.0,0.0,0.0,0.0
1994-03-01,271727.0,2897480.0,0.0,9.38,205073.0,2822778.0,0.0,7.26,175852.0,3467271.0,0.0,5.07,0.0,0.0,0.0,0.0,0.0,0.0,0.0,0.0,0.0,0.0,0.0,0.0,0.0,0.0,0.0,0.0,0.0,0.0,0.0,0.0
1994-04-01,244381.0,2507681.0,0.0,9.75,195844.0,2668787.0,0.0,7.34,160183.0,3373239.0,0.0,4.75,0.0,0.0,0.0,0.0,0.0,0.0,0.0,0.0,0.0,0.0,0.0,0.0,0.0,0.0,0.0,0.0,0.0,0.0,0.0,0.0
1994-05-01,227952.0,2208336.0,0.0,10.32,201884.0,2691099.0,0.0,7.5,166165.0,3415560.0,0.0,4.86,0.0,0.0,0.0,0.0,0.0,0.0,0.0,0.0,0.0,0.0,0.0,0.0,0.0,0.0,0.0,0.0,0.0,0.0,0.0,0.0
1994-06-01,312005.0,2879872.0,0.0,10.83,253532.0,3096850.0,0.0,8.19,193136.0,3539991.0,0.0,5.46,0.0,0.0,0.0,0.0,0.0,0.0,0.0,0.0,0.0,0.0,0.0,0.0,0.0,0.0,0.0,0.0,0.0,0.0,0.0,0.0
1994-07-01,422218.0,3922830.0,0.0,10.76,276334.0,3310364.0,0.0,8.35,210552.0,3567229.0,0.0,5.9,0.0,0.0,0.0,0.0,0.0,0.0,0.0,0.0,0.0,0.0,0.0,0.0,0.0,0.0,0.0,0.0,0.0,0.0,0.0,0.0
1994-08-01,350743.0,3143449.0,0.0,11.16,272492.0,3186904.0,0.0,8.55,208334.0,3494508.0,0.0,5.96,0.0,0.0,0.0,0.0,0.0,0.0,0.0,0.0,0.0,0.0,0.0,0.0,0.0,0.0,0.0,0.0,0.0,0.0,0.0,0.0
1994-09-01,321130.0,2901232.0,0.0,11.07,261611.0,3122084.0,0.0,8.38,195843.0,3665047.0,0.0,5.34,0.0,0.0,0.0,0.0,0.0,0.0,0.0,0.0,0.0,0.0,0.0,0.0,0.0,0.0,0.0,0.0,0.0,0.0,0.0,0.0
1994-10-01,261790.0,2431547.0,0.0,10.77,239161.0,2950372.0,0.0,8.11,185421.0,3480351.0,0.0,5.33,0.0,0.0,0.0,0.0,0.0,0.0,0.0,0.0,0.0,0.0,0.0,0.0,0.0,0.0,0.0,0.0,0.0,0.0,0.0,0.0
1994-11-01,236549.0,2425785.0,0.0,9.75,202895.0,2799828.0,0.0,7.25,164425.0,3418209.0,0.0,4.81,0.0,0.0,0.0,0.0,0.0,0.0,0.0,0.0,0.0,0.0,0.0,0.0,0.0,0.0,0.0,0.0,0.0,0.0,0.0,0.0
1994-12-01,290763.0,3210263.0,0.0,9.06,206740.0,2955983.0,0.0,6.99,160119.0,3380906.0,0.0,4.74,0.0,0.0,0.0,0.0,0.0,0.0,0.0,0.0,0.0,0.0,0.0,0.0,0.0,0.0,0.0,0.0,0.0,0.0,0.0,0.0
1995-01-01,317913.0,3652054.0,0.0,8.71,215700.0,3129528.0,0.0,6.89,167110.0,3436694.0,0.0,4.86,0.0,0.0,0.0,0.0,0.0,0.0,0.0,0.0,0.0,0.0,0.0,0.0,0.0,0.0,0.0,0.0,0.0,0.0,0.0,0.0
1995-02-01,291221.0,3123968.0,0.0,9.32,214953.0,3004975.0,0.0,7.15,168711.0,3460573.0,0.0,4.88,0.0,0.0,0.0,0.0,0.0,0.0,0.0,0.0,0.0,0.0,0.0,0.0,0.0,0.0,0.0,0.0,0.0,0.0,0.0,0.0
1995-03-01,287914.0,2860622.0,0.0,10.06,223182.0,2893648.0,0.0,7.71,182658.0,3400563.0,0.0,5.37,0.0,0.0,0.0,0.0,0.0,0.0,0.0,0.0,0.0,0.0,0.0,0.0,0.0,0.0,0.0,0.0,0.0,0.0,0.0,0.0
1995-04-01,256460.0,2458726.0,0.0,10.43,213856.0,2796463.0,0.0,7.65,167667.0,3394574.0,0.0,4.94,0.0,0.0,0.0,0.0,0.0,0.0,0.0,0.0,0.0,0.0,0.0,0.0,0.0,0.0,0.0,0.0,0.0,0.0,0.0,0.0
1995-05-01,246682.0,2337210.0,0.0,10.55,211306.0,2803520.0,0.0,7.54,171500.0,3411183.0,0.0,5.03,0.0,0.0,0.0,0.0,0.0,0.0,0.0,0.0,0.0,0.0,0.0,0.0,0.0,0.0,0.0,0.0,0.0,0.0,0.0,0.0
1995-06-01,302903.0,2683648.0,0.0,11.29,256927.0,3062746.0,0.0,8.39,195312.0,3555476.0,0.0,5.49,0.0,0.0,0.0,0.0,0.0,0.0,0.0,0.0,0.0,0.0,0.0,0.0,0.0,0.0,0.0,0.0,0.0,0.0,0.0,0.0
1995-07-01,459149.0,4151085.0,0.0,11.06,299289.0,3486869.0,0.0,8.58,208450.0,3686203.0,0.0,5.65,0.0,0.0,0.0,0.0,0.0,0.0,0.0,0.0,0.0,0.0,0.0,0.0,0.0,0.0,0.0,0.0,0.0,0.0,0.0,0.0
1995-08-01,542583.0,4927971.0,0.0,11.01,310420.0,3642680.0,0.0,8.52,217452.0,3659946.0,0.0,5.94,0.0,0.0,0.0,0.0,0.0,0.0,0.0,0.0,0.0,0.0,0.0,0.0,0.0,0.0,0.0,0.0,0.0,0.0,0.0,0.0
1995-09-01,424450.0,3817991.0,0.0,11.12,291711.0,3444742.0,0.0,8.47,212820.0,3736207.0,0.0,5.7,0.0,0.0,0.0,0.0,0.0,0.0,0.0,0.0,0.0,0.0,0.0,0.0,0.0,0.0,0.0,0.0,0.0,0.0,0.0,0.0
1995-10-01,264456.0,2259321.0,0.0,11.71,259837.0,2989234.0,0.0,8.69,199463.0,3539678.0,0.0,5.64,0.0,0.0,0.0,0.0,0.0,0.0,0.0,0.0,0.0,0.0,0.0,0.0,0.0,0.0,0.0,0.0,0.0,0.0,0.0,0.0
1995-11-01,268172.0,2676995.0,0.0,10.02,215703.0,2866645.0,0.0,7.52,166440.0,3368607.0,0.0,4.94,0.0,0.0,0.0,0.0,0.0,0.0,0.0,0.0,0.0,0.0,0.0,0.0,0.0,0.0,0.0,0.0,0.0,0.0,0.0,0.0
1995-12-01,319884.0,3436547.0,0.0,9.31,220451.0,3096346.0,0.0,7.12,169411.0,3601115.0,0.0,4.7,0.0,0.0,0.0,0.0,0.0,0.0,0.0,0.0,0.0,0.0,0.0,0.0,0.0,0.0,0.0,0.0,0.0,0.0,0.0,0.0
1996-01-01,358665.0,3917193.0,0.0,9.16,231289.0,3226307.0,0.0,7.17,176057.0,3522681.0,0.0,5.0,0.0,0.0,0.0,0.0,0.0,0.0,0.0,0.0,0.0,0.0,0.0,0.0,0.0,0.0,0.0,0.0,0.0,0.0,0.0,0.0
1996-02-01,316130.0,3405498.0,0.0,9.28,231892.0,3178645.0,0.0,7.3,177120.0,3563875.0,0.0,4.97,0.0,0.0,0.0,0.0,0.0,0.0,0.0,0.0,0.0,0.0,0.0,0.0,0.0,0.0,0.0,0.0,0.0,0.0,0.0,0.0
1996-03-01,295683.0,3090764.0,0.0,9.57,226319.0,3145196.0,0.0,7.2,167953.0,3437433.0,0.0,4.89,0.0,0.0,0.0,0.0,0.0,0.0,0.0,0.0,0.0,0.0,0.0,0.0,0.0,0.0,0.0,0.0,0.0,0.0,0.0,0.0
1996-04-01,266573.0,2665415.0,0.0,10.0,216140.0,2820173.0,0.0,7.66,168336.0,3469292.0,0.0,4.85,0.0,0.0,0.0,0.0,0.0,0.0,0.0,0.0,0.0,0.0,0.0,0.0,0.0,0.0,0.0,0.0,0.0,0.0,0.0,0.0
1996-05-01,254705.0,2413719.0,0.0,10.55,219727.0,2803316.0,0.0,7.84,171052.0,3614015.0,0.0,4.73,0.0,0.0,0.0,0.0,0.0,0.0,0.0,0.0,0.0,0.0,0.0,0.0,0.0,0.0,0.0,0.0,0.0,0.0,0.0,0.0
1996-06-01,314916.0,2865758.0,0.0,10.99,257697.0,3099766.0,0.0,8.31,193586.0,3516650.0,0.0,5.5,0.0,0.0,0.0,0.0,0.0,0.0,0.0,0.0,0.0,0.0,0.0,0.0,0.0,0.0,0.0,0.0,0.0,0.0,0.0,0.0
1996-07-01,427825.0,3752677.0,0.0,11.4,298410.0,3344446.0,0.0,8.92,216538.0,3586946.0,0.0,6.04,0.0,0.0,0.0,0.0,0.0,0.0,0.0,0.0,0.0,0.0,0.0,0.0,0.0,0.0,0.0,0.0,0.0,0.0,0.0,0.0
1996-08-01,400613.0,3553672.0,0.0,11.27,302399.0,3417733.0,0.0,8.85,216220.0,3550301.0,0.0,6.09,0.0,0.0,0.0,0.0,0.0,0.0,0.0,0.0,0.0,0.0,0.0,0.0,0.0,0.0,0.0,0.0,0.0,0.0,0.0,0.0
1996-09-01,382343.0,3387249.0,0.0,11.29,295110.0,3403909.0,0.0,8.67,211871.0,3682400.0,0.0,5.75,0.0,0.0,0.0,0.0,0.0,0.0,0.0,0.0,0.0,0.0,0.0,0.0,0.0,0.0,0.0,0.0,0.0,0.0,0.0,0.0
1996-10-01,266798.0,2278225.0,0.0,11.71,250246.0,2917995.0,0.0,8.58,191776.0,3571019.0,0.0,5.37,0.0,0.0,0.0,0.0,0.0,0.0,0.0,0.0,0.0,0.0,0.0,0.0,0.0,0.0,0.0,0.0,0.0,0.0,0.0,0.0
1996-11-01,262885.0,2620746.0,0.0,10.03,218248.0,2875031.0,0.0,7.59,168486.0,3448636.0,0.0,4.89,0.0,0.0,0.0,0.0,0.0,0.0,0.0,0.0,0.0,0.0,0.0,0.0,0.0,0.0,0.0,0.0,0.0,0.0,0.0,0.0
1996-12-01,336324.0,3603275.0,0.0,9.33,236925.0,3208260.0,0.0,7.38,161954.0,3460013.0,0.0,4.68,0.0,0.0,0.0,0.0,0.0,0.0,0.0,0.0,0.0,0.0,0.0,0.0,0.0,0.0,0.0,0.0,0.0,0.0,0.0,0.0
1997-01-01,368070.0,4042533.0,0.0,9.1,235319.0,3420513.0,0.0,6.88,174449.0,3512239.0,0.0,4.97,0.0,0.0,0.0,0.0,0.0,0.0,0.0,0.0,0.0,0.0,0.0,0.0,0.0,0.0,0.0,0.0,0.0,0.0,0.0,0.0
1997-02-01,311441.0,3357286.0,0.0,9.28,237135.0,3368731.0,0.0,7.04,179644.0,4027307.0,0.0,4.46,0.0,0.0,0.0,0.0,0.0,0.0,0.0,0.0,0.0,0.0,0.0,0.0,0.0,0.0,0.0,0.0,0.0,0.0,0.0,0.0
1997-03-01,298018.0,2937532.0,0.0,10.15,226176.0,2989972.0,0.0,7.56,174031.0,3094000.0,0.0,5.62,0.0,0.0,0.0,0.0,0.0,0.0,0.0,0.0,0.0,0.0,0.0,0.0,0.0,0.0,0.0,0.0,0.0,0.0,0.0,0.0
1997-04-01,276098.0,2599973.0,0.0,10.62,229009.0,2880106.0,0.0,7.95,179794.0,3443366.0,0.0,5.22,0.0,0.0,0.0,0.0,0.0,0.0,0.0,0.0,0.0,0.0,0.0,0.0,0.0,0.0,0.0,0.0,0.0,0.0,0.0,0.0
1997-05-01,263092.0,2352372.0,0.0,11.18,228442.0,2798207.0,0.0,8.16,190034.0,3468426.0,0.0,5.48,0.0,0.0,0.0,0.0,0.0,0.0,0.0,0.0,0.0,0.0,0.0,0.0,0.0,0.0,0.0,0.0,0.0,0.0,0.0,0.0
1997-06-01,298210.0,2577464.0,0.0,11.57,266472.0,3071798.0,0.0,8.67,209212.0,3757246.0,0.0,5.57,0.0,0.0,0.0,0.0,0.0,0.0,0.0,0.0,0.0,0.0,0.0,0.0,0.0,0.0,0.0,0.0,0.0,0.0,0.0,0.0
1997-07-01,455472.0,4105523.0,0.0,11.09,304077.0,3518568.0,0.0,8.64,212759.0,3466242.0,0.0,6.14,0.0,0.0,0.0,0.0,0.0,0.0,0.0,0.0,0.0,0.0,0.0,0.0,0.0,0.0,0.0,0.0,0.0,0.0,0.0,0.0
1997-08-01,434749.0,3799905.0,0.0,11.44,306058.0,3446030.0,0.0,8.88,219353.0,3897002.0,0.0,5.63,0.0,0.0,0.0,0.0,0.0,0.0,0.0,0.0,0.0,0.0,0.0,0.0,0.0,0.0,0.0,0.0,0.0,0.0,0.0,0.0
1997-09-01,333867.0,2890133.0,0.0,11.55,295837.0,3351760.0,0.0,8.83,215011.0,3772913.0,0.0,5.7,0.0,0.0,0.0,0.0,0.0,0.0,0.0,0.0,0.0,0.0,0.0,0.0,0.0,0.0,0.0,0.0,0.0,0.0,0.0,0.0
1997-10-01,271003.0,2530723.0,0.0,10.71,255650.0,3224870.0,0.0,7.93,188956.0,3720757.0,0.0,5.08,0.0,0.0,0.0,0.0,0.0,0.0,0.0,0.0,0.0,0.0,0.0,0.0,0.0,0.0,0.0,0.0,0.0,0.0,0.0,0.0
1997-11-01,270258.0,2776836.0,0.0,9.73,221642.0,2975054.0,0.0,7.45,165350.0,3236572.0,0.0,5.11,0.0,0.0,0.0,0.0,0.0,0.0,0.0,0.0,0.0,0.0,0.0,0.0,0.0,0.0,0.0,0.0,0.0,0.0,0.0,0.0
1997-12-01,307585.0,3293930.0,0.0,9.34,219186.0,3114921.0,0.0,7.04,154987.0,3440916.0,0.0,4.5,0.0,0.0,0.0,0.0,0.0,0.0,0.0,0.0,0.0,0.0,0.0,0.0,0.0,0.0,0.0,0.0,0.0,0.0,0.0,0.0
1998-01-01,351412.0,3644559.0,0.0,9.64,235649.0,3211521.0,0.0,7.34,166323.0,3425093.0,0.0,4.86,0.0,0.0,0.0,0.0,0.0,0.0,0.0,0.0,0.0,0.0,0.0,0.0,0.0,0.0,0.0,0.0,0.0,0.0,0.0,0.0
1998-02-01,300149.0,2932103.0,0.0,10.24,235357.0,3109904.0,0.0,7.57,175347.0,3473161.0,0.0,5.05,0.0,0.0,0.0,0.0,0.0,0.0,0.0,0.0,0.0,0.0,0.0,0.0,0.0,0.0,0.0,0.0,0.0,0.0,0.0,0.0
1998-03-01,287697.0,2863997.0,0.0,10.05,227903.0,2990984.0,0.0,7.62,173785.0,3543282.0,0.0,4.9,0.0,0.0,0.0,0.0,0.0,0.0,0.0,0.0,0.0,0.0,0.0,0.0,0.0,0.0,0.0,0.0,0.0,0.0,0.0,0.0
1998-04-01,250790.0,2339678.0,0.0,10.72,215848.0,2824895.0,0.0,7.64,168962.0,3474926.0,0.0,4.86,0.0,0.0,0.0,0.0,0.0,0.0,0.0,0.0,0.0,0.0,0.0,0.0,0.0,0.0,0.0,0.0,0.0,0.0,0.0,0.0
1998-05-01,300190.0,2716528.0,0.0,11.05,267828.0,3379206.0,0.0,7.93,199273.0,3854293.0,0.0,5.17,0.0,0.0,0.0,0.0,0.0,0.0,0.0,0.0,0.0,0.0,0.0,0.0,0.0,0.0,0.0,0.0,0.0,0.0,0.0,0.0
1998-06-01,401445.0,3585505.0,0.0,11.2,301149.0,3595944.0,0.0,8.37,214846.0,3873197.0,0.0,5.55,0.0,0.0,0.0,0.0,0.0,0.0,0.0,0.0,0.0,0.0,0.0,0.0,0.0,0.0,0.0,0.0,0.0,0.0,0.0,0.0
1998-07-01,526932.0,4493725.0,0.0,11.73,311398.0,3066562.0,0.0,10.15,211690.0,3050413.0,0.0,6.94,0.0,0.0,0.0,0.0,0.0,0.0,0.0,0.0,0.0,0.0,0.0,0.0,0.0,0.0,0.0,0.0,0.0,0.0,0.0,0.0
1998-08-01,409318.0,4490170.0,0.0,9.12,303295.0,3754442.0,0.0,8.08,256046.0,4646503.0,0.0,5.51,0.0,0.0,0.0,0.0,0.0,0.0,0.0,0.0,0.0,0.0,0.0,0.0,0.0,0.0,0.0,0.0,0.0,0.0,0.0,0.0
1998-09-01,305715.0,3374075.0,0.0,9.06,320749.0,4394548.0,0.0,7.3,165904.0,3339880.0,0.0,4.97,0.0,0.0,0.0,0.0,0.0,0.0,0.0,0.0,0.0,0.0,0.0,0.0,0.0,0.0,0.0,0.0,0.0,0.0,0.0,0.0
1998-10-01,231885.0,2667604.0,0.0,8.69,258795.0,2922674.0,0.0,8.85,125646.0,3291011.0,0.0,3.82,0.0,0.0,0.0,0.0,0.0,0.0,0.0,0.0,0.0,0.0,0.0,0.0,0.0,0.0,0.0,0.0,0.0,0.0,0.0,0.0
1998-11-01,226748.0,2772193.0,0.0,8.18,211574.0,4291569.0,0.0,4.93,155276.0,3269124.0,0.0,4.75,0.0,0.0,0.0,0.0,0.0,0.0,0.0,0.0,0.0,0.0,0.0,0.0,0.0,0.0,0.0,0.0,0.0,0.0,0.0,0.0
1998-12-01,317931.0,3826921.0,0.0,8.31,203628.0,2250199.0,0.0,9.05,201426.0,4136282.0,0.0,4.87,0.0,0.0,0.0,0.0,0.0,0.0,0.0,0.0,0.0,0.0,0.0,0.0,0.0,0.0,0.0,0.0,0.0,0.0,0.0,0.0
1999-01-01,295658.0,3892984.0,0.0,7.59,229025.0,3476829.0,0.0,6.59,160346.0,3339658.0,0.0,4.8,0.0,0.0,0.0,0.0,0.0,0.0,0.0,0.0,0.0,0.0,0.0,0.0,0.0,0.0,0.0,0.0,0.0,0.0,0.0,0.0
1999-02-01,228369.0,2786968.0,0.0,8.19,229397.0,3237222.0,0.0,7.09,166093.0,3459344.0,0.0,4.8,0.0,0.0,0.0,0.0,0.0,0.0,0.0,0.0,0.0,0.0,0.0,0.0,0.0,0.0,0.0,0.0,0.0,0.0,0.0,0.0
1999-03-01,273536.0,3297950.0,0.0,8.29,236627.0,3339254.0,0.0,7.09,162157.0,3377369.0,0.0,4.8,0.0,0.0,0.0,0.0,0.0,0.0,0.0,0.0,0.0,0.0,0.0,0.0,0.0,0.0,0.0,0.0,0.0,0.0,0.0,0.0
1999-04-01,224179.0,2520652.0,0.0,8.89,217375.0,2983532.0,0.0,7.29,162643.0,3387503.0,0.0,4.8,0.0,0.0,0.0,0.0,0.0,0.0,0.0,0.0,0.0,0.0,0.0,0.0,0.0,0.0,0.0,0.0,0.0,0.0,0.0,0.0
1999-05-01,234413.0,2522355.0,0.0,9.29,244848.0,3227948.0,0.0,7.59,186634.0,3731705.0,0.0,5.0,0.0,0.0,0.0,0.0,0.0,0.0,0.0,0.0,0.0,0.0,0.0,0.0,0.0,0.0,0.0,0.0,0.0,0.0,0.0,0.0
1999-06-01,343749.0,3659502.0,0.0,9.39,314508.0,3988864.0,0.0,7.88,203030.0,3829729.0,0.0,5.3,0.0,0.0,0.0,0.0,0.0,0.0,0.0,0.0,0.0,0.0,0.0,0.0,0.0,0.0,0.0,0.0,0.0,0.0,0.0,0.0
1999-07-01,464202.0,4889801.0,0.0,9.49,368224.0,4499269.0,0.0,8.18,247070.0,4491004.0,0.0,5.5,0.0,0.0,0.0,0.0,0.0,0.0,0.0,0.0,0.0,0.0,0.0,0.0,0.0,0.0,0.0,0.0,0.0,0.0,0.0,0.0
1999-08-01,424826.0,4475016.0,0.0,9.49,291180.0,3692990.0,0.0,7.88,193691.0,3585922.0,0.0,5.4,0.0,0.0,0.0,0.0,0.0,0.0,0.0,0.0,0.0,0.0,0.0,0.0,0.0,0.0,0.0,0.0,0.0,0.0,0.0,0.0
1999-09-01,285971.0,2980979.0,0.0,9.59,264682.0,3535959.0,0.0,7.49,171160.0,3564901.0,0.0,4.8,0.0,0.0,0.0,0.0,0.0,0.0,0.0,0.0,0.0,0.0,0.0,0.0,0.0,0.0,0.0,0.0,0.0,0.0,0.0,0.0
1999-10-01,207616.0,2360939.0,0.0,8.79,260128.0,3475116.0,0.0,7.49,181985.0,3567396.0,0.0,5.1,0.0,0.0,0.0,0.0,0.0,0.0,0.0,0.0,0.0,0.0,0.0,0.0,0.0,0.0,0.0,0.0,0.0,0.0,0.0,0.0
1999-11-01,223808.0,2604270.0,0.0,8.59,221604.0,2846604.0,0.0,7.78,140272.0,3116325.0,0.0,4.5,0.0,0.0,0.0,0.0,0.0,0.0,0.0,0.0,0.0,0.0,0.0,0.0,0.0,0.0,0.0,0.0,0.0,0.0,0.0,0.0
1999-12-01,294568.0,3639223.0,0.0,8.09,223120.0,3664817.0,0.0,6.09,128601.0,2520912.0,0.0,5.1,0.0,0.0,0.0,0.0,0.0,0.0,0.0,0.0,0.0,0.0,0.0,0.0,0.0,0.0,0.0,0.0,0.0,0.0,0.0,0.0
2000-01-01,299185.0,3828621.0,0.0,7.81,255922.0,3844311.0,0.0,6.66,171497.0,3354262.0,0.0,5.11,0.0,0.0,0.0,0.0,0.0,0.0,0.0,0.0,0.0,0.0,0.0,0.0,0.0,0.0,0.0,0.0,0.0,0.0,0.0,0.0
2000-02-01,265090.0,3244497.0,0.0,8.17,214562.0,3402231.0,0.0,6.31,155157.0,3285677.0,0.0,4.72,0.0,0.0,0.0,0.0,0.0,0.0,0.0,0.0,0.0,0.0,0.0,0.0,0.0,0.0,0.0,0.0,0.0,0.0,0.0,0.0
2000-03-01,255065.0,2903400.0,0.0,8.79,226834.0,3155459.0,0.0,7.19,164007.0,3330241.0,0.0,4.92,0.0,0.0,0.0,0.0,0.0,0.0,0.0,0.0,0.0,0.0,0.0,0.0,0.0,0.0,0.0,0.0,0.0,0.0,0.0,0.0
2000-04-01,225967.0,2528976.0,0.0,8.94,226816.0,3106584.0,0.0,7.3,158672.0,3328849.0,0.0,4.77,0.0,0.0,0.0,0.0,0.0,0.0,0.0,0.0,0.0,0.0,0.0,0.0,0.0,0.0,0.0,0.0,0.0,0.0,0.0,0.0
2000-05-01,249238.0,2700772.0,0.0,9.23,265041.0,3589025.0,0.0,7.38,172225.0,3310657.0,0.0,5.2,0.0,0.0,0.0,0.0,0.0,0.0,0.0,0.0,0.0,0.0,0.0,0.0,0.0,0.0,0.0,0.0,0.0,0.0,0.0,0.0
2000-06-01,312261.0,3283280.0,0.0,9.51,309659.0,3796371.0,0.0,8.16,183637.0,3645233.0,0.0,5.04,0.0,0.0,0.0,0.0,0.0,0.0,0.0,0.0,0.0,0.0,0.0,0.0,0.0,0.0,0.0,0.0,0.0,0.0,0.0,0.0
2000-07-01,404972.0,4237373.0,0.0,9.56,317777.0,3969114.0,0.0,8.01,187914.0,3317869.0,0.0,5.66,0.0,0.0,0.0,0.0,0.0,0.0,0.0,0.0,0.0,0.0,0.0,0.0,0.0,0.0,0.0,0.0,0.0,0.0,0.0,0.0
2000-08-01,402835.0,4247741.0,0.0,9.48,351519.0,4469263.0,0.0,7.87,219412.0,4038078.0,0.0,5.43,0.0,0.0,0.0,0.0,0.0,0.0,0.0,0.0,0.0,0.0,0.0,0.0,0.0,0.0,0.0,0.0,0.0,0.0,0.0,0.0
2000-09-01,325723.0,3485957.0,0.0,9.34,276052.0,3579958.0,0.0,7.71,166846.0,3339775.0,0.0,5.0,0.0,0.0,0.0,0.0,0.0,0.0,0.0,0.0,0.0,0.0,0.0,0.0,0.0,0.0,0.0,0.0,0.0,0.0,0.0,0.0
2000-10-01,240704.0,2658995.0,0.0,9.05,271777.0,3583358.0,0.0,7.58,170730.0,3455618.0,0.0,4.94,0.0,0.0,0.0,0.0,0.0,0.0,0.0,0.0,0.0,0.0,0.0,0.0,0.0,0.0,0.0,0.0,0.0,0.0,0.0,0.0
2000-11-01,242700.0,2863991.0,0.0,8.47,244153.0,3467601.0,0.0,7.04,152213.0,3465558.0,0.0,4.39,0.0,0.0,0.0,0.0,0.0,0.0,0.0,0.0,0.0,0.0,0.0,0.0,0.0,0.0,0.0,0.0,0.0,0.0,0.0,0.0
2000-12-01,322537.0,4162798.0,0.0,7.75,246430.0,3891952.0,0.0,6.33,140493.0,3067394.0,0.0,4.58,0.0,0.0,0.0,0.0,0.0,0.0,0.0,0.0,0.0,0.0,0.0,0.0,0.0,0.0,0.0,0.0,0.0,0.0,0.0,0.0
2001-01-01,321989.0,4276215.0,0.0,7.53,214598.0,3692911.0,0.0,5.81,140612.0,3489342.0,0.0,4.03,0.0,0.0,0.0,0.0,7539572.0,12599.0,137681.0,8237539.0,7665.0,59136.0,28111.0,17066.0,0.0,0.0,0.0,0.0,0.0,0.0,0.0,0.0
2001-02-01,276209.0,3346876.0,0.0,8.25,236808.0,3564138.0,0.0,6.64,152013.0,3899633.0,0.0,3.9,0.0,0.0,0.0,0.0,6267815.0,11020.0,260449.0,7216833.0,3167.0,48388.0,27066.0,78925.0,0.0,0.0,0.0,0.0,0.0,0.0,0.0,0.0
2001-03-01,268799.0,3226525.0,0.0,8.33,229597.0,3352045.0,0.0,6.85,141929.0,3299860.0,0.0,4.3,0.0,0.0,0.0,0.0,6274332.0,12527.0,176962.0,8157689.0,2560.0,54330.0,29867.0,173953.0,0.0,0.0,0.0,0.0,0.0,0.0,0.0,0.0
2001-04-01,243295.0,2760593.0,0.0,8.81,215916.0,3074234.0,0.0,7.02,128576.0,3005147.0,0.0,4.28,0.0,0.0,0.0,0.0,5643634.0,14166.0,210859.0,7117233.0,3109.0,50454.0,27605.0,253113.0,0.0,0.0,0.0,0.0,0.0,0.0,0.0,0.0
2001-05-01,250772.0,2724446.0,0.0,9.2,266969.0,3619727.0,0.0,7.38,160842.0,3500065.0,0.0,4.6,0.0,0.0,0.0,0.0,6188853.0,11625.0,363131.0,7924871.0,4027.0,56163.0,29336.0,26704.0,0.0,0.0,0.0,0.0,0.0,0.0,0.0,0.0
2001-06-01,301850.0,3200664.0,0.0,9.43,303703.0,3781190.0,0.0,8.03,189666.0,3736532.0,0.0,5.08,0.0,0.0,0.0,0.0,6795568.0,11554.0,371587.0,7900494.0,3745.0,59745.0,31294.0,236741.0,0.0,0.0,0.0,0.0,0.0,0.0,0.0,0.0
2001-07-01,432870.0,4594074.0,0.0,9.42,330429.0,4099057.0,0.0,8.06,193518.0,3618445.0,0.0,5.35,0.0,0.0,0.0,0.0,7759636.0,12530.0,852414.0,7952843.0,3644.0,64333.0,32796.0,351918.0,0.0,0.0,0.0,0.0,0.0,0.0,0.0,0.0
2001-08-01,504573.0,5399061.0,0.0,9.35,346140.0,4150073.0,0.0,8.34,165663.0,3399927.0,0.0,4.87,0.0,0.0,0.0,0.0,7982835.0,11888.0,1073665.0,7601200.0,4207.0,63367.0,33422.0,224067.0,0.0,0.0,0.0,0.0,0.0,0.0,0.0,0.0
2001-09-01,319677.0,3470125.0,0.0,9.21,283453.0,3493105.0,0.0,8.11,167484.0,3318588.0,0.0,5.05,0.0,0.0,0.0,0.0,6572803.0,10574.0,289726.0,7210992.0,4225.0,55722.0,28703.0,108651.0,0.0,0.0,0.0,0.0,0.0,0.0,0.0,0.0
2001-10-01,225690.0,2570265.0,0.0,8.78,267826.0,3506713.0,0.0,7.64,160752.0,3313323.0,0.0,4.85,0.0,0.0,0.0,0.0,5856551.0,10976.0,320718.0,7557378.0,4244.0,55456.0,28570.0,7648.0,0.0,0.0,0.0,0.0,0.0,0.0,0.0,0.0
2001-11-01,201250.0,2499060.0,0.0,8.05,269952.0,3446599.0,0.0,7.83,166217.0,3158525.0,0.0,5.26,0.0,0.0,0.0,0.0,5991616.0,11876.0,268941.0,7535722.0,4219.0,54893.0,28869.0,11270.0,0.0,0.0,0.0,0.0,0.0,0.0,0.0,0.0
2001-12-01,297589.0,3752102.0,0.0,7.93,228524.0,3355630.0,0.0,6.81,128636.0,3040556.0,0.0,4.23,0.0,0.0,0.0,0.0,6677421.0,12692.0,280159.0,7945683.0,4688.0,56583.0,30137.0,15948.0,0.0,0.0,0.0,0.0,0.0,0.0,0.0,0.0
2002-01-01,306659.0,4071047.0,0.0,7.53,237261.0,3535421.0,0.0,6.71,120690.0,2792420.0,0.0,4.32,0.0,0.0,0.0,0.0,6888208.0,10630.0,290795.0,7267814.0,62.0,53493.0,17867.0,35207.0,0.0,0.0,0.0,0.0,0.0,0.0,0.0,0.0
2002-02-01,260724.0,3250843.0,0.0,8.02,238456.0,3454057.0,0.0,6.9,145227.0,3189891.0,0.0,4.55,0.0,0.0,0.0,0.0,6349919.0,8749.0,376503.0,6835898.0,12890.0,44749.0,16848.0,7141.0,0.0,0.0,0.0,0.0,0.0,0.0,0.0,0.0
2002-03-01,269142.0,3352770.0,0.0,8.03,240550.0,3355593.0,0.0,7.17,151084.0,3281395.0,0.0,4.6,0.0,0.0,0.0,0.0,6839501.0,11824.0,545158.0,7464469.0,10894.0,61575.0,18553.0,9100.0,0.0,0.0,0.0,0.0,0.0,0.0,0.0,0.0
2002-04-01,249566.0,3004530.0,0.0,8.31,248681.0,3420999.0,0.0,7.27,141347.0,3094988.0,0.0,4.57,0.0,0.0,0.0,0.0,6232132.0,10527.0,826786.0,6616377.0,15179.0,59636.0,17178.0,17258.0,0.0,0.0,0.0,0.0,0.0,0.0,0.0,0.0
2002-05-01,238227.0,2713486.0,0.0,8.78,260402.0,3449952.0,0.0,7.55,160773.0,3435787.0,0.0,4.68,0.0,0.0,0.0,0.0,6562413.0,10617.0,406482.0,7424916.0,12569.0,62034.0,18090.0,12008.0,0.0,0.0,0.0,0.0,0.0,0.0,0.0,0.0
2002-06-01,350928.0,3930166.0,0.0,8.93,312686.0,3918823.0,0.0,7.98,201898.0,3674104.0,0.0,5.5,0.0,0.0,0.0,0.0,7546857.0,11850.0,1060588.0,7934863.0,12796.0,66846.0,20577.0,12335.0,0.0,0.0,0.0,0.0,0.0,0.0,0.0,0.0
2002-07-01,520492.0,5814414.0,0.0,8.95,348425.0,4254783.0,0.0,8.19,187381.0,3548152.0,0.0,5.28,0.0,0.0,0.0,0.0,8549614.0,12174.0,2408699.0,7964372.0,7676.0,76876.0,23684.0,41579.0,0.0,0.0,0.0,0.0,0.0,0.0,0.0,0.0
2002-08-01,464865.0,5227400.0,0.0,8.89,346976.0,4280081.0,0.0,8.11,191385.0,3474410.0,0.0,5.51,0.0,0.0,0.0,0.0,8543784.0,12149.0,1709553.0,8197535.0,10875.0,78733.0,23063.0,21114.0,0.0,0.0,0.0,0.0,0.0,0.0,0.0,0.0
2002-09-01,329491.0,3694892.0,0.0,8.92,303199.0,3823673.0,0.0,7.93,179388.0,3374318.0,0.0,5.32,0.0,0.0,0.0,0.0,7861938.0,9871.0,825069.0,7615953.0,9675.0,69046.0,20374.0,30362.0,0.0,0.0,0.0,0.0,0.0,0.0,0.0,0.0
2002-10-01,244608.0,2840558.0,0.0,8.61,298926.0,3775264.0,0.0,7.92,158711.0,3282693.0,0.0,4.83,0.0,0.0,0.0,0.0,7292340.0,9144.0,278390.0,7553097.0,9789.0,50002.0,18948.0,16066.0,0.0,0.0,0.0,0.0,0.0,0.0,0.0,0.0
2002-11-01,244606.0,3125007.0,0.0,7.83,244031.0,3429190.0,0.0,7.12,142808.0,3128818.0,0.0,4.56,0.0,0.0,0.0,0.0,6752771.0,9590.0,160794.0,7607143.0,7709.0,49056.0,18057.0,8917.0,0.0,0.0,0.0,0.0,0.0,0.0,0.0,0.0
2002-12-01,298603.0,4004956.0,0.0,7.46,246744.0,3545988.0,0.0,6.96,139362.0,3010539.0,0.0,4.63,0.0,0.0,0.0,0.0,7265869.0,11697.0,189920.0,8377671.0,12282.0,51464.0,19612.0,11597.0,0.0,0.0,0.0,0.0,0.0,0.0,0.0,0.0
2003-01-01,329664.0,4453756.0,0.0,7.4,285973.0,4333514.0,0.0,6.6,168048.0,3495278.0,0.0,4.81,2566.0,43196.0,0.0,5.94,8426095.0,12120.0,325410.0,8139070.0,14407.0,76838.0,18562.0,218045.0,0.0,1643.0,0.0,0.0,0.0,0.0,0.0,0.0
2003-02-01,282241.0,3713555.0,0.0,7.6,274349.0,3937157.0,0.0,6.97,161906.0,3402338.0,0.0,4.76,2210.0,38879.0,0.0,5.68,7296289.0,10640.0,331507.0,7211423.0,10241.0,67534.0,16381.0,261038.0,0.0,1450.0,0.0,0.0,0.0,0.0,0.0,0.0
2003-03-01,275528.0,3496532.0,0.0,7.88,283852.0,4051201.0,0.0,7.01,168791.0,3453025.0,0.0,4.89,2723.0,45146.0,0.0,6.03,6595759.0,11313.0,252454.0,8525847.0,9474.0,67660.0,16855.0,166479.0,0.0,1492.0,0.0,0.0,0.0,0.0,0.0,0.0
2003-04-01,235379.0,2755042.0,0.0,8.54,273936.0,3704530.0,0.0,7.39,168641.0,3635147.0,0.0,4.64,2083.0,35413.0,0.0,5.88,5976905.0,10259.0,213904.0,7660766.0,9317.0,62657.0,15137.0,79437.0,0.0,1340.0,0.0,0.0,0.0,0.0,0.0,0.0
2003-05-01,233201.0,2639764.0,0.0,8.83,280111.0,3858992.0,0.0,7.26,179412.0,3700848.0,0.0,4.85,2581.0,42336.0,0.0,6.1,5914922.0,9839.0,188274.0,8115495.0,16595.0,65390.0,15447.0,12895.0,0.0,1367.0,0.0,0.0,0.0,0.0,0.0,0.0
2003-06-01,279983.0,3033990.0,0.0,9.23,318241.0,4137134.0,0.0,7.69,182562.0,3819176.0,0.0,4.78,2641.0,42701.0,0.0,6.18,7036953.0,10987.0,299853.0,7727615.0,12482.0,60100.0,16383.0,48424.0,0.0,1450.0,0.0,0.0,0.0,0.0,0.0,0.0
2003-07-01,434504.0,4797690.0,0.0,9.06,371096.0,4666089.0,0.0,7.95,194913.0,3673394.0,0.0,5.31,2549.0,38227.0,0.0,6.67,8463429.0,12436.0,588363.0,8356559.0,14431.0,64180.0,18947.0,73182.0,0.0,1677.0,0.0,0.0,0.0,0.0,0.0,0.0
2003-08-01,447556.0,4987108.0,0.0,8.97,384559.0,4893595.0,0.0,7.86,207753.0,4054321.0,0.0,5.12,2513.0,41553.0,0.0,6.05,8722187.0,13384.0,1077026.0,8547380.0,16629.0,71736.0,20088.0,182031.0,0.0,1778.0,0.0,0.0,0.0,0.0,0.0,0.0
2003-09-01,323760.0,3657078.0,0.0,8.85,303838.0,4001556.0,0.0,7.59,173101.0,3564984.0,0.0,4.86,2388.0,42155.0,0.0,5.66,7397623.0,12270.0,180538.0,7932780.0,10178.0,68833.0,16833.0,9310.0,0.0,1490.0,0.0,0.0,0.0,0.0,0.0,0.0
2003-10-01,232180.0,2676564.0,0.0,8.67,306339.0,4072070.0,0.0,7.52,173388.0,3534210.0,0.0,4.91,2392.0,40856.0,0.0,5.85,6725157.0,11599.0,142047.0,7682082.0,15694.0,63873.0,15790.0,9841.0,0.0,1398.0,0.0,0.0,0.0,0.0,0.0,0.0
2003-11-01,239124.0,2945992.0,0.0,8.12,266664.0,3896570.0,0.0,6.84,154169.0,3346568.0,0.0,4.61,1707.0,34479.0,0.0,4.95,7352579.0,11070.0,136172.0,7010365.0,13692.0,65959.0,15737.0,10716.0,0.0,1393.0,0.0,0.0,0.0,0.0,0.0,0.0
2003-12-01,302688.0,4004261.0,0.0,7.56,268662.0,4008432.0,0.0,6.7,158821.0,3362480.0,0.0,4.72,2044.0,39008.0,0.0,5.24,8073451.0,12583.0,166915.0,7823654.0,13278.0,66166.0,17466.0,49519.0,0.0,1546.0,0.0,0.0,0.0,0.0,0.0,0.0
2004-01-01,337700.0,4579205.0,0.0,7.37,268598.0,3911979.0,0.0,6.87,172969.0,3724979.0,0.0,4.64,2261.0,45926.0,0.0,4.92,8731562.0,9139.0,222200.0,7704823.0,7943.0,61177.0,20453.0,175462.0,0.0,397.0,0.0,0.0,0.0,0.0,0.0,0.0
2004-02-01,288502.0,3807600.0,0.0,7.58,275101.0,4042702.0,0.0,6.8,161398.0,3572236.0,0.0,4.52,3078.0,57196.0,0.0,5.38,8087741.0,9332.0,201229.0,6750693.0,5658.0,59881.0,19802.0,148739.0,0.0,3410.0,0.0,0.0,0.0,0.0,0.0,0.0
2004-03-01,275050.0,3361559.0,0.0,8.18,279194.0,3820452.0,0.0,7.31,168470.0,3804166.0,0.0,4.43,2208.0,37125.0,0.0,5.95,7257778.0,12990.0,168247.0,7504307.0,12998.0,62246.0,21279.0,119829.0,0.0,7879.0,0.0,0.0,0.0,0.0,0.0,0.0
2004-04-01,237855.0,2810255.0,0.0,8.46,270520.0,3628665.0,0.0,7.46,166989.0,3742707.0,0.0,4.46,1815.0,30795.0,0.0,5.89,6179424.0,12781.0,99080.0,7717765.0,8281.0,61497.0,21637.0,68968.0,0.0,9792.0,0.0,0.0,0.0,0.0,0.0,0.0
2004-05-01,255092.0,2910507.0,0.0,8.76,294108.0,3868516.0,0.0,7.6,187249.0,4287443.0,0.0,4.37,2043.0,36334.0,0.0,5.62,7398024.0,15661.0,495052.0,7861620.0,9810.0,62447.0,19348.0,9820.0,0.0,9218.0,0.0,0.0,0.0,0.0,0.0,0.0
2004-06-01,338684.0,3773340.0,0.0,8.98,326241.0,4107415.0,0.0,7.94,194754.0,4121525.0,0.0,4.73,1713.0,29046.0,0.0,5.9,7707829.0,17563.0,521225.0,7985536.0,12664.0,62630.0,19155.0,55557.0,0.0,4571.0,0.0,0.0,0.0,0.0,0.0,0.0
2004-07-01,415901.0,4554788.0,0.0,9.13,364501.0,4447250.0,0.0,8.2,207470.0,4117540.0,0.0,5.04,2502.0,37357.0,0.0,6.7,8593354.0,18050.0,603423.0,8168711.0,12308.0,63499.0,19011.0,18664.0,0.0,3382.0,0.0,0.0,0.0,0.0,0.0,0.0
2004-08-01,369629.0,4084075.0,0.0,9.05,342990.0,4166782.0,0.0,8.23,221579.0,4099850.0,0.0,5.4,2220.0,39036.0,0.0,5.69,8191018.0,15962.0,529793.0,8117347.0,11833.0,63151.0,19302.0,35021.0,0.0,3867.0,0.0,0.0,0.0,0.0,0.0,0.0
2004-09-01,328806.0,3655813.0,0.0,8.99,333308.0,4154750.0,0.0,8.02,194942.0,4252497.0,0.0,4.58,2047.0,32724.0,0.0,6.26,7964478.0,9708.0,273019.0,7800330.0,12444.0,62206.0,19650.0,18378.0,0.0,4730.0,0.0,0.0,0.0,0.0,0.0,0.0
2004-10-01,243515.0,2858285.0,0.0,8.52,287956.0,3735725.0,0.0,7.71,191644.0,3950976.0,0.0,4.85,2120.0,35350.0,0.0,6.0,7434396.0,7865.0,79212.0,7608868.0,14518.0,61653.0,23766.0,29693.0,0.0,8899.0,0.0,0.0,0.0,0.0,0.0,0.0
2004-11-01,241035.0,3003329.0,0.0,8.03,258050.0,3612395.0,0.0,7.14,175999.0,4296299.0,0.0,4.1,1704.0,31142.0,0.0,5.47,7926973.0,12429.0,67519.0,6889927.0,9040.0,61546.0,21952.0,39005.0,0.0,9089.0,0.0,0.0,0.0,0.0,0.0,0.0
2004-12-01,306494.0,4043776.0,0.0,7.58,269164.0,3861746.0,0.0,6.97,188148.0,4037790.0,0.0,4.66,1636.0,33007.0,0.0,4.96,8929049.0,12048.0,133313.0,7937396.0,14143.0,61993.0,20652.0,43206.0,0.0,12839.0,0.0,0.0,0.0,0.0,0.0,0.0
2005-01-01,339815.0,4677181.0,0.0,7.27,280068.0,4037769.0,0.0,6.94,164085.0,3421021.0,0.0,4.8,3947.0,68325.0,0.0,5.78,8475630.0,14090.0,405265.0,8373835.0,10706.0,50090.0,19201.0,44686.0,0.0,6460.0,0.0,0.0,0.0,0.0,0.0,0.0
2005-02-01,270328.0,3454342.0,0.0,7.83,273197.0,3769263.0,0.0,7.25,155889.0,3622963.0,0.0,4.3,2574.0,51619.0,0.0,4.99,7098880.0,13061.0,181918.0,6737497.0,5967.0,44665.0,16014.0,33350.0,0.0,7130.0,0.0,0.0,0.0,0.0,0.0,0.0
2005-03-01,291084.0,3655383.0,0.0,7.96,299093.0,4086774.0,0.0,7.32,166917.0,3788736.0,0.0,4.41,1200.0,27244.0,0.0,4.4,7379052.0,14221.0,434007.0,6645577.0,3075.0,51055.0,18798.0,34113.0,0.0,9733.0,0.0,0.0,0.0,0.0,0.0,0.0
2005-04-01,238284.0,2818253.0,0.0,8.46,273242.0,3621467.0,0.0,7.55,163604.0,3701464.0,0.0,4.42,2499.0,44407.0,0.0,5.63,6303066.0,11831.0,418564.0,7217631.0,3895.0,51403.0,16254.0,33606.0,0.0,10413.0,0.0,0.0,0.0,0.0,0.0,0.0
2005-05-01,244490.0,2798093.0,0.0,8.74,295454.0,3859597.0,0.0,7.66,175118.0,3953390.0,0.0,4.43,2091.0,33936.0,0.0,6.16,6436679.0,10498.0,272460.0,7949098.0,2582.0,56129.0,17823.0,21204.0,0.0,8871.0,0.0,0.0,0.0,0.0,0.0,0.0
2005-06-01,396484.0,4465607.0,0.0,8.88,386360.0,4688796.0,0.0,8.24,200311.0,4282795.0,0.0,4.68,2377.0,42010.0,0.0,5.66,8098370.0,10545.0,1194160.0,7996789.0,1973.0,55398.0,16679.0,28195.0,0.0,5208.0,0.0,0.0,0.0,0.0,0.0,0.0
2005-07-01,532180.0,5931027.0,0.0,8.97,385391.0,4630532.0,0.0,8.32,200562.0,3861955.0,0.0,5.19,1343.0,15526.0,0.0,8.65,8526051.0,11035.0,1354566.0,8362472.0,2312.0,57708.0,16439.0,31607.0,0.0,3063.0,0.0,0.0,0.0,0.0,0.0,0.0
2005-08-01,501458.0,5651258.0,0.0,8.87,390000.0,4680956.0,0.0,8.33,199116.0,4117662.0,0.0,4.84,3775.0,65980.0,0.0,5.72,8561865.0,10175.0,1380138.0,8384912.0,2245.0,57331.0,15815.0,34908.0,0.0,2271.0,0.0,0.0,0.0,0.0,0.0,0.0
2005-09-01,365833.0,4106419.0,0.0,8.91,360443.0,4409067.0,0.0,8.18,186252.0,3958769.0,0.0,4.7,2550.0,44712.0,0.0,5.7,8071950.0,10370.0,740819.0,7520201.0,1844.0,53653.0,17216.0,14483.0,0.0,4889.0,0.0,0.0,0.0,0.0,0.0,0.0
2005-10-01,286133.0,3350609.0,0.0,8.54,342620.0,4130316.0,0.0,8.3,170866.0,3718200.0,0.0,4.6,2522.0,43950.0,0.0,5.74,7234716.0,7212.0,301487.0,8076499.0,1574.0,54240.0,16700.0,13908.0,0.0,6519.0,0.0,0.0,0.0,0.0,0.0,0.0
2005-11-01,264339.0,3288974.0,0.0,8.04,285000.0,3844003.0,0.0,7.41,156754.0,3508453.0,0.0,4.47,2205.0,39651.0,0.0,5.56,7167040.0,7571.0,184029.0,7449865.0,1627.0,55748.0,15743.0,15325.0,0.0,11643.0,0.0,0.0,0.0,0.0,0.0,0.0
2005-12-01,324452.0,4395454.0,0.0,7.38,303869.0,4218727.0,0.0,7.2,175446.0,3952853.0,0.0,4.44,2564.0,50727.0,0.0,5.05,8911891.0,8429.0,246838.0,8548625.0,1997.0,54316.0,12117.0,21803.0,0.0,64946.0,0.0,0.0,0.0,0.0,0.0,0.0
2006-01-01,305882.0,4116696.0,0.0,7.43,292421.0,4045171.0,0.0,7.23,170413.0,3980877.0,0.0,4.28,2695.0,55706.0,0.0,4.84,8029087.0,14945.0,113463.0,8143980.0,3172.0,51669.0,7074.0,14004.0,0.0,19461.0,0.0,0.0,0.0,0.0,0.0,0.0
2006-02-01,288810.0,3643338.0,0.0,7.93,295007.0,3949125.0,0.0,7.47,158794.0,3724694.0,0.0,4.26,2382.0,41997.0,0.0,5.67,7555883.0,13168.0,133625.0,6633484.0,3279.0,48318.0,16498.0,20808.0,0.0,18155.0,0.0,0.0,0.0,0.0,0.0,0.0
2006-03-01,288344.0,3646834.0,0.0,7.91,307480.0,4137882.0,0.0,7.43,166128.0,3853899.0,0.0,4.31,2584.0,48336.0,0.0,5.35,7514761.0,13428.0,175614.0,7631948.0,3645.0,53335.0,16984.0,3855.0,0.0,23334.0,0.0,0.0,0.0,0.0,0.0,0.0
2006-04-01,248693.0,2941218.0,0.0,8.46,295172.0,3817593.0,0.0,7.73,162307.0,3780035.0,0.0,4.29,2137.0,39192.0,0.0,5.45,5732385.0,15008.0,378527.0,7332886.0,3193.0,39052.0,14857.0,7547.0,0.0,29412.0,0.0,0.0,0.0,0.0,0.0,0.0
2006-05-01,282210.0,3165272.0,0.0,8.92,327825.0,4147828.0,0.0,7.9,163550.0,3630527.0,0.0,4.5,2382.0,40002.0,0.0,5.95,6621869.0,16956.0,451371.0,7991992.0,3229.0,47634.0,10931.0,7347.0,0.0,20820.0,0.0,0.0,0.0,0.0,0.0,0.0
2006-06-01,346222.0,3900566.0,0.0,8.88,375350.0,4362361.0,0.0,8.6,189535.0,3758025.0,0.0,5.04,2046.0,38841.0,0.0,5.27,7387603.0,16309.0,524276.0,8250934.0,2340.0,49064.0,14167.0,9620.0,0.0,14134.0,0.0,0.0,0.0,0.0,0.0,0.0
2006-07-01,528318.0,5776437.0,0.0,9.15,420505.0,4835826.0,0.0,8.7,201986.0,3871048.0,0.0,5.22,2786.0,40822.0,0.0,6.82,8671102.0,16749.0,1386199.0,8416420.0,2864.0,51515.0,12063.0,22785.0,0.0,12560.0,0.0,0.0,0.0,0.0,0.0,0.0
2006-08-01,464949.0,5214003.0,0.0,8.92,423680.0,4942261.0,0.0,8.57,208698.0,3973983.0,0.0,5.25,2528.0,44304.0,0.0,5.71,8820723.0,16520.0,1213879.0,8369478.0,3834.0,51727.0,9645.0,14789.0,0.0,10335.0,0.0,0.0,0.0,0.0,0.0,0.0
2006-09-01,295754.0,3212110.0,0.0,9.21,350985.0,4181514.0,0.0,8.39,184774.0,3692772.0,0.0,5.0,2622.0,44956.0,0.0,5.83,7515539.0,12726.0,218788.0,7665062.0,3353.0,48238.0,8438.0,8927.0,0.0,14572.0,0.0,0.0,0.0,0.0,0.0,0.0
2006-10-01,277596.0,3179371.0,0.0,8.73,339935.0,4196418.0,0.0,8.1,173233.0,3672797.0,0.0,4.72,2680.0,44948.0,0.0,5.96,7986067.0,12165.0,281514.0,7634107.0,3733.0,51353.0,17001.0,8225.0,0.0,27617.0,0.0,0.0,0.0,0.0,0.0,0.0
2006-11-01,267933.0,3444677.0,0.0,7.78,288464.0,3877122.0,0.0,7.44,158504.0,3453012.0,0.0,4.59,1748.0,32485.0,0.0,5.38,7778911.0,12775.0,244884.0,7547479.0,2913.0,51810.0,8027.0,6882.0,0.0,28312.0,0.0,0.0,0.0,0.0,0.0,0.0
2006-12-01,312498.0,4140965.0,0.0,7.55,308310.0,4137815.0,0.0,7.45,168001.0,3524755.0,0.0,4.77,2401.0,47397.0,0.0,5.07,8034832.0,12524.0,156858.0,8536370.0,2828.0,50545.0,13138.0,10958.0,0.0,35859.0,0.0,0.0,0.0,0.0,0.0,0.0
2007-01-01,415957.0,4320952.0,4512325.0,9.63,330871.0,3917230.0,510532.0,8.45,265976.0,3973416.0,2409.0,6.69,3843.0,73621.0,21.0,5.22,9112429.0,12595.0,295279.0,8607602.0,3089.0,43557.0,15000.0,7878.0,0.0,27820.0,0.0,0.0,0.0,0.0,0.0,0.0
2007-02-01,388476.0,4040207.0,4550335.0,9.62,345883.0,4016957.0,516981.0,8.61,222541.0,3441995.0,2350.0,6.47,2549.0,40129.0,19.0,6.35,8061962.0,9102.0,575958.0,7606105.0,1138.0,43226.0,14055.0,15850.0,0.0,21225.0,0.0,0.0,0.0,0.0,0.0,0.0
2007-03-01,328310.0,3345223.0,4576958.0,9.81,355904.0,4283301.0,513555.0,8.31,247614.0,3858774.0,2021.0,6.42,4862.0,46439.0,19.0,10.47,8112856.0,13815.0,372427.0,8017388.0,1732.0,44580.0,14827.0,10185.0,0.0,28410.0,0.0,0.0,0.0,0.0,0.0,0.0
2007-04-01,304539.0,2921761.0,4562337.0,10.42,322033.0,3832796.0,513241.0,8.4,256262.0,4194377.0,2222.0,6.11,3218.0,52203.0,19.0,6.16,6488410.0,17150.0,396405.0,7389973.0,1305.0,49807.0,10686.0,10670.0,0.0,51178.0,0.0,0.0,0.0,0.0,0.0,0.0
2007-05-01,329029.0,3234828.0,4571941.0,10.17,371084.0,4451710.0,515537.0,8.34,262345.0,3970030.0,2215.0,6.61,1888.0,24935.0,19.0,7.57,6480593.0,13350.0,576618.0,7862510.0,2175.0,57934.0,12588.0,9394.0,0.0,64469.0,0.0,0.0,0.0,0.0,0.0,0.0
2007-06-01,454914.0,4301243.0,4558248.0,10.58,387759.0,4638575.0,514438.0,8.36,260288.0,3892503.0,2202.0,6.69,2462.0,41510.0,19.0,5.93,7949633.0,13876.0,693071.0,8076611.0,1003.0,55864.0,7199.0,9127.0,0.0,40000.0,0.0,0.0,0.0,0.0,0.0,0.0
2007-07-01,499460.0,5048009.0,4578628.0,9.89,403799.0,4678486.0,517901.0,8.63,265204.0,3906172.0,2289.0,6.79,2700.0,45054.0,19.0,5.99,8569534.0,13434.0,832120.0,8492263.0,1699.0,57867.0,7314.0,9690.0,0.0,26204.0,0.0,0.0,0.0,0.0,0.0,0.0
2007-08-01,576708.0,5602646.0,4558206.0,10.29,442116.0,5049910.0,515490.0,8.75,276410.0,3890321.0,2305.0,7.11,2677.0,44366.0,19.0,6.03,8874193.0,16595.0,1913805.0,8376514.0,2136.0,59262.0,11704.0,7154.0,0.0,25957.0,0.0,0.0,0.0,0.0,0.0,0.0
2007-09-01,420567.0,4078487.0,4580911.0,10.31,387654.0,4488522.0,516500.0,8.64,249574.0,3639073.0,2414.0,6.86,2660.0,43780.0,19.0,6.08,8012122.0,13814.0,670131.0,8084333.0,1544.0,54049.0,10855.0,11277.0,0.0,66287.0,0.0,0.0,0.0,0.0,0.0,0.0
2007-10-01,348139.0,3241843.0,4580315.0,10.74,379513.0,4212560.0,523637.0,9.01,245197.0,3749949.0,2376.0,6.54,2506.0,39376.0,19.0,6.36,8040254.0,10157.0,626881.0,7029437.0,2274.0,65088.0,12680.0,13930.0,0.0,105663.0,0.0,0.0,0.0,0.0,0.0,0.0
2007-11-01,367909.0,3477880.0,4557981.0,10.58,361986.0,4277135.0,521033.0,8.46,228777.0,3438302.0,2513.0,6.65,2526.0,40437.0,19.0,6.25,7277721.0,8337.0,276004.0,7739593.0,1510.0,46323.0,10348.0,14551.0,0.0,95423.0,0.0,0.0,0.0,0.0,0.0,0.0
2007-12-01,429288.0,4423182.0,4595292.0,9.71,372929.0,4196054.0,521746.0,8.89,221161.0,3475388.0,2219.0,6.36,3169.0,53502.0,19.0,5.92,8285206.0,11503.0,312829.0,8446516.0,1374.0,42767.0,7013.0,11962.0,0.0,111790.0,0.0,0.0,0.0,0.0,0.0,0.0
2008-01-01,437953.0,4581804.0,5106975.0,9.56,375893.0,4429727.0,587506.0,8.49,251590.0,3796325.0,6029.0,6.63,3946.0,65566.0,4.0,6.02,8765045.0,12418.0,385701.0,7594320.0,362.0,53989.0,4050.0,16346.0,0.0,240282.0,51.0,0.0,0.0,0.0,0.0,0.0
2008-02-01,405512.0,4103932.0,5087529.0,9.88,367675.0,4291873.0,584592.0,8.57,264674.0,3750865.0,5959.0,7.06,3340.0,51866.0,4.0,6.44,8339434.0,12450.0,304766.0,7030869.0,1782.0,54882.0,3534.0,13533.0,0.0,189368.0,45.0,0.0,0.0,0.0,0.0,0.0
2008-03-01,371781.0,3563223.0,5125499.0,10.43,362236.0,4097597.0,589905.0,8.84,277438.0,3852987.0,6022.0,7.2,3647.0,56834.0,4.0,6.42,8134389.0,13243.0,220882.0,7710650.0,1880.0,34195.0,3681.0,11880.0,0.0,200506.0,0.0,0.0,0.0,0.0,0.0,0.0
2008-04-01,333179.0,3023171.0,5087974.0,11.02,351778.0,3827461.0,584927.0,9.19,264639.0,3695475.0,5986.0,7.16,3088.0,45948.0,4.0,6.72,6992882.0,13426.0,168708.0,7556978.0,4120.0,61637.0,3669.0,12118.0,0.0,225547.0,259.0,0.0,0.0,0.0,0.0,0.0
2008-05-01,336659.0,2902619.0,5109471.0,11.6,365492.0,4005532.0,592907.0,9.12,263003.0,3752726.0,6052.0,7.01,2692.0,39675.0,4.0,6.79,6435769.0,12546.0,140718.0,8069873.0,7376.0,62903.0,4091.0,13312.0,0.0,208232.0,256.0,0.0,0.0,0.0,0.0,0.0
2008-06-01,484195.0,4186258.0,5135752.0,11.57,441330.0,4533618.0,614603.0,9.73,276290.0,3786565.0,6113.0,7.3,3342.0,38583.0,4.0,8.66,8182644.0,13103.0,527730.0,8260735.0,7671.0,61214.0,5818.0,9676.0,0.0,159713.0,0.0,0.0,0.0,0.0,0.0,0.0
2008-07-01,577136.0,5056748.0,5094980.0,11.41,467533.0,4894312.0,586053.0,9.55,331170.0,4032755.0,6060.0,8.21,3691.0,45023.0,4.0,8.2,8894673.0,9799.0,909380.0,8501885.0,5066.0,60370.0,6298.0,8032.0,0.0,81728.0,0.0,0.0,0.0,0.0,0.0,0.0
2008-08-01,519552.0,4621272.0,5095430.0,11.24,456983.0,4716174.0,586136.0,9.69,312241.0,4006514.0,6051.0,7.79,3841.0,47305.0,4.0,8.12,9024548.0,10008.0,567403.0,8486663.0,4712.0,62903.0,7552.0,11367.0,0.0,69481.0,0.0,0.0,0.0,0.0,0.0,0.0
2008-09-01,398873.0,3430717.0,5087778.0,11.63,412494.0,4333590.0,581128.0,9.52,296456.0,3882628.0,6014.0,7.64,3727.0,45254.0,4.0,8.24,7719100.0,13945.0,326689.0,8016186.0,2779.0,63325.0,4208.0,11655.0,0.0,92940.0,0.0,0.0,0.0,0.0,0.0,0.0
2008-10-01,376832.0,3128430.0,5080545.0,12.05,410699.0,4314742.0,576302.0,9.52,289615.0,3854562.0,5967.0,7.51,3349.0,39287.0,4.0,8.52,7887372.0,9194.0,169144.0,7871764.0,4506.0,61637.0,3865.0,10215.0,0.0,228750.0,0.0,0.0,0.0,0.0,0.0,0.0
2008-11-01,436406.0,3564287.0,5094198.0,12.24,372250.0,3899905.0,579791.0,9.55,253176.0,3521741.0,5988.0,7.19,3405.0,39233.0,4.0,8.68,7920207.0,7103.0,169156.0,7890787.0,4312.0,59103.0,3173.0,12847.0,0.0,298031.0,0.0,0.0,0.0,0.0,0.0,0.0
2008-12-01,499612.0,4617884.0,5076820.0,10.82,402066.0,4425946.0,575493.0,9.08,258649.0,3570044.0,5941.0,7.24,4564.0,51328.0,4.0,8.89,8347977.0,11314.0,369591.0,8160984.0,4882.0,61214.0,3934.0,11748.0,0.0,342418.0,0.0,0.0,0.0,0.0,0.0,0.0
2009-01-01,514857.0,4772416.0,5093032.0,10.79,416146.0,4540378.0,576207.0,9.17,265099.0,3589211.0,5949.0,7.39,5608.0,67984.0,4.0,8.25,8355685.0,9520.0,530329.0,8270800.0,1854.0,68421.0,10018.0,13066.0,0.0,251847.0,0.0,0.0,0.0,0.0,0.0,0.0
2009-02-01,411677.0,3589383.0,5114680.0,11.47,368801.0,3894749.0,576824.0,9.47,238853.0,3293731.0,5978.0,7.25,4321.0,52519.0,4.0,8.23,7005825.0,10845.0,305260.0,7471163.0,2630.0,53606.0,12167.0,2722.0,0.0,301695.0,0.0,0.0,0.0,0.0,0.0,0.0
2009-03-01,413678.0,3524711.0,5093270.0,11.74,378963.0,4052842.0,574758.0,9.35,251108.0,3516486.0,5899.0,7.14,3796.0,43000.0,4.0,8.83,6522641.0,13367.0,374876.0,8522238.0,3376.0,51072.0,5821.0,13553.0,0.0,263866.0,0.0,0.0,0.0,0.0,0.0,0.0
2009-04-01,367526.0,3071024.0,5084667.0,11.97,352608.0,3819528.0,574492.0,9.23,224813.0,3225884.0,5869.0,6.97,3363.0,38580.0,4.0,8.72,6917201.0,14701.0,366660.0,7493003.0,3080.0,45419.0,2918.0,11153.0,0.0,305906.0,0.0,0.0,0.0,0.0,0.0,0.0
2009-05-01,353851.0,2910315.0,5074669.0,12.16,361348.0,3950694.0,577806.0,9.15,232559.0,3385388.0,5887.0,6.87,3492.0,40385.0,4.0,8.65,6642558.0,13350.0,325766.0,7762474.0,5485.0,58479.0,5041.0,8219.0,0.0,204046.0,0.0,0.0,0.0,0.0,0.0,0.0
2009-06-01,463041.0,4063311.0,5069021.0,11.4,400765.0,4394984.0,574126.0,9.12,240901.0,3443122.0,5917.0,7.0,3294.0,36185.0,4.0,9.1,7254384.0,12995.0,655868.0,8223770.0,7907.0,49123.0,10892.0,12236.0,0.0,147550.0,0.0,0.0,0.0,0.0,0.0,0.0
2009-07-01,452699.0,4128309.0,5057908.0,10.97,404197.0,4460338.0,574203.0,9.06,254032.0,3523203.0,5914.0,7.21,3176.0,36639.0,4.0,8.67,8067351.0,11388.0,400439.0,8375522.0,6190.0,59064.0,13418.0,9232.0,0.0,97175.0,0.0,0.0,0.0,0.0,0.0,0.0
2009-08-01,483055.0,4333577.0,5062273.0,11.15,415646.0,4618400.0,576135.0,9.0,253066.0,3626570.0,5883.0,6.98,3961.0,45896.0,4.0,8.63,8035604.0,10633.0,709145.0,8266934.0,8423.0,57309.0,6540.0,10094.0,0.0,146874.0,0.0,0.0,0.0,0.0,0.0,0.0
2009-09-01,393804.0,3431146.0,5049240.0,11.48,387847.0,4279301.0,573810.0,9.06,247630.0,3546602.0,5874.0,6.98,3443.0,42905.0,4.0,8.02,7289981.0,9340.0,444547.0,7626214.0,7103.0,47563.0,8885.0,6489.0,0.0,100979.0,461.0,0.0,0.0,0.0,0.0,0.0
2009-10-01,352435.0,3087179.0,5053930.0,11.42,355154.0,4004609.0,575661.0,8.87,242383.0,3502420.0,5835.0,6.92,3087.0,38165.0,4.0,8.09,7562881.0,10167.0,144294.0,7241858.0,7657.0,68226.0,827.0,10292.0,0.0,259241.0,0.0,0.0,0.0,0.0,0.0,0.0
2009-11-01,358047.0,3221557.0,5074562.0,11.11,336070.0,3857723.0,577984.0,8.71,225025.0,3304441.0,5852.0,6.81,2996.0,38246.0,4.0,7.83,7457270.0,9865.0,109920.0,7666455.0,4853.0,76997.0,6976.0,8024.0,0.0,329362.0,0.0,0.0,0.0,0.0,0.0,0.0
2009-12-01,431722.0,4191564.0,5071085.0,10.3,374733.0,4455733.0,577570.0,8.41,235877.0,3550258.0,5839.0,6.64,3705.0,46876.0,4.0,7.9,8855479.0,10209.0,127617.0,8553489.0,3261.0,74464.0,4871.0,7451.0,16.0,410992.0,0.0,0.0,0.0,0.0,0.0,0.0
2010-01-01,480261.0,4833412.0,5074906.0,9.94,389392.0,4484554.0,578632.0,8.68,256263.0,3655831.0,6018.0,7.01,4435.0,66441.0,4.0,6.68,8935170.0,6219.0,313947.0,8079722.0,3313.0,57547.0,6728.0,8816.0,117.0,357099.0,0.0,0.0,0.0,0.0,0.0,0.0
2010-02-01,425852.0,4033063.0,5079337.0,10.56,350705.0,4036979.0,577104.0,8.69,246971.0,3641089.0,6087.0,6.78,3397.0,47201.0,4.0,7.2,8189664.0,4533.0,208846.0,7034281.0,5262.0,52464.0,8862.0,7971.0,401.0,242228.0,0.0,0.0,0.0,0.0,0.0,0.0
2010-03-01,386821.0,3523254.0,5090297.0,10.98,353823.0,3965726.0,578383.0,8.92,228636.0,3271895.0,5928.0,6.99,3694.0,55835.0,4.0,6.62,7899316.0,7351.0,162048.0,8088841.0,5024.0,59205.0,6250.0,10181.0,927.0,402131.0,0.0,0.0,0.0,0.0,0.0,0.0
2010-04-01,330399.0,2846327.0,5082494.0,11.61,332659.0,3819258.0,578862.0,8.71,234043.0,3517537.0,5999.0,6.65,2704.0,37959.0,4.0,7.12,6085115.0,9655.0,156424.0,7587992.0,4906.0,52146.0,13125.0,9241.0,1350.0,502844.0,0.0,0.0,0.0,0.0,0.0,0.0
2010-05-01,376454.0,3123277.0,5068061.0,12.05,351148.0,4001820.0,577648.0,8.77,250807.0,3704677.0,5963.0,6.77,2714.0,40167.0,4.0,6.76,6216269.0,14102.0,402492.0,8369794.0,3051.0,61816.0,9270.0,9539.0,1860.0,391698.0,30.0,0.0,0.0,0.0,0.0,0.0
2010-06-01,549553.0,4327167.0,5064223.0,12.7,403917.0,4393958.0,577720.0,9.19,249885.0,3751808.0,6033.0,6.66,2913.0,39437.0,4.0,7.39,7672036.0,17516.0,716426.0,8262803.0,44122.0,60006.0,12895.0,10366.0,2108.0,218114.0,42.0,0.0,0.0,0.0,0.0,0.0
2010-07-01,726574.0,5990965.0,5059182.0,12.13,448520.0,4820393.0,578305.0,9.3,274935.0,3951811.0,6017.0,6.96,3122.0,46164.0,4.0,6.76,8734237.0,15768.0,1383603.0,8476941.0,43111.0,55917.0,24900.0,9139.0,1953.0,204755.0,12.0,0.0,0.0,0.0,0.0,0.0
2010-08-01,681391.0,5695706.0,5061221.0,11.96,484928.0,5167304.0,579147.0,9.38,296890.0,4072455.0,5662.0,7.29,2453.0,36358.0,4.0,6.75,8812276.0,15723.0,1489047.0,7936994.0,39602.0,57602.0,20685.0,11783.0,1856.0,196328.0,5.0,0.0,0.0,0.0,0.0,0.0
2010-09-01,443204.0,3771664.0,5054184.0,11.75,394838.0,4370839.0,577770.0,9.03,258896.0,3758317.0,6050.0,6.89,2710.0,40929.0,4.0,6.62,7212498.0,9952.0,312494.0,8209272.0,31000.0,61166.0,2204.0,8624.0,1572.0,373403.0,14.0,0.0,0.0,0.0,0.0,0.0
2010-10-01,361280.0,2957068.0,5064352.0,12.22,364042.0,4102193.0,579611.0,8.87,241056.0,3644454.0,6041.0,6.61,2745.0,43030.0,3.0,6.38,7562056.0,5493.0,110454.0,7718112.0,31231.0,42145.0,12625.0,8273.0,826.0,524235.0,18.0,0.0,0.0,0.0,0.0,0.0
2010-11-01,371076.0,3098572.0,5062616.0,11.98,343263.0,3933172.0,579530.0,8.73,230395.0,3492675.0,6029.0,6.6,2757.0,43221.0,3.0,6.38,7745787.0,5717.0,110603.0,7710112.0,46124.0,56732.0,21694.0,7954.0,767.0,609111.0,0.0,0.0,0.0,0.0,0.0,0.0
2010-12-01,466153.0,4382511.0,5079692.0,10.64,348030.0,4341217.0,582374.0,8.02,242281.0,3717574.0,6050.0,6.52,3985.0,63408.0,3.0,6.28,8546941.0,6515.0,357351.0,8714723.0,43350.0,53514.0,21407.0,7858.0,408.0,431688.0,0.0,0.0,0.0,0.0,0.0,0.0
2011-01-01,482954.0,4684229.0,5075394.0,10.31,354733.0,4394472.0,580176.0,8.07,243514.0,3807291.0,5831.0,6.4,3771.0,55702.0,3.0,6.77,8260933.66,7098.9,368966.77,8705373.0,32566.2,56403.25,30291.72,10648.87,301.52,406661.06,0.0,0.0,0.0,0.0,0.0,0.0
2011-02-01,444769.0,3975571.0,5100163.0,11.19,352194.0,4076089.0,582779.0,8.64,224630.0,3493299.0,5806.0,6.43,3245.0,49141.0,3.0,6.6,7583913.95,9922.27,255587.23,7124580.0,17579.61,44200.09,27251.12,5104.45,746.81,598325.34,10.02,0.0,0.0,0.0,0.0,0.0
2011-03-01,416558.0,3501740.0,5098420.0,11.9,345276.0,4029260.0,582128.0,8.57,241363.0,3721991.0,5811.0,6.48,3139.0,42416.0,3.0,7.4,7508036.6,13176.89,322275.06,7970497.0,27849.29,53035.77,28071.45,5436.21,1054.81,566831.6,8.77,0.0,0.0,0.0,0.0,0.0
2011-04-01,357919.0,3012842.0,5089207.0,11.88,327072.0,3779851.0,582400.0,8.65,226394.0,3574313.0,5775.0,6.33,2096.0,36389.0,3.0,5.76,6248652.62,13830.62,326723.95,7294013.0,23846.85,52950.52,5080.47,4710.21,1433.6,723407.5,52.23,0.0,0.0,0.0,0.0,0.0
2011-05-01,384496.0,3107957.0,5088224.0,12.37,347844.0,3935978.0,583326.0,8.84,227339.0,3577850.0,5760.0,6.35,2650.0,39872.0,3.0,6.65,6304614.05,12403.29,589162.03,7506546.0,13913.51,49160.92,29246.91,8566.35,1680.71,537856.54,54.07,0.0,0.0,0.0,0.0,0.0
2011-06-01,489145.0,4055735.0,5076312.0,12.06,387721.0,4307399.0,585162.0,9.0,250416.0,3750037.0,5814.0,6.68,3113.0,41813.0,3.0,7.45,8043938.12,15884.5,557019.54,7980149.0,23599.23,47206.01,28125.23,8164.99,1958.25,423141.88,22.32,0.0,0.0,0.0,0.0,0.0
2011-07-01,703933.0,5911006.0,5101031.0,11.91,430464.0,4889514.0,592351.0,8.8,254186.0,3912961.0,5857.0,6.5,2872.0,45739.0,3.0,6.28,8792362.71,10479.11,1660150.3,8419276.0,37701.4,57548.53,33122.62,7281.12,1666.24,239075.68,0.0,0.0,0.0,0.0,0.0,0.0
2011-08-01,596817.0,5168270.0,5082645.0,11.55,442347.0,4830347.0,590439.0,9.16,283091.0,4131584.0,5908.0,6.85,3176.0,42368.0,3.0,7.5,8496251.15,15631.72,920093.11,8492127.0,27385.33,62245.73,34900.9,4376.14,1745.05,224276.01,0.0,0.0,0.0,0.0,0.0,0.0
2011-09-01,470794.0,3690000.0,5083700.0,12.76,362351.0,4248523.0,591496.0,8.53,235796.0,3787660.0,5885.0,6.23,3018.0,41330.0,3.0,7.3,6947592.22,10504.11,313225.72,7982797.0,22076.58,60302.67,28988.18,6213.33,1298.13,401504.01,371.84,0.0,0.0,0.0,0.0,0.0
2011-10-01,376688.0,2931398.0,5092448.0,12.85,343183.0,4018623.0,592403.0,8.54,225715.0,3718038.0,5886.0,6.07,2186.0,32155.0,3.0,6.8,7075344.25,9050.97,211689.48,8041616.0,20193.64,51563.75,12042.27,7639.73,1071.63,511834.28,0.0,0.0,0.0,0.0,0.0,0.0
2011-11-01,390453.0,3154583.0,5081248.0,12.38,334354.0,3854648.0,591200.0,8.67,235765.0,3657627.0,5892.0,6.45,2967.0,45386.0,3.0,6.54,7041564.56,11051.11,171599.73,8186959.0,25607.02,51044.2,29701.59,6649.77,597.01,907870.39,0.0,0.0,0.0,0.0,0.0,0.0
2011-12-01,430580.0,3863671.0,5104653.0,11.14,333676.0,4103334.0,594132.0,8.13,230787.0,3711461.0,5881.0,6.22,2951.0,44105.0,3.0,6.69,7710121.5,11428.52,259306.98,8119263.0,26543.63,51919.01,31726.06,9449.15,508.24,672347.71,0.0,0.0,0.0,0.0,0.0,0.0
2012-01-01,465582.0,4152165.0,5092113.0,11.21,347279.0,4307733.0,586899.0,8.06,226277.0,3742946.0,6054.0,6.05,3298.0,46482.0,3.0,7.1,7480843.9,7898.07,620168.19,8730655.0,26105.83,61826.52,27926.34,5210.81,598.07,879779.67,0.0,0.0,0.0,0.0,0.0,0.0
2012-02-01,415664.0,3630596.0,5111627.0,11.45,325373.0,3946789.0,590126.0,8.24,215490.0,3649252.0,6039.0,5.91,3097.0,52479.0,3.0,5.9,6737568.29,10931.34,840546.95,7511149.0,31827.43,46440.58,27694.63,6782.78,907.63,612572.17,0.0,0.0,0.0,0.0,0.0,0.0
2012-03-01,385176.0,3218695.0,5107765.0,11.97,322851.0,3985623.0,586906.0,8.1,215312.0,3711637.0,6051.0,5.8,2910.0,44153.0,3.0,6.59,5414438.73,10200.22,946063.13,7901813.0,28990.66,49105.68,27607.32,4916.33,1660.86,868993.61,0.0,0.0,0.0,0.0,0.0,0.0
2012-04-01,338779.0,2722093.0,5106924.0,12.45,301526.0,3694692.0,587210.0,8.16,210740.0,3643840.0,6016.0,5.78,2714.0,40662.0,3.0,6.67,5219261.02,12987.08,1081144.84,7513070.0,19854.56,48724.38,9056.39,6187.32,2394.8,782452.46,0.0,0.0,0.0,0.0,0.0,0.0
2012-05-01,407924.0,3205656.0,5099561.0,12.73,335105.0,4056671.0,586993.0,8.26,229342.0,3824830.0,6005.0,6.0,2612.0,44823.0,3.0,5.83,6217773.87,10782.28,851411.6,7993568.0,30508.35,48914.53,27493.75,5702.5,3627.46,640691.08,0.0,0.0,0.0,0.0,0.0,0.0
2012-06-01,509025.0,4530627.0,5093198.0,11.24,348086.0,4486977.0,587760.0,7.76,216631.0,3818273.0,6044.0,5.67,3069.0,44409.0,3.0,6.91,6858839.87,10463.84,1465589.72,8248204.0,28437.37,65283.42,22905.27,5367.25,3873.92,564841.62,0.0,0.0,0.0,0.0,0.0,0.0
2012-07-01,684072.0,6329758.0,5083848.0,10.81,403733.0,5057892.0,587388.0,7.98,245696.0,4200105.0,6017.0,5.85,3260.0,48427.0,3.0,6.73,8098804.47,10053.71,2380625.53,8174880.0,30738.94,51769.78,25882.55,6238.53,3641.43,320405.11,0.0,0.0,0.0,0.0,0.0,0.0
2012-08-01,554930.0,5149124.0,5140065.0,10.78,385197.0,4821316.0,615265.0,7.99,239842.0,4047841.0,6229.0,5.93,2504.0,45624.0,3.0,5.49,7653434.58,6403.45,1126999.77,8403974.0,26359.93,53863.43,30030.87,5125.32,3321.94,276824.19,0.0,0.0,0.0,0.0,0.0,0.0
2012-09-01,434394.0,3825407.0,5082851.0,11.36,346099.0,4302719.0,588078.0,8.04,215442.0,3770848.0,6014.0,5.71,2764.0,49428.0,3.0,5.59,6204921.62,6567.81,776876.0,7556535.0,15537.58,52607.24,23784.71,5396.49,3296.55,443284.88,0.0,0.0,0.0,0.0,0.0,0.0
2012-10-01,359922.0,3022484.0,5083552.0,11.91,324933.0,4173530.0,588070.0,7.79,209837.0,3685846.0,6030.0,5.69,2201.0,40073.0,3.0,5.49,6295403.39,7941.3,319118.98,7923458.0,21769.45,49485.98,17699.77,6598.06,3079.12,771199.95,0.0,0.0,0.0,0.0,0.0,0.0
2012-11-01,368235.0,3243148.0,5087160.0,11.35,304146.0,3859490.0,587879.0,7.88,198886.0,3541696.0,5997.0,5.62,2770.0,47737.0,3.0,5.8,7079452.37,9385.44,460312.53,7794282.0,20576.67,43395.18,24975.29,8905.44,2273.48,607928.14,0.0,0.0,0.0,0.0,0.0,0.0
2012-12-01,411383.0,3872117.0,5095074.0,10.62,314149.0,4114483.0,589062.0,7.64,201589.0,3640330.0,6005.0,5.54,2795.0,48480.0,3.0,5.77,7566035.55,7593.46,320117.7,8649721.0,18754.09,43776.49,28533.43,4951.21,1981.76,957836.82,0.0,0.0,0.0,0.0,0.0,0.0
2013-01-01,445701.23,4276112.6,5114603.0,10.42,329980.31,4216714.0,596854.0,7.83,218776.53,3808560.7,6498.0,5.74,2807.58,51958.58,4.0,5.4,7812613.79,7074.64,418792.3,8695362.0,23998.56,55322.64,64477.47,7741.25,1763.37,1184614.57,0.0,0.0,0.0,0.0,0.0,0.0
2013-02-01,411295.53,3789573.4,5107001.0,10.85,319462.01,3935438.3,594765.0,8.12,213531.57,3676572.2,6469.0,5.81,2771.45,52852.12,4.0,5.24,7592779.44,10541.1,421261.53,7387027.0,20024.02,51422.91,19269.95,3428.47,2560.26,880494.9,0.0,0.0,0.0,0.0,0.0,0.0
2013-03-01,393712.68,3763457.2,5135445.0,10.46,330854.03,4093132.7,598409.0,8.08,217942.76,3698989.8,6512.0,5.89,2688.95,48836.53,4.0,5.51,7271650.57,12225.89,792202.11,8062070.0,20607.24,56179.14,23265.99,5052.61,3589.29,999112.11,0.0,0.0,0.0,0.0,0.0,0.0
2013-04-01,346890.17,3177405.4,5123047.0,10.92,326769.91,3979706.9,596713.0,8.21,212884.31,3586842.4,6468.0,5.94,2933.77,50930.16,4.0,5.76,6215153.21,11472.65,681382.71,6840248.0,19423.95,49235.16,22200.38,5156.45,3875.22,1077234.6,0.0,0.0,0.0,0.0,0.0,0.0
2013-05-01,376288.56,3164201.1,5123356.0,11.89,341504.2,3935179.7,597735.0,8.68,233798.09,3831537.3,6515.0,6.1,2619.92,45815.61,4.0,5.72,5892505.64,12258.58,493912.76,8635138.0,22811.34,54202.12,28171.28,11279.93,4388.66,765520.52,0.0,0.0,0.0,0.0,0.0,0.0
2013-06-01,403823.82,3819582.7,5114711.0,10.57,341865.63,4257937.6,594911.0,8.03,215004.6,3567988.9,6507.0,6.03,2399.64,42625.4,4.0,5.63,7092247.39,14294.53,456224.84,8300340.0,22631.19,49698.71,27105.14,6711.9,5067.85,594489.16,0.0,0.0,0.0,0.0,0.0,0.0
2013-07-01,512277.6,4904850.9,5116469.0,10.44,387379.13,4693534.5,596635.0,8.25,235244.1,3861605.3,6485.0,6.09,2753.93,46816.45,4.0,5.88,7818441.02,12058.86,1245834.89,8471071.0,25332.48,38350.37,33100.01,7286.64,4717.45,412604.18,0.0,0.0,0.0,0.0,0.0,0.0
2013-08-01,504655.48,4703030.9,5111035.0,10.73,391436.91,4646542.6,595903.0,8.42,240439.46,3939017.8,6471.0,6.1,2777.69,50802.17,4.0,5.47,7976456.74,8035.46,874971.48,8603769.0,25624.33,39782.66,27691.47,6014.11,5472.27,323330.85,0.0,0.0,0.0,0.0,0.0,0.0
2013-09-01,374343.39,3710810.8,5117088.0,10.09,343656.21,4288780.9,596841.0,8.01,222441.06,3626423.3,6519.0,6.13,2511.46,47124.72,3.0,5.33,7708145.02,7567.26,518499.0,7672711.0,26638.71,51540.6,26400.19,4808.18,5452.95,510968.94,0.0,0.0,0.0,0.0,0.0,0.0
2013-10-01,349967.49,3119075.1,5126467.0,11.22,344050.74,4165013.8,595805.0,8.26,219954.1,3678870.7,6486.0,5.98,1861.08,40115.84,3.0,4.64,7368789.18,7297.07,240174.19,7892743.0,20241.08,53590.01,19131.72,5410.34,5742.29,739141.39,0.0,0.0,0.0,0.0,0.0,0.0
2013-11-01,370674.58,3492923.4,5126155.0,10.61,311403.04,3872093.4,597360.0,8.04,205762.16,3551224.9,6494.0,5.79,1772.31,37729.63,3.0,4.7,6746849.91,9577.85,353397.48,8014444.0,28687.28,55086.26,31581.67,5659.66,4719.4,1208671.89,0.0,0.0,0.0,0.0,0.0,0.0
2013-12-01,438030.52,4451210.5,5131860.0,9.84,342418.92,4388631.5,598186.0,7.8,202036.81,3559136.7,6523.0,5.68,2686.3,57570.8,3.0,4.67,8431507.57,7891.12,331032.59,8556513.0,28624.63,53575.85,33555.1,3882.98,4771.01,929045.89,0.0,0.0,0.0,0.0,0.0,0.0
2014-01-01,495219.5,4791210.4,5136895.0,10.34,416443.36,4641132.6,598321.0,8.97,260567.23,3778463.7,6094.0,6.9,3746.02,61504.41,3.0,6.09,8268036.64,11381.2,650031.5,8768391.0,21126.64,53315.45,27943.73,8398.43,2690.0,1310577.32,0.0,0.0,0.0,0.0,0.0,0.0
2014-02-01,472106.97,4314963.7,5142943.0,10.94,373015.22,4023844.5,599507.0,9.27,259898.93,3618406.6,6087.0,7.18,5418.5,69365.98,3.0,7.81,7719846.17,9486.91,189052.48,7417521.0,19088.76,45717.25,17192.25,8851.8,3350.61,847953.0,0.0,0.0,0.0,0.0,0.0,0.0
2014-03-01,436154.07,3869226.9,5161635.0,11.27,397767.19,4242614.1,601943.0,9.38,259569.62,3731777.8,6098.0,6.96,3105.64,43654.53,3.0,7.11,7920860.78,11757.0,260233.17,7931339.0,23268.8,56377.15,28395.39,9895.41,5265.41,1067526.79,0.0,0.0,0.0,0.0,0.0,0.0
2014-04-01,361761.99,2939162.0,5143446.0,12.31,352611.28,3809793.1,598363.0,9.26,222332.09,3407604.9,6071.0,6.52,3267.48,54305.84,3.0,6.02,6478468.51,11530.12,198105.0,7394306.0,24398.4,55184.27,21369.57,6038.19,6137.36,1095963.61,0.0,0.0,0.0,0.0,0.0,0.0
2014-05-01,393476.37,3152528.2,5135260.0,12.48,380897.81,4030685.9,598437.0,9.45,243190.66,3759192.4,6081.0,6.47,2485.12,41132.67,3.0,6.04,5561841.2,12282.85,613751.38,7687786.0,22957.77,55817.59,29421.16,7870.11,6773.47,872882.25,0.0,0.0,0.0,0.0,0.0,0.0
2014-06-01,497710.04,4095842.4,5143366.0,12.15,412250.15,4364200.4,600168.0,9.45,250735.67,3721963.0,6136.0,6.74,2365.26,41606.69,3.0,5.68,6985960.21,11237.47,559043.6,8463576.0,23717.24,55068.12,24125.74,5836.28,7598.42,621144.23,0.0,0.0,0.0,0.0,0.0,0.0
2014-07-01,511305.05,4228228.8,5138246.0,12.09,420316.77,4446574.9,599459.0,9.45,266219.85,3941017.5,6095.0,6.76,2713.57,44916.35,3.0,6.04,7686974.59,10565.22,432466.8,8692309.0,23915.64,58580.68,26689.37,5851.74,6498.38,498427.31,0.0,0.0,0.0,0.0,0.0,0.0
2014-08-01,582033.93,4691414.5,5135375.0,12.41,444899.03,4657723.5,600358.0,9.55,265020.07,3887201.6,6138.0,6.82,3003.18,51706.41,3.0,5.81,8188712.89,9270.57,737429.9,8325700.0,23963.11,58121.14,26882.35,7267.3,6240.9,351628.64,0.0,0.0,0.0,0.0,0.0,0.0
2014-09-01,398353.8,3306056.5,5145254.0,12.05,345473.54,4179675.2,601356.0,8.27,272055.99,3644786.4,6113.0,7.46,3042.06,38581.6,3.0,7.88,6552439.76,8962.64,476508.74,8365245.0,24164.81,54576.14,25259.25,6854.53,5678.35,457975.14,0.0,0.0,0.0,0.0,0.0,0.0
2014-10-01,398937.7,2951359.2,5142432.0,13.52,384121.28,3976158.0,600690.0,9.66,252287.76,3638992.7,6090.0,6.93,3524.63,44577.05,3.0,7.91,6605092.9,9429.66,577227.46,7744768.0,24898.85,56568.15,18679.52,4770.76,4417.6,841129.58,0.0,0.0,0.0,0.0,0.0,0.0
2014-11-01,457251.56,3622758.8,5154036.0,12.62,363305.26,3969935.0,601921.0,9.15,242771.3,3698186.9,6094.0,6.56,3579.66,45045.59,3.0,7.95,7705513.46,8397.1,395490.52,8195697.0,20646.69,56288.67,22036.79,6732.32,3661.54,1283107.49,0.0,0.0,0.0,0.0,0.0,0.0
2014-12-01,476813.73,4046706.7,5161357.0,11.78,396809.22,4277142.9,602391.0,9.28,242596.32,3502089.6,6085.0,6.93,3601.72,45268.88,3.0,7.96,7697313.99,8710.8,459988.24,8871262.0,22730.52,55315.89,25505.28,6465.64,2163.31,828192.96,0.0,0.0,0.0,0.0,0.0,0.0
2015-01-01,504659.3,4408452.1,5160754.0,11.45,391750.37,4447390.3,602306.0,8.81,245169.11,3604817.6,6009.0,6.8,3325.27,51326.76,3.0,6.48,7380471.0,8050.0,822679.0,8653871.0,23341.0,28949.0,28017.0,4078.0,2317.0,1004199.0,0.0,0.0,0.0,0.0,0.0,0.0
2015-02-01,483502.46,4071210.5,5151440.0,11.88,369596.83,4102734.1,600043.0,9.01,243512.61,3497810.7,5989.0,6.96,4081.83,60871.64,3.0,6.71,7264672.0,5507.0,727451.0,7106547.0,17319.0,29165.0,12356.0,4387.0,2978.0,935641.0,0.0,0.0,0.0,0.0,0.0,0.0
2015-03-01,443824.91,3715636.8,5183492.0,11.94,389402.08,4121274.4,605283.0,9.45,283789.64,3861023.7,6004.0,7.35,2900.85,43400.23,3.0,6.68,6547507.0,9493.0,799998.0,7546922.0,19789.0,36417.0,20377.0,3878.0,4252.0,1000133.0,0.0,0.0,0.0,0.0,0.0,0.0
2015-04-01,367688.1,2763491.7,5164712.0,13.31,332214.62,3712019.8,602947.0,8.95,218082.6,3413523.1,5991.0,6.39,2814.16,40018.96,3.0,7.03,4751170.0,9757.0,740348.0,7788639.0,21406.0,48561.0,20767.0,4210.0,4840.0,1072837.0,0.0,0.0,0.0,0.0,0.0,0.0
2015-05-01,398495.62,3004835.0,5159321.0,13.26,363009.17,4064752.3,602638.0,8.93,226621.55,3638850.8,5987.0,6.23,2636.54,37747.11,3.0,6.98,5302930.0,12760.0,600442.0,8213174.0,25362.0,50169.0,22820.0,4376.0,4858.0,889711.0,0.0,0.0,0.0,0.0,0.0,0.0
2015-06-01,474452.65,3772235.2,5159355.0,12.58,382389.4,4285422.5,602611.0,8.92,236829.23,3648294.9,5986.0,6.49,2713.52,39572.2,3.0,6.86,6675227.0,14241.0,906773.0,8404843.0,24610.0,42210.0,18765.0,5366.0,5033.0,517561.0,0.0,0.0,0.0,0.0,0.0,0.0
2015-07-01,595554.69,4740489.9,5164859.0,12.56,427180.17,4677387.9,603034.0,9.13,258346.92,3852411.2,6007.0,6.71,2956.11,43677.27,3.0,6.77,7471738.0,14431.0,1320591.0,8674659.0,26532.0,48520.0,33242.0,3770.0,5097.0,399718.0,0.0,0.0,0.0,0.0,0.0,0.0
2015-08-01,582727.24,4656094.4,5172210.0,12.52,431008.82,4675559.2,603557.0,9.22,255642.88,3732689.6,5998.0,6.85,2805.11,41911.8,3.0,6.69,7219951.0,12083.0,981851.0,8429131.0,26434.0,50003.0,26504.0,4539.0,5342.0,444085.0,0.0,0.0,0.0,0.0,0.0,0.0
2015-09-01,484994.46,3790162.9,5177151.0,12.8,401783.91,4371275.4,603362.0,9.19,251041.07,3770275.5,6024.0,6.66,2862.04,42156.15,3.0,6.79,6246184.0,8951.0,1075628.0,7816306.0,24029.0,46586.0,31602.0,6253.0,4421.0,627957.0,36.0,0.0,0.0,0.0,0.0,0.0
2015-10-01,388097.63,2857298.4,5188432.0,13.58,363892.62,3998596.0,604168.0,9.1,229656.94,3475637.4,6007.0,6.61,2735.6,41012.3,3.0,6.67,5485988.0,5758.0,879194.0,8013365.0,20758.0,48323.0,7432.0,3593.0,3774.0,1167279.0,0.0,0.0,0.0,0.0,0.0,0.0
2015-11-01,417362.57,3144735.2,5194844.0,13.27,343470.75,3821516.8,603973.0,8.99,214031.19,3319462.2,5980.0,6.45,2748.07,38267.41,3.0,7.18,4935742.0,10434.0,908623.0,7921904.0,18820.0,49658.0,14459.0,5275.0,3458.0,1372421.0,0.0,0.0,0.0,0.0,0.0,0.0
2015-12-01,439741.52,3720995.9,5195262.0,11.82,344781.21,4041886.2,604315.0,8.53,212681.97,3315874.4,5995.0,6.41,3073.47,43884.16,3.0,7.0,4492127.0,12995.0,1100303.0,8712778.0,-186.0,48260.0,43720.0,6366.0,2990.0,1315729.0,0.0,0.0,0.0,0.0,0.0,0.0
2016-01-01,495168.16,4208791.5,5222482.0,11.77,382168.68,4399523.4,606658.0,8.69,222822.82,3449632.7,6059.0,6.46,2901.1,43251.85,3.0,6.71,5721049.0,13777.0,1117232.0,8835111.0,21764.0,44493.0,23122.0,8687.0,1944.0,1268414.0,0.0,0.0,0.0,0.0,0.0,0.0
2016-02-01,443964.91,3616923.6,5227440.0,12.27,346348.35,3958079.6,606592.0,8.75,227082.27,3470970.1,6065.0,6.54,3411.8,52368.19,3.0,6.52,4114106.0,11452.0,1156454.0,7821993.0,21923.0,41834.0,23080.0,8840.0,3889.0,1144232.0,0.0,0.0,0.0,0.0,0.0,0.0
2016-03-01,409661.75,3180574.7,5230407.0,12.88,348686.76,3907781.7,606706.0,8.92,233848.94,3642553.1,6018.0,6.42,2816.3,40509.05,3.0,6.95,3541829.0,14460.0,1557324.0,7940814.0,22964.0,44561.0,13514.0,6308.0,3382.0,1095566.0,0.0,0.0,0.0,0.0,0.0,0.0
2016-04-01,368496.89,2814261.0,5224792.0,13.09,342620.22,3827577.3,605784.0,8.95,222227.74,3447823.6,6037.0,6.45,2664.32,37382.42,3.0,7.13,4127382.0,11305.0,1171053.0,7899077.0,24002.0,42227.0,13035.0,6551.0,3798.0,1025914.0,0.0,0.0,0.0,0.0,0.0,0.0
2016-05-01,408892.24,3004481.4,5226552.0,13.61,364875.3,3923258.1,606147.0,9.3,234125.13,3613399.9,6023.0,6.48,2613.4,38258.31,3.0,6.83,3657315.0,10985.0,1116579.0,7887317.0,25154.0,44473.0,2901.0,7564.0,4689.0,854205.0,0.0,0.0,0.0,0.0,0.0,0.0
2016-06-01,558882.49,4455687.3,5223885.0,12.54,401451.14,4467983.9,606354.0,8.99,231564.52,3576052.4,6055.0,6.48,2719.61,40308.7,3.0,6.75,5962075.0,11525.0,1564462.0,8136620.0,23705.0,41386.0,8393.0,4597.0,4656.0,591124.0,0.0,0.0,0.0,0.0,0.0,0.0
2016-07-01,651281.65,5271965.2,5222174.0,12.35,442125.82,4764654.5,606357.0,9.28,266872.94,4037249.4,6044.0,6.61,3068.05,48467.62,3.0,6.33,6413292.0,11844.0,2543975.0,8624830.0,23411.0,45965.0,23327.0,4210.0,5362.0,399591.0,0.0,0.0,0.0,0.0,0.0,0.0
2016-08-01,661452.88,5405322.9,5230527.0,12.24,453749.61,4968418.2,607232.0,9.13,274289.74,4080159.6,6082.0,6.72,2755.01,41279.53,3.0,6.67,6390409.0,8978.0,2245845.0,8602582.0,24159.0,28318.0,24334.0,5069.0,5223.0,331347.0,0.0,0.0,0.0,0.0,0.0,0.0
2016-09-01,494205.07,3945174.4,5234756.0,12.53,410774.58,4502704.6,607300.0,9.12,245359.96,3702134.3,6087.0,6.63,2966.83,46933.15,3.0,6.32,5586072.0,7116.0,1501753.0,8036775.0,22125.0,27063.0,22483.0,3189.0,4866.0,692754.0,0.0,0.0,0.0,0.0,0.0,0.0
2016-10-01,387120.93,2971292.5,5241940.0,13.03,371216.04,4049652.2,607678.0,9.17,241025.07,3613753.3,6072.0,6.67,2597.87,38287.4,3.0,6.79,4636727.0,10400.0,1414790.0,7758355.0,21430.0,27586.0,17122.0,3779.0,4268.0,960320.0,0.0,0.0,0.0,0.0,0.0,0.0
2016-11-01,392097.38,2983269.1,5242039.0,13.14,346519.55,3817939.5,607481.0,9.08,214178.53,3323064.7,6044.0,6.45,2438.71,35269.95,3.0,6.91,3283535.0,10526.0,1043937.0,8203339.0,22712.0,39426.0,18366.0,4456.0,3737.0,1095386.0,0.0,0.0,0.0,0.0,0.0,0.0
2016-12-01,493720.61,4132308.4,5251480.0,11.95,381185.17,4322481.1,609119.0,8.82,226284.35,3674960.9,6067.0,6.16,3623.66,56232.82,3.0,6.44,5904011.0,10467.0,1051287.0,8860225.0,20504.0,39678.0,14477.0,6253.0,2996.0,1204583.0,0.0,0.0,0.0,0.0,0.0,0.0
2017-01-01,479190.23,4149193.1,5252615.0,11.55,364268.56,4289904.5,609992.0,8.49,230201.75,3603343.3,5731.0,6.39,2826.16,46631.99,3.0,6.06,5764169.0,11562.0,1005916.0,8781276.0,20787.0,43366.0,16856.0,5898.0,1626.0,1139440.0,0.0,6.318,-0.5,6.519,4.781,-0.321
2017-02-01,398669.43,3187244.6,5259181.0,12.51,332845.48,3843642.7,610469.0,8.66,206502.19,3236681.1,5652.0,6.38,2593.98,43377.22,3.0,5.98,4054429.0,11637.0,1030779.0,7040803.0,13212.0,38707.0,19169.0,4936.0,3705.0,1280509.0,0.0,6.318,-0.5,6.519,4.781,-0.322
2017-03-01,454019.78,3238050.1,5257382.0,14.02,396619.57,4009169.7,607625.0,9.89,244021.0,3591195.3,5697.0,6.8,2345.05,34608.02,3.0,6.78,4626918.0,12912.0,1263712.0,7578313.0,23925.0,42520.0,11888.0,5519.0,4222.0,1321344.0,0.0,6.318,-0.133,6.519,4.781,-0.448
2017-04-01,363045.41,2671671.6,5266977.0,13.59,333587.01,3587345.7,612971.0,9.3,221729.72,3458760.6,5715.0,6.41,2412.65,39612.29,3.0,6.09,4172839.0,8642.0,1003366.0,7919878.0,23466.0,40233.0,17562.0,4627.0,3899.0,1306268.0,0.0,6.318,-0.5,6.519,4.781,-0.523
2017-05-01,405452.89,2878184.4,5262675.0,14.09,375907.9,3991583.8,612025.0,9.42,229657.6,3476171.2,5716.0,6.61,2615.45,40305.82,3.0,6.49,4025330.0,8972.0,1113775.0,7560693.0,6070.0,43427.0,20696.0,6275.0,5526.0,1099798.0,0.0,6.318,-0.157,6.519,4.781,-0.519
2017-06-01,553395.98,4211556.6,5257676.0,13.14,398734.22,4298579.1,610978.0,9.28,245471.72,3707142.0,5725.0,6.62,2648.89,40865.97,3.0,6.48,4984028.0,10119.0,1615175.0,8046158.0,22717.0,39289.0,2862.0,3577.0,6580.0,952810.0,0.0,6.892,0.152,5.369,5.369,-0.435
2017-07-01,624857.96,5085450.4,5257810.0,12.29,427994.22,4719825.4,611688.0,9.07,249095.04,3849307.7,5705.0,6.47,2573.07,39134.74,3.0,6.57,5829861.0,10775.0,1992679.0,8612798.0,23795.0,36879.0,13967.0,3107.0,6137.0,476919.0,0.0,6.892,0.077,5.369,5.369,-0.421
2017-08-01,541035.23,4217634.9,5262212.0,12.83,417097.16,4574016.6,611757.0,9.12,245468.72,3733845.9,5699.0,6.57,3218.52,50844.81,3.0,6.33,5099395.0,11132.0,1480025.0,8516908.0,24634.0,38041.0,18414.0,3252.0,5741.0,413277.0,0.0,6.892,0.19,5.369,5.369,-0.329
2017-09-01,497694.16,3802660.6,5265838.0,13.09,389764.83,4329077.5,611826.0,9.0,235184.24,3710458.8,5681.0,6.34,2821.92,45242.73,3.0,6.24,4831194.0,9184.0,1250649.0,8208777.0,24244.0,36027.0,17704.0,3378.0,5864.0,525849.0,0.0,6.892,0.211,5.369,5.369,-0.333
2017-10-01,382078.78,2913039.6,5271290.0,13.12,382726.5,4177790.9,612635.0,9.16,231380.01,3599117.3,5693.0,6.43,3004.21,45365.0,3.0,6.62,4428657.0,9364.0,1102597.0,8031727.0,22305.0,38221.0,14379.0,3649.0,3360.0,1180850.0,0.0,7.149,-0.5,6.167,4.525,-0.319
2017-11-01,453355.41,3315701.7,5274484.0,13.67,348002.19,3901539.9,613406.0,8.92,214639.42,3385455.6,5651.0,6.34,2548.41,38694.9,3.0,6.59,5048247.0,11238.0,786622.0,8193554.0,23703.0,37331.0,12591.0,2546.0,2907.0,1261271.0,0.0,7.149,-0.5,6.167,4.525,-0.256
2017-12-01,509108.77,4047003.5,5283851.0,12.58,375060.34,4265409.2,614624.0,8.79,228833.88,3619215.2,5662.0,6.32,3442.21,55656.5,3.0,6.18,5115220.0,9593.0,1370913.0,8700257.0,24730.0,40017.0,14010.0,4380.0,2580.0,1309432.0,0.0,7.149,-0.5,6.167,4.525,-0.099
2018-01-01,572472.48,4494512.3,5286539.0,12.74,434331.69,4463656.2,614328.0,9.73,280638.25,3623161.1,5715.0,7.75,3425.79,43778.58,3.0,7.83,5858927.0,11223.0,1353035.0,8852297.0,22394.0,41088.0,5468.0,3470.0,3344.0,1530647.0,0.0,7.195,-0.409,6.162,4.52,-0.075
2018-02-01,451544.5,3618818.8,5282702.0,12.48,333296.99,3841802.4,614647.0,8.68,229394.28,3457848.5,5703.0,6.63,3332.23,57308.15,3.0,5.81,4817300.0,9467.0,916357.0,7637467.0,20424.0,35461.0,16242.0,2705.0,2826.0,1197845.0,0.0,7.195,0.29,6.162,4.52,-0.078
2018-03-01,439729.74,3400535.7,5293320.0,12.93,358009.54,4045970.9,615312.0,8.85,231215.11,3535793.7,5705.0,6.54,2703.53,42986.51,3.0,6.29,5075096.0,10369.0,1435084.0,7971653.0,22630.0,36209.0,14011.0,4547.0,6357.0,1284499.0,0.0,7.195,-0.297,6.162,4.52,-0.28
2018-04-01,403740.87,3043617.1,5288264.0,13.27,340788.25,3734834.9,615453.0,9.12,227633.12,3441543.6,5694.0,6.61,2686.43,41954.85,3.0,6.4,3674220.0,12186.0,777785.0,7658023.0,14431.0,36021.0,16195.0,5330.0,6719.0,1095794.0,0.0,7.195,-0.5,6.162,4.52,-0.283
2018-05-01,464194.66,3466372.1,5288732.0,13.39,378964.72,4198324.2,615646.0,9.03,245867.96,3755151.1,5684.0,6.55,2722.35,41950.13,3.0,6.49,4558726.0,14451.0,1564018.0,8083061.0,23069.0,38017.0,6200.0,4601.0,7496.0,859266.0,0.0,7.195,-0.377,6.162,4.52,-0.206
2018-06-01,564950.62,4431454.7,5276923.0,12.75,404284.54,4420800.3,614968.0,9.15,264683.89,3997403.3,5783.0,6.62,2932.1,45131.01,3.0,6.5,5274117.0,11842.0,1714534.0,8316210.0,21000.0,33104.0,17449.0,3831.0,7437.0,616332.0,0.0,7.358,-0.024,4.658,4.658,-0.303
2018-07-01,624319.21,5218653.9,5282121.0,11.96,428175.17,4688413.1,616221.0,9.13,270386.6,3987417.9,5742.0,6.78,3040.43,43788.69,3.0,6.94,5797930.0,12061.0,2248083.0,8631721.0,21403.0,33907.0,29760.0,3722.0,7996.0,565777.0,0.0,7.358,-0.307,4.658,4.658,-0.246
2018-08-01,651415.62,5203480.6,5294573.0,12.52,439341.82,4804216.2,617658.0,9.14,268144.54,3955526.5,5734.0,6.78,3283.7,49273.0,3.0,6.66,6013022.0,12173.0,2160842.0,8578995.0,24466.0,33032.0,26727.0,5450.0,7236.0,570903.0,0.0,7.358,-0.088,4.658,4.658,-0.367
2018-09-01,488100.81,3925314.9,5284187.0,12.43,393216.02,4310551.0,616171.0,9.12,238614.31,3620929.2,5721.0,6.59,3423.66,47982.86,3.0,7.14,5230491.0,12954.0,1816000.0,7588626.0,1367.0,31846.0,15726.0,3891.0,6109.0,678625.0,0.0,7.356,-0.363,4.658,4.658,-0.117
2018-10-01,422043.76,3128194.8,5295509.0,13.49,388690.29,4112021.2,617950.0,9.45,246121.4,3539341.9,5728.0,6.95,3062.76,43476.18,3.0,7.04,4030121.0,13223.0,1112438.0,7804870.0,10845.0,35899.0,17752.0,6001.0,4967.0,1172462.0,0.0,7.292,-0.5,5.038,4.379,-0.072
2018-11-01,461296.37,3426915.6,5297102.0,13.46,358517.54,3881488.0,616694.0,9.24,249188.81,3604542.7,5660.0,6.91,3017.29,42925.78,3.0,7.03,4625902.0,13676.0,1246944.0,8123639.0,21169.0,35493.0,10621.0,5245.0,2722.0,1064908.0,0.0,7.292,-0.5,5.038,4.379,-0.072
2018-12-01,484723.17,3868044.7,5304880.0,12.53,373815.75,4260750.8,619290.0,8.77,247050.63,3596051.5,5748.0,6.87,3574.85,50797.27,3.0,7.04,4686072.0,12903.0,895799.0,8854965.0,23929.0,36294.0,24666.0,4317.0,2841.0,1261926.0,0.0,7.292,-0.5,5.038,4.379,0.004
2019-01-01,535674.66,4327976.6,5307549.0,12.38,374116.15,4252616.2,620341.0,8.8,255008.59,3729715.5,5730.0,6.84,3372.84,47290.69,3.0,7.13,5865249.0,10955.0,1378194.0,8794772.0,22801.0,36748.0,22757.0,3205.0,2717.0,1471127.0,0.0,7.219,-0.5,5.026,4.367,0.021
2019-02-01,462583.68,3650599.6,5311172.0,12.67,362190.62,3939430.5,620946.0,9.19,237269.32,3440234.6,5737.0,6.9,3625.43,55159.63,3.0,6.57,4532617.0,8367.0,1238709.0,7640707.0,20784.0,33123.0,24161.0,3499.0,3481.0,1307654.0,0.0,7.219,-0.5,5.026,4.367,-0.08
2019-03-01,474485.34,3652911.6,5311932.0,12.99,366233.38,4064192.1,620764.0,9.01,242975.81,3528996.8,5731.0,6.89,5403.98,79008.59,3.0,6.84,4491414.0,10107.0,1377606.0,8186777.0,18037.0,37603.0,36662.0,3515.0,5587.0,1490769.0,0.0,7.219,-0.5,5.026,4.367,-0.304
2019-04-01,394411.6,2753651.8,5314346.0,14.32,346941.89,3723192.6,621255.0,9.32,223973.07,3290696.8,5735.0,6.81,3351.59,44512.49,3.0,7.53,3129077.0,10209.0,1655926.0,7864033.0,17583.0,34845.0,16284.0,4327.0,5784.0,1623356.0,0.0,7.219,-0.5,5.026,4.367,-0.328
2019-05-01,412843.76,2883980.1,5306559.0,14.32,356714.31,3845317.4,620868.0,9.28,228666.27,3609591.4,5725.0,6.34,3232.32,44840.59,3.0,7.21,3387908.0,8148.0,1394238.0,8648814.0,23332.0,36972.0,401.0,4297.0,5965.0,1133809.0,0.0,7.219,-0.5,5.026,4.367,-0.124
2019-06-01,495636.31,3692805.6,5310008.0,13.42,364283.33,4016979.8,622495.0,9.07,225084.06,3613179.1,5728.0,6.23,2966.24,38305.88,3.0,7.74,3613729.0,8811.0,1806850.0,8451441.0,24057.0,34335.0,18806.0,4176.0,6730.0,1034450.0,0.0,6.725,-0.08,4.561,4.561,-0.129
2019-07-01,680365.98,5605394.1,5310486.0,12.14,430677.69,4757173.4,622847.0,9.05,251650.08,3930833.9,5747.0,6.4,3259.35,45485.27,3.0,7.17,4842879.0,11577.0,3175321.0,8594224.0,23449.0,34384.0,23695.0,3268.0,8165.0,672595.0,0.0,6.725,-0.417,4.561,4.561,-0.108
2019-08-01,577747.21,4546825.2,5311077.0,12.71,413174.58,4586380.0,622489.0,9.01,244763.33,3851502.2,5751.0,6.36,3306.54,49663.55,3.0,6.66,4190256.0,13249.0,2616503.0,8351260.0,24339.0,33828.0,23517.0,3180.0,7375.0,561826.0,0.0,6.725,0.419,4.561,4.561,-0.188
2019-09-01,488217.03,3848740.6,5317603.0,12.69,376306.03,4193390.2,624098.0,8.97,227397.9,3709762.4,5745.0,6.13,2997.63,42944.68,3.0,6.98,3974337.0,9985.0,1719774.0,7748360.0,24359.0,31407.0,16388.0,3424.0,5548.0,899790.0,0.0,6.723,-0.006,4.561,4.561,-0.275
2019-10-01,420785.03,3035749.6,5315884.0,13.86,370735.96,3948404.4,624137.0,9.39,244381.65,3543385.8,5724.0,6.9,1812.64,38144.82,3.0,4.75,3488609.0,9791.0,1488023.0,7570341.0,18855.0,31928.0,18280.0,5328.0,4629.0,1293400.0,0.0,7.224,0.117,4.715,4.476,-0.3
2019-11-01,463100.97,3427812.5,5322138.0,13.51,353067.12,3851077.8,625532.0,9.17,222738.7,3512541.9,5750.0,6.34,2946.23,38889.14,3.0,7.58,4176725.0,10730.0,1413618.0,8269372.0,-256.0,31158.0,40270.0,2799.0,3127.0,1241676.0,0.0,7.224,-0.5,4.715,4.476,-0.038
2019-12-01,485106.18,3793810.7,5335516.0,12.79,361488.56,4100591.8,627852.0,8.82,217860.76,3490004.7,5745.0,6.24,3095.14,45786.67,3.0,6.76,3095522.0,11882.0,2080828.0,8615387.0,21353.0,35817.0,19668.0,2539.0,2855.0,1729144.0,0.0,7.224,-0.497,4.715,4.476,-0.005
2020-01-01,500238.22,3896303.9,5317211.0,12.84,364034.73,4111466.1,627786.0,8.85,236466.16,3524749.1,5605.0,6.71,3537.45,50808.66,3.0,6.96,2641088.0,11126.0,2518097.0,8734641.0,20907.0,34897.0,15121.0,2416.0,2328.0,1364118.0,0.0,7.175,-0.208,4.707,4.468,-0.061
2020-02-01,472947.83,3634409.2,5326528.0,13.01,343870.17,3908556.6,628371.0,8.8,228921.45,3496065.4,5560.0,6.55,2788.58,48838.06,3.0,5.71,2587993.0,10584.0,2214687.0,7725235.0,18999.0,31366.0,27878.0,2995.0,3684.0,1535421.0,0.0,7.175,0.212,4.707,4.468,-0.141
2020-03-01,432653.13,3225434.1,5328923.0,13.41,348293.97,3797294.0,627979.0,9.17,221908.82,3346569.9,5544.0,6.63,3349.95,42779.39,3.0,7.83,1751913.0,11909.0,2279593.0,8126887.0,20907.0,35237.0,15266.0,1745.0,4343.0,1671694.0,0.0,7.175,-0.443,4.707,4.468,-0.206
2020-04-01,404352.0,2896520.4,5326883.0,13.96,296027.51,3132294.1,627160.0,9.45,198552.04,3012870.4,5556.0,6.59,2553.73,38555.63,3.0,6.62,1479156.0,12234.0,1680389.0,7808515.0,20457.0,34006.0,35841.0,-4059.0,6351.0,1657398.0,0.0,7.175,-0.309,4.707,4.468,-0.272
2020-05-01,464683.22,3251432.9,5333881.0,14.29,311951.52,3315636.0,628557.0,9.41,203331.89,3076573.5,5567.0,6.61,1945.8,33056.74,3.0,5.89,1879531.0,15482.0,1453380.0,8564222.0,21748.0,33489.0,42374.0,2707.0,7026.0,1336092.0,0.0,7.175,0.397,4.707,4.468,-0.204
2020-06-01,593871.59,4603848.7,5337593.0,12.9,348197.64,3745178.1,627942.0,9.3,222935.58,3381625.8,5576.0,6.59,1827.55,28886.69,3.0,6.33,2670575.0,12647.0,2430968.0,8396197.0,21240.0,31395.0,22055.0,4144.0,8573.0,1054249.0,0.0,6.473,0.191,4.396,4.396,-0.176
2020-07-01,726030.08,5962731.6,5342892.0,12.18,395917.58,4419626.0,629131.0,8.96,248321.64,3726244.6,5605.0,6.66,2242.31,35292.66,3.0,6.35,3997868.0,13547.0,3681733.0,8585768.0,21053.0,30974.0,24555.0,4398.0,9042.0,620558.0,0.0,6.473,0.296,4.396,4.396,-0.202
2020-08-01,648613.29,5164826.0,5337861.0,12.56,388255.65,4313385.9,627404.0,9.0,247590.0,3685112.3,5573.0,6.72,2225.3,36402.77,3.0,6.11,3498093.0,11176.0,2547271.0,8524190.0,21680.0,30467.0,22034.0,4553.0,10002.0,543260.0,0.0,6.473,0.5,4.396,4.396,-0.236
2020-09-01,427342.29,3370507.5,5356907.0,12.68,358840.3,3812095.7,630100.0,9.41,225935.17,3356968.1,5585.0,6.73,2294.48,34410.87,3.0,6.67,2105398.0,9978.0,1558887.0,8361001.0,21610.0,30420.0,19217.0,2516.0,7602.0,1069995.0,0.0,6.473,0.046,4.396,4.396,0.28
2020-10-01,421784.96,3015227.7,5347482.0,13.99,338359.97,3611049.7,629113.0,9.37,226816.49,3295866.6,5505.0,6.88,2175.49,32872.86,3.0,6.62,2296751.0,8368.0,1663601.0,8127553.0,17333.0,33253.0,18010.0,2696.0,6349.0,1541513.0,0.0,7.067,-0.5,4.542,4.389,0.301
2020-11-01,420458.58,3083486.2,5355740.0,13.64,323132.22,3462997.6,630356.0,9.33,217281.03,3168898.8,5489.0,6.86,2178.79,32775.08,3.0,6.65,2718703.0,7640.0,758466.0,8413847.0,20437.0,31565.0,20419.0,2373.0,5795.0,2158898.0,0.0,7.067,-0.5,4.542,4.389,-0.235
2020-12-01,508990.46,4065809.9,5363394.0,12.52,343685.62,3856997.4,632412.0,8.91,224995.4,3290659.7,5559.0,6.84,2387.97,35278.58,3.0,6.77,3610790.0,10290.0,1729065.0,8878012.0,22219.0,33955.0,21904.0,3827.0,7850.0,1672744.0,0.0,7.067,-0.5,4.542,4.389,-0.113
2021-01-01,510269.16,4171346.7,5352302.0,12.23,347073.35,3885443.0,631115.0,8.93,237042.23,3467846.9,5492.0,6.84,2406.54,39767.12,3.0,6.05,4036924.0,12373.0,1639871.0,8801339.0,22471.0,35168.0,24094.0,3953.0,7174.0,1590330.0,0.0,7.069,-0.5,4.553,4.4,-0.142
2021-02-01,507036.31,4158579.0,5356871.0,12.19,355330.07,3797958.4,631786.0,9.36,246242.12,3237337.9,5575.0,7.61,3188.0,50366.48,3.0,6.33,4108650.0,9188.0,1056489.0,7734833.0,15819.0,29578.0,12900.0,8302.0,11541.0,1690380.0,0.0,7.069,-0.362,4.553,4.4,-0.154
2021-03-01,451614.37,3268802.8,5357182.0,13.82,365642.18,3743892.1,631422.0,9.77,234729.09,3342733.3,5356.0,7.02,2461.75,39644.14,3.0,6.21,2222118.0,10776.0,1265612.0,7491222.0,22009.0,31527.0,24686.0,2446.0,22587.0,2205619.0,0.0,7.069,0.394,4.553,4.4,-0.08
2021-04-01,388169.45,2777248.8,5360241.0,13.98,322803.71,3364057.3,631809.0,9.6,220885.69,3216340.2,5451.0,6.87,2336.44,33971.73,3.0,6.88,2783539.0,11708.0,1130657.0,7369879.0,21453.0,29572.0,14357.0,4053.0,28600.0,1806451.0,0.0,7.069,-0.164,4.553,4.4,-0.061
2021-05-01,438611.6,3093183.0,5359313.0,14.18,349990.95,3620019.5,632589.0,9.67,232754.86,3377479.9,5442.0,6.89,2128.93,32369.47,3.0,6.58,3707205.0,11075.0,924464.0,8562506.0,21774.0,31839.0,8663.0,3616.0,31526.0,1601418.0,0.0,7.069,0.125,4.553,4.4,-0.05
2021-06-01,602314.03,4693572.2,5362589.0,12.83,389981.5,4148623.8,633053.0,9.4,254189.63,3568534.4,5422.0,7.12,2309.61,36089.74,3.0,6.4,4195445.0,11175.0,2131256.0,8349021.0,21398.0,30351.0,25119.0,4322.0,37447.0,1104029.0,0.0,6.776,0.072,4.821,4.821,0.115
2021-07-01,642187.27,5064657.6,5360478.0,12.68,412356.39,4386619.1,633003.0,9.4,264951.25,3764636.2,5446.0,7.04,2564.95,41081.61,3.0,6.24,4755573.0,10512.0,2577169.0,8644840.0,21814.0,31142.0,25275.0,5904.0,58584.0,705933.0,0.0,6.776,0.421,4.821,4.821,0.108
2021-08-01,719661.55,5600975.5,5359656.0,12.85,439070.95,4607540.1,633316.0,9.53,268290.48,3713094.4,5452.0,7.23,2388.07,38007.79,3.0,6.28,4664531.0,12113.0,3239286.0,8589382.0,22432.0,28850.0,19486.0,4170.0,76258.0,803914.0,0.0,6.776,0.5,4.821,4.821,0.108
2021-09-01,499186.79,3833760.0,5363029.0,13.02,401863.48,4099639.5,634067.0,9.8,262081.28,3539903.2,5459.0,7.4,2468.78,37921.05,3.0,6.51,3753873.0,9020.0,1613078.0,7682962.0,20784.0,29483.0,19398.0,5382.0,77614.0,1434491.0,0.0,6.776,0.414,4.821,4.821,-0.019
2021-10-01,442361.89,3163843.3,5365192.0,13.98,392523.25,3779855.7,633973.0,10.38,268978.78,3431794.7,5454.0,7.84,2331.83,36947.47,3.0,6.31,2925640.0,9778.0,1910168.0,6990368.0,11178.0,28942.0,24780.0,2915.0,47900.0,1565063.0,0.0,7.777,-0.5,5.407,5.209,-0.028
2021-11-01,465896.24,3251762.7,5369479.0,14.33,374648.8,3616663.3,634475.0,10.36,276523.48,3440161.0,5452.0,8.04,2357.31,34967.67,3.0,6.74,2889590.0,9586.0,1681405.0,7894752.0,22591.0,26624.0,20415.0,5347.0,61935.0,2265843.0,0.0,7.777,-0.5,5.407,5.209,-0.083
2021-12-01,500471.7,3735336.4,5374211.0,13.4,378143.35,3872898.3,635547.0,9.76,261249.99,3398162.0,5480.0,7.69,2236.03,33396.73,3.0,6.7,3141512.0,11261.0,1495256.0,8883354.0,22012.0,31377.0,22343.0,3814.0,51946.0,2359616.0,0.0,7.777,-0.5,5.407,5.209,-0.073
2022-01-01,581719.41,4501037.0,5374496.0,12.92,398051.88,4167285.3,634873.0,9.55,270801.39,3625332.1,5461.0,7.47,2956.25,43094.91,3.0,6.86,4435095.0,8965.0,1640509.0,8656529.0,17930.0,28810.0,14404.0,5886.0,66680.0,2336007.0,0.0,7.809,-0.232,5.478,5.28,-0.053
2022-02-01,532563.85,3851257.2,5373078.0,13.83,389608.82,3737283.9,634339.0,10.42,257212.44,3248845.9,5467.0,7.92,3656.04,46683.97,4.0,7.83,3813935.0,7223.0,975332.0,7704561.0,20433.0,28127.0,19873.0,2398.0,75063.0,2340765.0,0.0,7.809,0.5,5.478,5.28,-0.053
2022-03-01,482756.72,3312998.6,5379170.0,14.57,398143.61,3788081.1,635019.0,10.51,283928.95,3539717.7,5488.0,8.02,3183.71,44088.31,7.0,7.22,3610573.0,11193.0,1061710.0,8018280.0,23256.0,31199.0,15257.0,3185.0,103790.0,2343908.0,0.0,7.809,0.5,5.478,5.28,-0.065
2022-04-01,433015.32,2890078.7,5379888.0,14.98,383626.75,3460977.9,634795.0,11.08,279538.89,3316202.2,5492.0,8.43,1778.21,25826.21,3.0,6.89,3375940.0,10400.0,504567.0,7443418.0,23841.0,25352.0,24078.0,1619.0,111899.0,2627988.0,0.0,7.809,0.115,5.478,5.28,-0.099
2022-05-01,534325.28,3557282.1,5372564.0,15.02,437415.11,3763177.2,634443.0,11.62,303223.7,3384320.8,5482.0,8.96,2431.44,35257.74,3.0,6.9,2705320.0,11657.0,1308001.0,8382591.0,24630.0,25132.0,21217.0,2999.0,143479.0,2279515.0,0.0,7.809,0.326,5.478,5.28,-0.059
2022-06-01,736744.6,4444201.8,5372478.0,16.58,495671.4,4132547.6,634537.0,11.99,336013.66,3735481.1,5506.0,9.0,2536.76,33423.17,3.0,7.59,3523141.0,12334.0,2191590.0,8379284.0,24670.0,23021.0,27863.0,3841.0,167837.0,1375864.0,0.0,11.041,0.193,10.623,10.623,-0.032
2022-07-01,860808.27,5260591.6,5357751.0,16.36,536807.38,4401329.7,632667.0,12.2,337398.05,3707130.0,5476.0,9.1,2735.72,39310.67,3.0,6.96,4085088.0,10905.0,2528329.0,8451608.0,21753.0,22973.0,24180.0,2077.0,173140.0,1100722.0,0.0,11.041,0.336,10.628,10.628,-0.053
2022-08-01,821299.67,4908902.7,5392478.0,16.73,542089.03,4450883.5,637188.0,12.18,345694.7,3703206.0,5499.0,9.34,2609.0,37056.34,3.0,7.04,3845536.0,11093.0,2622079.0,8641842.0,23338.0,19755.0,28114.0,3450.0,207411.0,978117.0,0.0,11.041,0.5,10.628,10.628,-0.048
2022-09-01,624622.6,3714873.7,5375461.0,16.81,491156.43,3977531.2,634831.0,12.35,321853.63,3418872.4,5501.0,9.41,2673.98,36313.53,3.0,7.36,2553011.0,7682.0,2342053.0,8169086.0,22866.0,20580.0,20016.0,2051.0,179745.0,1197180.0,0.0,11.049,0.5,10.628,10.628,0.021
2022-10-01,472361.72,2775223.1,5374294.0,17.02,418645.7,3634462.9,635059.0,11.52,285393.56,3411770.1,5481.0,8.37,2480.16,34731.61,3.0,7.14,2189322.0,6632.0,1607179.0,8060144.0,18159.0,20935.0,14123.0,1479.0,158731.0,2159085.0,0.0,9.765,-0.5,12.236,9.777,0.249
2022-11-01,533130.04,3128533.4,5386634.0,17.04,391593.44,3605212.3,642281.0,10.86,267065.34,3304211.2,5472.0,8.08,2451.56,34792.12,3.0,7.05,2782600.0,8533.0,1419717.0,8109042.0,22215.0,19835.0,16143.0,2505.0,102736.0,2604850.0,0.0,9.765,-0.5,12.236,9.777,0.297
2022-12-01,660721.77,4134215.2,5382494.0,15.98,449267.7,4001033.4,642066.0,11.23,296423.59,3422759.7,5517.0,8.66,3289.91,44151.42,3.0,7.45,3639656.0,8619.0,1588224.0,8853196.0,19875.0,16989.0,39304.0,6089.0,57854.0,2149804.0,0.0,9.765,-0.5,12.236,9.777,0.479
2023-01-01,621260.18,3884218.4,5387756.0,15.99,464017.21,3973761.0,626246.0,11.68,298177.41,3514955.5,5579.0,8.48,3437.66,46205.26,3.0,7.44,2548916.0,7512.0,2178643.0,8839159.0,22255.0,22737.0,23446.0,2009.0,62451.0,1991496.0,0.0,9.665,-0.5,11.833,9.374,0.478
2023-02-01,575926.74,3381834.1,5366889.0,17.03,390803.77,3537255.2,623966.0,11.05,254266.2,3146113.3,5565.0,8.08,2990.43,41830.46,3.0,7.15,2144995.0,7279.0,2004488.0,7320857.0,20761.0,18960.0,24569.0,2346.0,115686.0,2444367.0,0.0,9.665,0.102,11.833,9.374,0.459
2023-03-01,576255.47,3316407.2,5412841.0,17.38,432781.0,3770934.8,628405.0,11.48,289426.97,3460267.0,5553.0,8.36,2327.26,33860.97,3.0,6.87,1990831.0,6472.0,1755359.0,7752221.0,23735.0,22367.0,15380.0,1961.0,131974.0,2617787.0,0.0,9.665,0.426,11.833,9.374,0.403
2023-04-01,491402.28,2757122.4,5393943.0,17.82,393021.88,3387820.2,625765.0,11.6,265094.19,3267368.2,5557.0,8.11,1252.21,20946.05,4.0,5.98,1824188.0,6955.0,730692.0,7667695.0,22057.0,20883.0,11837.0,937.0,193267.0,2224650.0,0.0,9.665,0.5,11.833,9.384,0.312
2023-05-01,520950.91,2916738.1,5388501.0,17.86,416140.52,3591334.6,626019.0,11.59,277196.56,3421756.7,5562.0,8.1,2257.66,31123.06,4.0,7.25,1862458.0,6393.0,1636528.0,7757544.0,23535.0,22033.0,14198.0,3130.0,228772.0,1620830.0,0.0,9.665,0.5,11.833,9.374,0.375
2023-06-01,593190.34,3934888.0,5383530.0,15.08,428642.19,3843337.4,625877.0,11.15,281787.94,3424235.4,5553.0,8.23,2342.05,32780.35,4.0,7.14,2138451.0,7699.0,2699219.0,8403998.0,23083.0,21572.0,23187.0,917.0,232645.0,1268045.0,0.0,6.809,0.5,7.877,7.877,0.285
2023-07-01,738994.01,4991258.5,5398668.0,14.81,482526.45,4290678.7,626596.0,11.25,299407.86,3708043.4,5534.0,8.07,2658.1,39205.6,4.0,6.78,2900815.0,8643.0,3902024.0,8625812.0,23233.0,20954.0,23010.0,1502.0,220519.0,711063.0,0.0,6.809,-0.012,7.877,7.877,0.115
2023-08-01,660696.94,4809256.1,5381101.0,13.74,482350.31,4378880.4,625521.0,11.02,313245.98,3736849.9,5491.0,8.38,1904.98,29271.77,4.0,6.51,2896494.0,8624.0,3766285.0,8551964.0,22593.0,19780.0,31148.0,1130.0,200804.0,1069579.0,0.0,6.809,-0.824,7.877,7.877,-0.16
2023-09-01,533995.84,3631631.0,5396260.0,14.7,441104.02,3904640.6,626040.0,11.3,274407.94,3416306.3,5527.0,8.03,2933.37,41880.01,4.0,7.0,2035362.0,7752.0,2782513.0,7828053.0,23025.0,17076.0,22740.0,1725.0,177473.0,1074334.0,0.0,6.799,-0.177,7.877,7.877,-0.336
2023-10-01,467839.28,2969826.3,5392511.0,15.75,403868.9,3633471.8,626054.0,11.12,284302.16,3446580.1,5527.0,8.25,2469.18,34598.55,4.0,7.14,2353592.0,8110.0,2531677.0,7761617.0,16438.0,18997.0,21071.0,1726.0,137353.0,2207508.0,0.0,6.872,-0.354,8.107,7.094,-0.468
2023-11-01,488733.4,3121919.5,5414681.0,15.65,391401.34,3553402.5,626519.0,11.01,269792.27,3296167.5,5531.0,8.19,1673.02,30253.86,4.0,5.53,2109287.0,7852.0,2195005.0,8219444.0,16285.0,18604.0,20878.0,4365.0,135509.0,2324751.0,0.0,6.872,-0.132,8.107,7.094,-0.456
2023-12-01,534826.34,3604647.6,5419207.0,14.84,397614.19,3710773.0,627024.0,10.72,277724.9,3428780.7,5507.0,8.1,2392.58,32800.07,4.0,7.29,2344188.0,8772.0,2262311.0,8831096.0,19114.0,18287.0,16623.0,4539.0,74634.0,2253557.0,0.0,6.872,-0.674,8.107,7.094,-0.482
2024-01-01,636859.14,4310463.4,5408385.0,14.77,454544.67,4077586.7,633762.0,11.15,310711.41,3600935.4,5748.0,8.63,3432.43,33339.82,3.0,10.3,3048656.0,5966.0,2502118.0,8844527.0,17959.0,20211.0,17507.0,646.0,80733.0,2256148.0,0.0,6.848,-0.144,8.683,7.67,-0.458
2024-02-01,514763.42,3299250.0,5371310.0,15.6,393871.74,3463700.1,636411.0,11.37,281692.31,3291898.8,5845.0,8.56,2059.87,19836.94,3.0,10.38,1746367.0,7477.0,2420728.0,7921250.0,18103.0,20271.0,15799.0,3880.0,181177.0,2411198.0,0.0,6.848,0.207,8.683,7.67,-0.503
2024-03-01,484565.83,3038789.9,5423929.0,15.95,401612.76,3702589.0,642077.0,10.85,293234.69,3661804.5,5674.0,8.01,2647.69,52494.8,3.0,5.04,1679717.0,8021.0,2046503.0,8084902.0,22488.0,19849.0,16218.0,1250.0,212466.0,3074177.0,0.0,6.848,-0.275,8.683,7.67,-0.27
2024-04-01,458487.32,2776812.9,5468329.0,16.51,379834.59,3275500.6,643256.0,11.6,289342.33,3396102.7,5681.0,8.52,4092.06,58890.55,3.0,6.95,1787531.0,5713.0,1233821.0,7728593.0,22224.0,17805.0,7742.0,1394.0,224978.0,2824425.0,0.0,6.848,-0.479,8.683,7.67,-0.254
2024-05-01,589651.43,3568899.9,5387901.0,16.52,415243.76,3281755.6,638996.0,12.65,281891.71,3413280.0,5607.0,8.26,2542.99,31277.11,3.0,8.13,2054358.0,6734.0,1633216.0,8436013.0,23240.0,18311.0,11339.0,2327.0,293256.0,1848544.0,0.0,6.848,1.088,8.683,7.67,-0.251
2024-06-01,756598.31,4725373.1,5396587.0,16.01,487021.86,3970442.5,639262.0,12.27,335968.26,3616492.5,5615.0,9.29,2537.89,32376.22,3.0,7.84,2650683.0,6791.0,2730251.0,8392386.0,22117.0,17800.0,17422.0,1012.0,296190.0,1908834.0,0.0,6.9,-0.167,8.136,8.136,-0.171
2024-07-01,764683.11,5034265.7,5380582.0,15.19,518602.65,4340908.5,638316.0,11.95,332366.97,3595809.7,5620.0,9.24,2933.86,36466.74,3.0,8.05,2860984.0,4666.0,3585299.0,8644537.0,22765.0,18321.0,12091.0,2255.0,345798.0,910929.0,0.0,6.902,-0.325,8.136,8.136,-0.106
2024-08-01,765241.3,4898143.1,5357441.0,15.62,524246.17,4351294.1,636677.0,12.05,321006.39,3564324.5,5629.0,9.01,2782.87,36198.52,3.0,7.69,3102141.0,6644.0,3907755.0,8535770.0,19970.0,19451.0,13386.0,1148.0,362636.0,1020295.0,0.0,6.85,-0.198,8.136,8.136,-0.144
2024-09-01,579410.84,3666696.1,5378392.0,15.8,476307.45,3882367.7,637241.0,12.27,338497.77,3615658.6,5637.0,9.36,3011.27,37128.65,3.0,8.11,2360722.0,6113.0,3340806.0,7653872.0,18021.0,17630.0,19096.0,1987.0,326433.0,1108634.0,0.0,6.85,-0.394,8.136,8.136,-0.087
2024-10-01,471969.12,2863715.7,5357535.0,16.48,453838.38,3692371.5,636338.0,12.29,314929.1,3464433.5,5623.0,9.09,3048.4,37672.13,3.0,8.09,1903588.0,6080.0,2594278.0,7887199.0,9238.0,19994.0,9289.0,987.0,374579.0,2303178.0,0.0,6.612,-1.785,8.09,7.506,-0.13
2024-11-01,482505.41,2828202.6,5373656.0,17.06,394191.7,3414633.2,637496.0,11.54,324665.13,3677970.8,5644.0,8.83,2541.21,32675.6,3.0,7.78,1673997.0,6339.0,1573303.0,8200718.0,18537.0,18454.0,17121.0,1705.0,187034.0,2588584.0,0.0,6.47,-0.794,8.09,7.506,-0.138
2024-12-01,612793.38,3840106.5,5405634.0,15.96,445608.67,3787064.5,642272.0,11.77,343512.0,3795220.5,5902.0,9.05,2683.32,33684.92,3.0,7.97,2096713.0,4352.0,2569254.0,8882091.0,18824.0,16264.0,20033.0,2156.0,172127.0,2655399.0,0.0,6.47,-0.81,8.09,7.506,0.25
2025-01-01,708037.76,4477292.4,5366031.0,15.81,486621.69,4114192.5,635004.0,11.83,362966.49,3610624.7,5678.0,10.05,1832.23,24000.08,3.0,7.63,3233811.0,5900.0,2830967.0,8832211.0,17955.0,22444.0,17711.0,3147.0,351178.0,2724882.0,0.0,6.552,-0.542,8.277,7.693,0.073
2025-02-01,622566.74,3774453.3,5377256.0,16.49,461442.96,3600791.1,635323.0,12.82,340269.49,3467163.6,5757.0,9.81,4652.75,57248.77,3.0,8.13,2786882.0,8703.0,2291479.0,7363785.0,15166.0,19838.0,17279.0,1744.0,390059.0,2423658.0,0.0,6.552,-0.089,8.277,7.693,-0.322
2025-03-01,589473.14,3351404.0,5373419.0,17.59,491001.19,3739611.9,645373.0,13.13,358135.79,3369739.9,5819.0,10.63,2169.7,34221.23,3.0,6.34,1999992.0,10002.0,1549480.0,8244934.0,15987.0,21843.0,18267.0,1721.0,536791.0,3148366.0,0.0,6.552,0.031,8.277,7.693,-0.245
2025-04-01,519427.01,2835194.2,5377736.0,18.32,438923.27,3433897.7,644213.0,12.78,327859.13,3342868.0,6653.0,9.81,4178.46,46228.95,3.0,9.04,1818302.0,6276.0,1753319.0,7941828.0,15934.0,21319.0,17850.0,1973.0,558234.0,2456817.0,0.0,6.552,-0.335,8.277,7.693,-0.353
2025-05-01,541811.13,2909069.0,5365993.0,18.62,443341.66,3577719.8,643944.0,12.39,305393.93,3316724.2,6380.0,9.21,1315.99,12522.16,3.0,10.51,2129976.0,8159.0,1366612.0,8393894.0,21370.0,21658.0,11750.0,1267.0,676897.0,2020657.0,0.0,6.552,1.965,8.277,7.693,-0.327
2025-06-01,877755.6,4789926.5,5408110.0,18.33,506285.37,3937337.1,646478.0,12.86,337638.89,3496478.6,5288.0,9.66,5021.07,65295.23,3.0,7.69,2833160.0,6668.0,3191921.0,8357744.0,18869.0,22253.0,15212.0,5195.0,661252.0,1518592.0,0.0,10.028,0.527,12.18,12.18,-0.086
2025-07-01,999774.69,5795017.9,5397097.0,17.25,623570.01,4564390.9,647474.0,13.66,399577.94,3770863.1,5330.0,10.6,2964.74,42079.61,3.0,7.05,3351231.0,6823.0,4895596.0,8498305.0,18814.0,21615.0,14726.0,4470.0,736862.0,1023457.0,0.0,10.028,-0.446,12.18,12.18,-0.27
2025-08-01,884436.48,4887895.7,5390237.0,18.09,607729.81,4358194.6,647321.0,13.94,410634.27,3779881.9,5345.0,10.86,3249.66,42963.38,3.0,7.56,2770004.0,7087.0,3649820.0,8543279.0,20323.0,21263.0,13566.0,1769.0,784921.0,1077996.0,0.0,10.028,-0.029,12.18,12.18,-0.132
