Year,Month,RESIDENTIAL Revenue,RESIDENTIAL Sales,RESIDENTIAL Customers,RESIDENTIAL Price,COMMERCIAL Revenue,COMMERCIAL Sales,COMMERCIAL Customers,COMMERCIAL Price,INDUSTRIAL Revenue,INDUSTRIAL Sales,INDUSTRIAL Customers,INDUSTRIAL Price,TRANSPORTATION Revenue,TRANSPORTATION Sales,TRANSPORTATION Customers,TRANSPORTATION Price,TOTAL Revenue,TOTAL Sales,TOTAL Customers,TOTAL Price
1990,01,271486.0,3406453.0,0,7.97,194986.0,2753088.0,0,7.08,156722.0,3028473.0,0,5.17,0.0,0.0,0,0.0,666802.0,9891428.0,0,6.74
1990,02,236661.0,2738906.0,0,8.64,185652.0,2550235.0,0,7.28,160733.0,3142514.0,0,5.11,0.0,0.0,0,0.0,626562.0,9115814.0,0,6.87
1990,03,239558.0,2698446.0,0,8.88,192832.0,2561382.0,0,7.53,169482.0,3099794.0,0,5.47,0.0,0.0,0,0.0,646337.0,9034624.0,0,7.15
1990,04,214322.0,2367131.0,0,9.05,178833.0,2373412.0,0,7.53,156618.0,3022676.0,0,5.18,0.0,0.0,0,0.0,590455.0,8386570.0,0,7.04
1990,05,208093.0,2179236.0,0,9.55,190172.0,2440688.0,0,7.79,172304.0,3247738.0,0,5.31,0.0,0.0,0,0.0,612511.0,8483811.0,0,7.22
1990,06,277118.0,2442777.0,0,11.34,216157.0,2589879.0,0,8.35,180551.0,3225581.0,0,5.6,0.0,0.0,0,0.0,720479.0,8879381.0,0,8.11
1990,07,388590.0,3233240.0,0,12.02,246758.0,2904045.0,0,8.5,208364.0,3413289.0,0,6.1,0.0,0.0,0,0.0,889460.0,10193203.0,0,8.73
1990,08,347954.0,2958333.0,0,11.76,238177.0,2898098.0,0,8.22,199593.0,3444185.0,0,5.8,0.0,0.0,0,0.0,828078.0,9926026.0,0,8.34
1990,09,389218.0,3319636.0,0,11.72,243682.0,2988130.0,0,8.15,190880.0,3334832.0,0,5.72,0.0,0.0,0,0.0,869287.0,10270164.0,0,8.46
1990,10,244923.0,2317634.0,0,10.57,212467.0,2631304.0,0,8.07,198549.0,3582010.0,0,5.54,0.0,0.0,0,0.0,699106.0,9149735.0,0,7.64
1990,11,206731.0,2396191.0,0,8.63,181674.0,2478250.0,0,7.33,163478.0,3443562.0,0,4.75,0.0,0.0,0,0.0,589192.0,8916135.0,0,6.61
1990,12,235704.0,2813459.0,0,8.38,183505.0,2565937.0,0,7.15,164449.0,3313866.0,0,4.96,0.0,0.0,0,0.0,622675.0,9329883.0,0,6.67
1991,01,264820.0,3543041.0,0,7.47,189163.0,2823532.0,0,6.7,151925.0,3222220.0,0,4.71,0.0,0.0,0,0.0,646322.0,10297722.0,0,6.28
1991,02,238705.0,3041068.0,0,7.85,185169.0,2704204.0,0,6.85,152974.0,3126878.0,0,4.89,0.0,0.0,0,0.0,618323.0,9576466.0,0,6.46
1991,03,239391.0,2754890.0,0,8.69,189124.0,2569891.0,0,7.36,162892.0,3066724.0,0,5.31,0.0,0.0,0,0.0,634816.0,9058552.0,0,7.01
1991,04,239508.0,2350705.0,0,10.19,192264.0,2423125.0,0,7.93,171017.0,3140183.0,0,5.45,0.0,0.0,0,0.0,645519.0,8522752.0,0,7.57
1991,05,241395.0,2305027.0,0,10.47,202007.0,2512051.0,0,8.04,178768.0,3297337.0,0,5.42,0.0,0.0,0,0.0,666371.0,8735549.0,0,7.63
1991,06,347643.0,3282492.0,0,10.59,252057.0,3010411.0,0,8.37,195509.0,3407742.0,0,5.74,0.0,0.0,0,0.0,845905.0,10377315.0,0,8.15
1991,07,451516.0,4032616.0,0,11.2,278806.0,3157233.0,0,8.83,215492.0,3401496.0,0,6.34,0.0,0.0,0,0.0,999712.0,11297724.0,0,8.85
1991,08,365401.0,3308549.0,0,11.04,263689.0,3005171.0,0,8.77,212630.0,3531422.0,0,6.02,0.0,0.0,0,0.0,891445.0,10513956.0,0,8.48
1991,09,364271.0,3317197.0,0,10.98,261643.0,3043625.0,0,8.6,206485.0,3538928.0,0,5.83,0.0,0.0,0,0.0,883027.0,10574598.0,0,8.35
1991,10,261375.0,2393158.0,0,10.92,224304.0,2599251.0,0,8.63,198391.0,3374484.0,0,5.88,0.0,0.0,0,0.0,731294.0,9019913.0,0,8.11
1991,11,242829.0,2476479.0,0,9.81,192139.0,2534580.0,0,7.58,167708.0,3420115.0,0,4.9,0.0,0.0,0,0.0,645187.0,9084217.0,0,7.1
1991,12,292225.0,3158571.0,0,9.25,201658.0,2735708.0,0,7.37,166101.0,3184560.0,0,5.22,0.0,0.0,0,0.0,705379.0,9809795.0,0,7.19
1992,01,303215.0,3241507.0,0,9.35,200942.0,2636832.0,0,7.62,171109.0,3214612.0,0,5.32,0.0,0.0,0,0.0,721471.0,9773812.0,0,7.38
1992,02,263569.0,2981716.0,0,8.84,180011.0,2630782.0,0,6.84,163297.0,3459485.0,0,4.72,0.0,0.0,0,0.0,647321.0,9763454.0,0,6.63
1992,03,269856.0,2720883.0,0,9.92,196067.0,2560645.0,0,7.66,182687.0,3419561.0,0,5.34,0.0,0.0,0,0.0,693267.0,9366895.0,0,7.4
1992,04,251702.0,2532299.0,0,9.94,184459.0,2423849.0,0,7.61,166723.0,3200693.0,0,5.21,0.0,0.0,0,0.0,644194.0,8785301.0,0,7.33
1992,05,235831.0,2260362.0,0,10.43,193748.0,2470497.0,0,7.84,176246.0,3257159.0,0,5.41,0.0,0.0,0,0.0,648762.0,8622709.0,0,7.52
1992,06,269201.0,2369698.0,0,11.36,230579.0,2640387.0,0,8.73,201908.0,3426338.0,0,5.89,0.0,0.0,0,0.0,750543.0,9067613.0,0,8.28
1992,07,327870.0,2848145.0,0,11.51,257620.0,2817375.0,0,9.14,216350.0,3539963.0,0,6.11,0.0,0.0,0,0.0,850683.0,9848435.0,0,8.64
1992,08,312832.0,2771093.0,0,11.29,246539.0,2749936.0,0,8.97,212240.0,3512348.0,0,6.04,0.0,0.0,0,0.0,817301.0,9633841.0,0,8.48
1992,09,300328.0,2615160.0,0,11.48,249075.0,2754763.0,0,9.04,212614.0,3528508.0,0,6.03,0.0,0.0,0,0.0,813356.0,9556695.0,0,8.51
1992,10,250569.0,2277191.0,0,11.0,218264.0,2565270.0,0,8.51,198287.0,3578013.0,0,5.54,0.0,0.0,0,0.0,712135.0,9042893.0,0,7.88
1992,11,252696.0,2550616.0,0,9.91,190505.0,2499062.0,0,7.62,169861.0,3422681.0,0,4.96,0.0,0.0,0,0.0,655842.0,9132875.0,0,7.18
1992,12,294195.0,3198341.0,0,9.2,196860.0,2707457.0,0,7.27,166729.0,3338978.0,0,4.99,0.0,0.0,0,0.0,700401.0,9925995.0,0,7.06
1993,01,313163.0,3549613.0,0,8.82,202951.0,2865196.0,0,7.08,156633.0,3129693.0,0,5.0,0.0,0.0,0,0.0,718826.0,10279583.0,0,6.99
1993,02,270042.0,3108421.0,0,8.69,199774.0,2889447.0,0,6.91,163887.0,3413978.0,0,4.8,0.0,0.0,0,0.0,678601.0,10128255.0,0,6.7
1993,03,274249.0,3016263.0,0,9.09,202774.0,2834675.0,0,7.15,166368.0,3274338.0,0,5.08,0.0,0.0,0,0.0,688935.0,9885245.0,0,6.97
1993,04,247837.0,2554660.0,0,9.7,194992.0,2626936.0,0,7.42,163201.0,3195033.0,0,5.11,0.0,0.0,0,0.0,651009.0,9062439.0,0,7.18
1993,05,223407.0,2201699.0,0,10.15,199938.0,2654021.0,0,7.53,167073.0,3269705.0,0,5.11,0.0,0.0,0,0.0,632391.0,8770296.0,0,7.21
1993,06,274231.0,2475704.0,0,11.08,233876.0,2826825.0,0,8.27,183495.0,3389082.0,0,5.41,0.0,0.0,0,0.0,736284.0,9304528.0,0,7.91
1993,07,397784.0,3718161.0,0,10.7,264816.0,3155508.0,0,8.39,199292.0,3489580.0,0,5.71,0.0,0.0,0,0.0,907860.0,11000111.0,0,8.25
1993,08,389298.0,3602128.0,0,10.81,265664.0,3152502.0,0,8.43,203987.0,3537755.0,0,5.77,0.0,0.0,0,0.0,904601.0,10917358.0,0,8.29
1993,09,340362.0,3099002.0,0,10.98,259683.0,3053906.0,0,8.5,206371.0,3561730.0,0,5.79,0.0,0.0,0,0.0,854773.0,10357572.0,0,8.25
1993,10,356649.0,2211063.0,0,16.13,318072.0,2719787.0,0,11.69,259180.0,3392343.0,0,7.64,0.0,0.0,0,0.0,1000623.0,8921220.0,0,11.22
1993,11,246283.0,2512389.0,0,9.8,202197.0,2717172.0,0,7.44,164347.0,3311258.0,0,4.96,0.0,0.0,0,0.0,654866.0,9168460.0,0,7.14
1993,12,288374.0,3176618.0,0,9.08,204332.0,2858889.0,0,7.15,158912.0,3284945.0,0,4.84,0.0,0.0,0,0.0,693942.0,9991306.0,0,6.95
1994,01,328833.0,3813618.0,0,8.62,211914.0,3045961.0,0,6.96,170520.0,3466475.0,0,4.92,0.0,0.0,0,0.0,756151.0,11079980.0,0,6.82
1994,02,296182.0,3363635.0,0,8.81,211238.0,3011735.0,0,7.01,173818.0,3496575.0,0,4.97,0.0,0.0,0,0.0,727630.0,10649643.0,0,6.83
1994,03,271727.0,2897480.0,0,9.38,205073.0,2822778.0,0,7.26,175852.0,3467271.0,0,5.07,0.0,0.0,0,0.0,697237.0,9909122.0,0,7.04
1994,04,244381.0,2507681.0,0,9.75,195844.0,2668787.0,0,7.34,160183.0,3373239.0,0,4.75,0.0,0.0,0,0.0,642920.0,9221806.0,0,6.97
1994,05,227952.0,2208336.0,0,10.32,201884.0,2691099.0,0,7.5,166165.0,3415560.0,0,4.86,0.0,0.0,0,0.0,635821.0,8958504.0,0,7.1
1994,06,312005.0,2879872.0,0,10.83,253532.0,3096850.0,0,8.19,193136.0,3539991.0,0,5.46,0.0,0.0,0,0.0,806642.0,10205237.0,0,7.9
1994,07,422218.0,3922830.0,0,10.76,276334.0,3310364.0,0,8.35,210552.0,3567229.0,0,5.9,0.0,0.0,0,0.0,959033.0,11526939.0,0,8.32
1994,08,350743.0,3143449.0,0,11.16,272492.0,3186904.0,0,8.55,208334.0,3494508.0,0,5.96,0.0,0.0,0,0.0,879220.0,10505387.0,0,8.37
1994,09,321130.0,2901232.0,0,11.07,261611.0,3122084.0,0,8.38,195843.0,3665047.0,0,5.34,0.0,0.0,0,0.0,827066.0,10362206.0,0,7.98
1994,10,261790.0,2431547.0,0,10.77,239161.0,2950372.0,0,8.11,185421.0,3480351.0,0,5.33,0.0,0.0,0,0.0,731836.0,9532473.0,0,7.68
1994,11,236549.0,2425785.0,0,9.75,202895.0,2799828.0,0,7.25,164425.0,3418209.0,0,4.81,0.0,0.0,0,0.0,645659.0,9300749.0,0,6.94
1994,12,290763.0,3210263.0,0,9.06,206740.0,2955983.0,0,6.99,160119.0,3380906.0,0,4.74,0.0,0.0,0,0.0,698979.0,10238003.0,0,6.83
1995,01,317913.0,3652054.0,0,8.71,215700.0,3129528.0,0,6.89,167110.0,3436694.0,0,4.86,0.0,0.0,0,0.0,745562.0,10972801.0,0,6.79
1995,02,291221.0,3123968.0,0,9.32,214953.0,3004975.0,0,7.15,168711.0,3460573.0,0,4.88,0.0,0.0,0,0.0,719198.0,10300505.0,0,6.98
1995,03,287914.0,2860622.0,0,10.06,223182.0,2893648.0,0,7.71,182658.0,3400563.0,0,5.37,0.0,0.0,0,0.0,741018.0,9824163.0,0,7.54
1995,04,256460.0,2458726.0,0,10.43,213856.0,2796463.0,0,7.65,167667.0,3394574.0,0,4.94,0.0,0.0,0,0.0,684464.0,9364477.0,0,7.31
1995,05,246682.0,2337210.0,0,10.55,211306.0,2803520.0,0,7.54,171500.0,3411183.0,0,5.03,0.0,0.0,0,0.0,670594.0,9202053.0,0,7.29
1995,06,302903.0,2683648.0,0,11.29,256927.0,3062746.0,0,8.39,195312.0,3555476.0,0,5.49,0.0,0.0,0,0.0,803776.0,9969311.0,0,8.06
1995,07,459149.0,4151085.0,0,11.06,299289.0,3486869.0,0,8.58,208450.0,3686203.0,0,5.65,0.0,0.0,0,0.0,1019927.0,12041584.0,0,8.47
1995,08,542583.0,4927971.0,0,11.01,310420.0,3642680.0,0,8.52,217452.0,3659946.0,0,5.94,0.0,0.0,0,0.0,1122830.0,12945786.0,0,8.67
1995,09,424450.0,3817991.0,0,11.12,291711.0,3444742.0,0,8.47,212820.0,3736207.0,0,5.7,0.0,0.0,0,0.0,982581.0,11723625.0,0,8.38
1995,10,264456.0,2259321.0,0,11.71,259837.0,2989234.0,0,8.69,199463.0,3539678.0,0,5.64,0.0,0.0,0,0.0,771188.0,9404338.0,0,8.2
1995,11,268172.0,2676995.0,0,10.02,215703.0,2866645.0,0,7.52,166440.0,3368607.0,0,4.94,0.0,0.0,0,0.0,695413.0,9609300.0,0,7.24
1995,12,319884.0,3436547.0,0,9.31,220451.0,3096346.0,0,7.12,169411.0,3601115.0,0,4.7,0.0,0.0,0,0.0,755452.0,10873121.0,0,6.95
1996,01,358665.0,3917193.0,0,9.16,231289.0,3226307.0,0,7.17,176057.0,3522681.0,0,5.0,0.0,0.0,0,0.0,814537.0,11433529.0,0,7.12
1996,02,316130.0,3405498.0,0,9.28,231892.0,3178645.0,0,7.3,177120.0,3563875.0,0,4.97,0.0,0.0,0,0.0,775661.0,10937053.0,0,7.09
1996,03,295683.0,3090764.0,0,9.57,226319.0,3145196.0,0,7.2,167953.0,3437433.0,0,4.89,0.0,0.0,0,0.0,735799.0,10397076.0,0,7.08
1996,04,266573.0,2665415.0,0,10.0,216140.0,2820173.0,0,7.66,168336.0,3469292.0,0,4.85,0.0,0.0,0,0.0,694573.0,9622910.0,0,7.22
1996,05,254705.0,2413719.0,0,10.55,219727.0,2803316.0,0,7.84,171052.0,3614015.0,0,4.73,0.0,0.0,0,0.0,689316.0,9485103.0,0,7.27
1996,06,314916.0,2865758.0,0,10.99,257697.0,3099766.0,0,8.31,193586.0,3516650.0,0,5.5,0.0,0.0,0,0.0,815045.0,10157473.0,0,8.02
1996,07,427825.0,3752677.0,0,11.4,298410.0,3344446.0,0,8.92,216538.0,3586946.0,0,6.04,0.0,0.0,0,0.0,996774.0,11402899.0,0,8.74
1996,08,400613.0,3553672.0,0,11.27,302399.0,3417733.0,0,8.85,216220.0,3550301.0,0,6.09,0.0,0.0,0,0.0,973626.0,11245444.0,0,8.66
1996,09,382343.0,3387249.0,0,11.29,295110.0,3403909.0,0,8.67,211871.0,3682400.0,0,5.75,0.0,0.0,0,0.0,944781.0,11226853.0,0,8.42
1996,10,266798.0,2278225.0,0,11.71,250246.0,2917995.0,0,8.58,191776.0,3571019.0,0,5.37,0.0,0.0,0,0.0,759507.0,9432806.0,0,8.05
1996,11,262885.0,2620746.0,0,10.03,218248.0,2875031.0,0,7.59,168486.0,3448636.0,0,4.89,0.0,0.0,0,0.0,692294.0,9608213.0,0,7.21
1996,12,336324.0,3603275.0,0,9.33,236925.0,3208260.0,0,7.38,161954.0,3460013.0,0,4.68,0.0,0.0,0,0.0,782827.0,11041023.0,0,7.09
1997,01,368070.0,4042533.0,0,9.1,235319.0,3420513.0,0,6.88,174449.0,3512239.0,0,4.97,0.0,0.0,0,0.0,829302.0,11779612.0,0,7.04
1997,02,311441.0,3357286.0,0,9.28,237135.0,3368731.0,0,7.04,179644.0,4027307.0,0,4.46,0.0,0.0,0,0.0,779725.0,11585982.0,0,6.73
1997,03,298018.0,2937532.0,0,10.15,226176.0,2989972.0,0,7.56,174031.0,3094000.0,0,5.62,0.0,0.0,0,0.0,747326.0,9752208.0,0,7.66
1997,04,276098.0,2599973.0,0,10.62,229009.0,2880106.0,0,7.95,179794.0,3443366.0,0,5.22,0.0,0.0,0,0.0,734335.0,9682135.0,0,7.58
1997,05,263092.0,2352372.0,0,11.18,228442.0,2798207.0,0,8.16,190034.0,3468426.0,0,5.48,0.0,0.0,0,0.0,729864.0,9288848.0,0,7.86
1997,06,298210.0,2577464.0,0,11.57,266472.0,3071798.0,0,8.67,209212.0,3757246.0,0,5.57,0.0,0.0,0,0.0,824466.0,10093258.0,0,8.17
1997,07,455472.0,4105523.0,0,11.09,304077.0,3518568.0,0,8.64,212759.0,3466242.0,0,6.14,0.0,0.0,0,0.0,1026653.0,11804275.0,0,8.7
1997,08,434749.0,3799905.0,0,11.44,306058.0,3446030.0,0,8.88,219353.0,3897002.0,0,5.63,0.0,0.0,0,0.0,1015086.0,11892086.0,0,8.54
1997,09,333867.0,2890133.0,0,11.55,295837.0,3351760.0,0,8.83,215011.0,3772913.0,0,5.7,0.0,0.0,0,0.0,898803.0,10734519.0,0,8.37
1997,10,271003.0,2530723.0,0,10.71,255650.0,3224870.0,0,7.93,188956.0,3720757.0,0,5.08,0.0,0.0,0,0.0,762294.0,10145627.0,0,7.51
1997,11,270258.0,2776836.0,0,9.73,221642.0,2975054.0,0,7.45,165350.0,3236572.0,0,5.11,0.0,0.0,0,0.0,700768.0,9667810.0,0,7.25
1997,12,307585.0,3293930.0,0,9.34,219186.0,3114921.0,0,7.04,154987.0,3440916.0,0,4.5,0.0,0.0,0,0.0,722498.0,10526957.0,0,6.86
1998,01,351412.0,3644559.0,0,9.64,235649.0,3211521.0,0,7.34,166323.0,3425093.0,0,4.86,0.0,0.0,0,0.0,802252.0,11064197.0,0,7.25
1998,02,300149.0,2932103.0,0,10.24,235357.0,3109904.0,0,7.57,175347.0,3473161.0,0,5.05,0.0,0.0,0,0.0,759770.0,10263547.0,0,7.4
1998,03,287697.0,2863997.0,0,10.05,227903.0,2990984.0,0,7.62,173785.0,3543282.0,0,4.9,0.0,0.0,0,0.0,734823.0,10088742.0,0,7.28
1998,04,250790.0,2339678.0,0,10.72,215848.0,2824895.0,0,7.64,168962.0,3474926.0,0,4.86,0.0,0.0,0,0.0,679282.0,9283657.0,0,7.32
1998,05,300190.0,2716528.0,0,11.05,267828.0,3379206.0,0,7.93,199273.0,3854293.0,0,5.17,0.0,0.0,0,0.0,817779.0,10684953.0,0,7.65
1998,06,401445.0,3585505.0,0,11.2,301149.0,3595944.0,0,8.37,214846.0,3873197.0,0,5.55,0.0,0.0,0,0.0,970993.0,11742648.0,0,8.27
1998,07,526932.0,4493725.0,0,11.73,311398.0,3066562.0,0,10.15,211690.0,3050413.0,0,6.94,0.0,0.0,0,0.0,1086211.0,10967887.0,0,9.9
1998,08,409318.0,4490170.0,0,9.12,303295.0,3754442.0,0,8.08,256046.0,4646503.0,0,5.51,0.0,0.0,0,0.0,1024595.0,13639931.0,0,7.51
1998,09,305715.0,3374075.0,0,9.06,320749.0,4394548.0,0,7.3,165904.0,3339880.0,0,4.97,0.0,0.0,0,0.0,854102.0,12091972.0,0,7.06
1998,10,231885.0,2667604.0,0,8.69,258795.0,2922674.0,0,8.85,125646.0,3291011.0,0,3.82,0.0,0.0,0,0.0,664278.0,9472984.0,0,7.01
1998,11,226748.0,2772193.0,0,8.18,211574.0,4291569.0,0,4.93,155276.0,3269124.0,0,4.75,0.0,0.0,0,0.0,637462.0,11530783.0,0,5.53
1998,12,317931.0,3826921.0,0,8.31,203628.0,2250199.0,0,9.05,201426.0,4136282.0,0,4.87,0.0,0.0,0,0.0,785898.0,10865791.0,0,7.23
1999,01,295658.0,3892984.0,0,7.59,229025.0,3476829.0,0,6.59,160346.0,3339658.0,0,4.8,0.0,0.0,0,0.0,726642.0,11507547.0,0,6.31
1999,02,228369.0,2786968.0,0,8.19,229397.0,3237222.0,0,7.09,166093.0,3459344.0,0,4.8,0.0,0.0,0,0.0,666444.0,10228614.0,0,6.52
1999,03,273536.0,3297950.0,0,8.29,236627.0,3339254.0,0,7.09,162157.0,3377369.0,0,4.8,0.0,0.0,0,0.0,715208.0,10778354.0,0,6.64
1999,04,224179.0,2520652.0,0,8.89,217375.0,2983532.0,0,7.29,162643.0,3387503.0,0,4.8,0.0,0.0,0,0.0,647310.0,9646001.0,0,6.71
1999,05,234413.0,2522355.0,0,9.29,244848.0,3227948.0,0,7.59,186634.0,3731705.0,0,5.0,0.0,0.0,0,0.0,713832.0,10278797.0,0,6.94
1999,06,343749.0,3659502.0,0,9.39,314508.0,3988864.0,0,7.88,203030.0,3829729.0,0,5.3,0.0,0.0,0,0.0,911977.0,12267965.0,0,7.43
1999,07,464202.0,4889801.0,0,9.49,368224.0,4499269.0,0,8.18,247070.0,4491004.0,0,5.5,0.0,0.0,0,0.0,1142818.0,14866798.0,0,7.69
1999,08,424826.0,4475016.0,0,9.49,291180.0,3692990.0,0,7.88,193691.0,3585922.0,0,5.4,0.0,0.0,0,0.0,957584.0,12477517.0,0,7.67
1999,09,285971.0,2980979.0,0,9.59,264682.0,3535959.0,0,7.49,171160.0,3564901.0,0,4.8,0.0,0.0,0,0.0,764648.0,10782142.0,0,7.09
1999,10,207616.0,2360939.0,0,8.79,260128.0,3475116.0,0,7.49,181985.0,3567396.0,0,5.1,0.0,0.0,0,0.0,696539.0,10194694.0,0,6.83
1999,11,223808.0,2604270.0,0,8.59,221604.0,2846604.0,0,7.78,140272.0,3116325.0,0,4.5,0.0,0.0,0,0.0,622718.0,9353014.0,0,6.66
1999,12,294568.0,3639223.0,0,8.09,223120.0,3664817.0,0,6.09,128601.0,2520912.0,0,5.1,0.0,0.0,0,0.0,682022.0,10300098.0,0,6.62
2000,01,299185.0,3828621.0,0,7.81,255922.0,3844311.0,0,6.66,171497.0,3354262.0,0,5.11,0.0,0.0,0,0.0,766230.0,11924326.0,0,6.43
2000,02,265090.0,3244497.0,0,8.17,214562.0,3402231.0,0,6.31,155157.0,3285677.0,0,4.72,0.0,0.0,0,0.0,682552.0,10762886.0,0,6.34
2000,03,255065.0,2903400.0,0,8.79,226834.0,3155459.0,0,7.19,164007.0,3330241.0,0,4.92,0.0,0.0,0,0.0,690995.0,10257700.0,0,6.74
2000,04,225967.0,2528976.0,0,8.94,226816.0,3106584.0,0,7.3,158672.0,3328849.0,0,4.77,0.0,0.0,0,0.0,653603.0,9564790.0,0,6.83
2000,05,249238.0,2700772.0,0,9.23,265041.0,3589025.0,0,7.38,172225.0,3310657.0,0,5.2,0.0,0.0,0,0.0,730022.0,10513961.0,0,6.94
2000,06,312261.0,3283280.0,0,9.51,309659.0,3796371.0,0,8.16,183637.0,3645233.0,0,5.04,0.0,0.0,0,0.0,857794.0,11446418.0,0,7.49
2000,07,404972.0,4237373.0,0,9.56,317777.0,3969114.0,0,8.01,187914.0,3317869.0,0,5.66,0.0,0.0,0,0.0,958561.0,12320445.0,0,7.78
2000,08,402835.0,4247741.0,0,9.48,351519.0,4469263.0,0,7.87,219412.0,4038078.0,0,5.43,0.0,0.0,0,0.0,1027679.0,13665101.0,0,7.52
2000,09,325723.0,3485957.0,0,9.34,276052.0,3579958.0,0,7.71,166846.0,3339775.0,0,5.0,0.0,0.0,0,0.0,816874.0,11182930.0,0,7.3
2000,10,240704.0,2658995.0,0,9.05,271777.0,3583358.0,0,7.58,170730.0,3455618.0,0,4.94,0.0,0.0,0,0.0,728123.0,10511068.0,0,6.93
2000,11,242700.0,2863991.0,0,8.47,244153.0,3467601.0,0,7.04,152213.0,3465558.0,0,4.39,0.0,0.0,0,0.0,679308.0,10641036.0,0,6.38
2000,12,322537.0,4162798.0,0,7.75,246430.0,3891952.0,0,6.33,140493.0,3067394.0,0,4.58,0.0,0.0,0,0.0,753279.0,11906301.0,0,6.33
2001,01,321989.0,4276215.0,0,7.53,214598.0,3692911.0,0,5.81,140612.0,3489342.0,0,4.03,0.0,0.0,0,0.0,727442.0,12382564.0,0,5.87
2001,02,276209.0,3346876.0,0,8.25,236808.0,3564138.0,0,6.64,152013.0,3899633.0,0,3.9,0.0,0.0,0,0.0,720756.0,11675162.0,0,6.17
2001,03,268799.0,3226525.0,0,8.33,229597.0,3352045.0,0,6.85,141929.0,3299860.0,0,4.3,0.0,0.0,0,0.0,692811.0,10708729.0,0,6.47
2001,04,243295.0,2760593.0,0,8.81,215916.0,3074234.0,0,7.02,128576.0,3005147.0,0,4.28,0.0,0.0,0,0.0,635571.0,9619056.0,0,6.61
2001,05,250772.0,2724446.0,0,9.2,266969.0,3619727.0,0,7.38,160842.0,3500065.0,0,4.6,0.0,0.0,0,0.0,737153.0,10710949.0,0,6.88
2001,06,301850.0,3200664.0,0,9.43,303703.0,3781190.0,0,8.03,189666.0,3736532.0,0,5.08,0.0,0.0,0,0.0,858579.0,11618088.0,0,7.39
2001,07,432870.0,4594074.0,0,9.42,330429.0,4099057.0,0,8.06,193518.0,3618445.0,0,5.35,0.0,0.0,0,0.0,1008355.0,13059380.0,0,7.72
2001,08,504573.0,5399061.0,0,9.35,346140.0,4150073.0,0,8.34,165663.0,3399927.0,0,4.87,0.0,0.0,0,0.0,1081442.0,13895249.0,0,7.78
2001,09,319677.0,3470125.0,0,9.21,283453.0,3493105.0,0,8.11,167484.0,3318588.0,0,5.05,0.0,0.0,0,0.0,832422.0,11198585.0,0,7.43
2001,10,225690.0,2570265.0,0,8.78,267826.0,3506713.0,0,7.64,160752.0,3313323.0,0,4.85,0.0,0.0,0,0.0,712137.0,10292936.0,0,6.92
2001,11,201250.0,2499060.0,0,8.05,269952.0,3446599.0,0,7.83,166217.0,3158525.0,0,5.26,0.0,0.0,0,0.0,686158.0,9966282.0,0,6.88
2001,12,297589.0,3752102.0,0,7.93,228524.0,3355630.0,0,6.81,128636.0,3040556.0,0,4.23,0.0,0.0,0,0.0,697963.0,10906569.0,0,6.4
2002,01,306659.0,4071047.0,0,7.53,237261.0,3535421.0,0,6.71,120690.0,2792420.0,0,4.32,0.0,0.0,0,0.0,702332.0,11237259.0,0,6.25
2002,02,260724.0,3250843.0,0,8.02,238456.0,3454057.0,0,6.9,145227.0,3189891.0,0,4.55,0.0,0.0,0,0.0,694484.0,10760973.0,0,6.45
2002,03,269142.0,3352770.0,0,8.03,240550.0,3355593.0,0,7.17,151084.0,3281395.0,0,4.6,0.0,0.0,0,0.0,703040.0,10752024.0,0,6.54
2002,04,249566.0,3004530.0,0,8.31,248681.0,3420999.0,0,7.27,141347.0,3094988.0,0,4.57,0.0,0.0,0,0.0,683947.0,10346436.0,0,6.61
2002,05,238227.0,2713486.0,0,8.78,260402.0,3449952.0,0,7.55,160773.0,3435787.0,0,4.68,0.0,0.0,0,0.0,709223.0,10383023.0,0,6.83
2002,06,350928.0,3930166.0,0,8.93,312686.0,3918823.0,0,7.98,201898.0,3674104.0,0,5.5,0.0,0.0,0,0.0,920915.0,12341493.0,0,7.46
2002,07,520492.0,5814414.0,0,8.95,348425.0,4254783.0,0,8.19,187381.0,3548152.0,0,5.28,0.0,0.0,0,0.0,1109000.0,14435013.0,0,7.68
2002,08,464865.0,5227400.0,0,8.89,346976.0,4280081.0,0,8.11,191385.0,3474410.0,0,5.51,0.0,0.0,0,0.0,1057026.0,13854178.0,0,7.63
2002,09,329491.0,3694892.0,0,8.92,303199.0,3823673.0,0,7.93,179388.0,3374318.0,0,5.32,0.0,0.0,0,0.0,868599.0,11757475.0,0,7.39
2002,10,244608.0,2840558.0,0,8.61,298926.0,3775264.0,0,7.92,158711.0,3282693.0,0,4.83,0.0,0.0,0,0.0,753641.0,10724066.0,0,7.03
2002,11,244606.0,3125007.0,0,7.83,244031.0,3429190.0,0,7.12,142808.0,3128818.0,0,4.56,0.0,0.0,0,0.0,671597.0,10486891.0,0,6.4
2002,12,298603.0,4004956.0,0,7.46,246744.0,3545988.0,0,6.96,139362.0,3010539.0,0,4.63,0.0,0.0,0,0.0,731530.0,11368481.0,0,6.43
2003,01,329664.0,4453756.0,0,7.4,285973.0,4333514.0,0,6.6,168048.0,3495278.0,0,4.81,2566.0,43196.0,0,5.94,786251.0,12325745.0,0,6.38
2003,02,282241.0,3713555.0,0,7.6,274349.0,3937157.0,0,6.97,161906.0,3402338.0,0,4.76,2210.0,38879.0,0,5.68,720705.0,11091929.0,0,6.5
2003,03,275528.0,3496532.0,0,7.88,283852.0,4051201.0,0,7.01,168791.0,3453025.0,0,4.89,2723.0,45146.0,0,6.03,730895.0,11045905.0,0,6.62
2003,04,235379.0,2755042.0,0,8.54,273936.0,3704530.0,0,7.39,168641.0,3635147.0,0,4.64,2083.0,35413.0,0,5.88,680039.0,10130132.0,0,6.71
2003,05,233201.0,2639764.0,0,8.83,280111.0,3858992.0,0,7.26,179412.0,3700848.0,0,4.85,2581.0,42336.0,0,6.1,695305.0,10241940.0,0,6.79
2003,06,279983.0,3033990.0,0,9.23,318241.0,4137134.0,0,7.69,182562.0,3819176.0,0,4.78,2641.0,42701.0,0,6.18,783427.0,11033002.0,0,7.1
2003,07,434504.0,4797690.0,0,9.06,371096.0,4666089.0,0,7.95,194913.0,3673394.0,0,5.31,2549.0,38227.0,0,6.67,1003062.0,13175400.0,0,7.61
2003,08,447556.0,4987108.0,0,8.97,384559.0,4893595.0,0,7.86,207753.0,4054321.0,0,5.12,2513.0,41553.0,0,6.05,1042382.0,13976578.0,0,7.46
2003,09,323760.0,3657078.0,0,8.85,303838.0,4001556.0,0,7.59,173101.0,3564984.0,0,4.86,2388.0,42155.0,0,5.66,803087.0,11265773.0,0,7.13
2003,10,232180.0,2676564.0,0,8.67,306339.0,4072070.0,0,7.52,173388.0,3534210.0,0,4.91,2392.0,40856.0,0,5.85,714298.0,10323699.0,0,6.92
2003,11,239124.0,2945992.0,0,8.12,266664.0,3896570.0,0,6.84,154169.0,3346568.0,0,4.61,1707.0,34479.0,0,4.95,661664.0,10223608.0,0,6.47
2003,12,302688.0,4004261.0,0,7.56,268662.0,4008432.0,0,6.7,158821.0,3362480.0,0,4.72,2044.0,39008.0,0,5.24,732213.0,11414182.0,0,6.41
2004,01,337700.0,4579205.0,0,7.37,268598.0,3911979.0,0,6.87,172969.0,3724979.0,0,4.64,2261.0,45926.0,0,4.92,781528.0,12262090.0,0,6.37
2004,02,288502.0,3807600.0,0,7.58,275101.0,4042702.0,0,6.8,161398.0,3572236.0,0,4.52,3078.0,57196.0,0,5.38,728080.0,11479734.0,0,6.34
2004,03,275050.0,3361559.0,0,8.18,279194.0,3820452.0,0,7.31,168470.0,3804166.0,0,4.43,2208.0,37125.0,0,5.95,724922.0,11023302.0,0,6.58
2004,04,237855.0,2810255.0,0,8.46,270520.0,3628665.0,0,7.46,166989.0,3742707.0,0,4.46,1815.0,30795.0,0,5.89,677178.0,10212422.0,0,6.63
2004,05,255092.0,2910507.0,0,8.76,294108.0,3868516.0,0,7.6,187249.0,4287443.0,0,4.37,2043.0,36334.0,0,5.62,738492.0,11102800.0,0,6.65
2004,06,338684.0,3773340.0,0,8.98,326241.0,4107415.0,0,7.94,194754.0,4121525.0,0,4.73,1713.0,29046.0,0,5.9,861391.0,12031326.0,0,7.16
2004,07,415901.0,4554788.0,0,9.13,364501.0,4447250.0,0,8.2,207470.0,4117540.0,0,5.04,2502.0,37357.0,0,6.7,990374.0,13156935.0,0,7.53
2004,08,369629.0,4084075.0,0,9.05,342990.0,4166782.0,0,8.23,221579.0,4099850.0,0,5.4,2220.0,39036.0,0,5.69,936418.0,12389743.0,0,7.56
2004,09,328806.0,3655813.0,0,8.99,333308.0,4154750.0,0,8.02,194942.0,4252497.0,0,4.58,2047.0,32724.0,0,6.26,859103.0,12095784.0,0,7.1
2004,10,243515.0,2858285.0,0,8.52,287956.0,3735725.0,0,7.71,191644.0,3950976.0,0,4.85,2120.0,35350.0,0,6.0,725234.0,10580336.0,0,6.85
2004,11,241035.0,3003329.0,0,8.03,258050.0,3612395.0,0,7.14,175999.0,4296299.0,0,4.1,1704.0,31142.0,0,5.47,676788.0,10943165.0,0,6.18
2004,12,306494.0,4043776.0,0,7.58,269164.0,3861746.0,0,6.97,188148.0,4037790.0,0,4.66,1636.0,33007.0,0,4.96,765442.0,11976319.0,0,6.39
2005,01,339815.0,4677181.0,0,7.27,280068.0,4037769.0,0,6.94,164085.0,3421021.0,0,4.8,3947.0,68325.0,0,5.78,787915.0,12204296.0,0,6.46
2005,02,270328.0,3454342.0,0,7.83,273197.0,3769263.0,0,7.25,155889.0,3622963.0,0,4.3,2574.0,51619.0,0,4.99,701988.0,10898187.0,0,6.44
2005,03,291084.0,3655383.0,0,7.96,299093.0,4086774.0,0,7.32,166917.0,3788736.0,0,4.41,1200.0,27244.0,0,4.4,758294.0,11558137.0,0,6.56
2005,04,238284.0,2818253.0,0,8.46,273242.0,3621467.0,0,7.55,163604.0,3701464.0,0,4.42,2499.0,44407.0,0,5.63,677628.0,10185591.0,0,6.65
2005,05,244490.0,2798093.0,0,8.74,295454.0,3859597.0,0,7.66,175118.0,3953390.0,0,4.43,2091.0,33936.0,0,6.16,717153.0,10645017.0,0,6.74
2005,06,396484.0,4465607.0,0,8.88,386360.0,4688796.0,0,8.24,200311.0,4282795.0,0,4.68,2377.0,42010.0,0,5.66,985531.0,13479208.0,0,7.31
2005,07,532180.0,5931027.0,0,8.97,385391.0,4630532.0,0,8.32,200562.0,3861955.0,0,5.19,1343.0,15526.0,0,8.65,1119476.0,14439040.0,0,7.75
2005,08,501458.0,5651258.0,0,8.87,390000.0,4680956.0,0,8.33,199116.0,4117662.0,0,4.84,3775.0,65980.0,0,5.72,1094348.0,14515855.0,0,7.54
2005,09,365833.0,4106419.0,0,8.91,360443.0,4409067.0,0,8.18,186252.0,3958769.0,0,4.7,2550.0,44712.0,0,5.7,915078.0,12518967.0,0,7.31
2005,10,286133.0,3350609.0,0,8.54,342620.0,4130316.0,0,8.3,170866.0,3718200.0,0,4.6,2522.0,43950.0,0,5.74,802141.0,11243075.0,0,7.13
2005,11,264339.0,3288974.0,0,8.04,285000.0,3844003.0,0,7.41,156754.0,3508453.0,0,4.47,2205.0,39651.0,0,5.56,708298.0,10681080.0,0,6.63
2005,12,324452.0,4395454.0,0,7.38,303869.0,4218727.0,0,7.2,175446.0,3952853.0,0,4.44,2564.0,50727.0,0,5.05,806330.0,12617761.0,0,6.39
2006,01,305882.0,4116696.0,0,7.43,292421.0,4045171.0,0,7.23,170413.0,3980877.0,0,4.28,2695.0,55706.0,0,4.84,771410.0,12198450.0,0,6.32
2006,02,288810.0,3643338.0,0,7.93,295007.0,3949125.0,0,7.47,158794.0,3724694.0,0,4.26,2382.0,41997.0,0,5.67,744993.0,11359154.0,0,6.56
2006,03,288344.0,3646834.0,0,7.91,307480.0,4137882.0,0,7.43,166128.0,3853899.0,0,4.31,2584.0,48336.0,0,5.35,764535.0,11686951.0,0,6.54
2006,04,248693.0,2941218.0,0,8.46,295172.0,3817593.0,0,7.73,162307.0,3780035.0,0,4.29,2137.0,39192.0,0,5.45,708309.0,10578039.0,0,6.7
2006,05,282210.0,3165272.0,0,8.92,327825.0,4147828.0,0,7.9,163550.0,3630527.0,0,4.5,2382.0,40002.0,0,5.95,775967.0,10983628.0,0,7.06
2006,06,346222.0,3900566.0,0,8.88,375350.0,4362361.0,0,8.6,189535.0,3758025.0,0,5.04,2046.0,38841.0,0,5.27,913153.0,12059793.0,0,7.57
2006,07,528318.0,5776437.0,0,9.15,420505.0,4835826.0,0,8.7,201986.0,3871048.0,0,5.22,2786.0,40822.0,0,6.82,1153596.0,14524133.0,0,7.94
2006,08,464949.0,5214003.0,0,8.92,423680.0,4942261.0,0,8.57,208698.0,3973983.0,0,5.25,2528.0,44304.0,0,5.71,1099854.0,14174551.0,0,7.76
2006,09,295754.0,3212110.0,0,9.21,350985.0,4181514.0,0,8.39,184774.0,3692772.0,0,5.0,2622.0,44956.0,0,5.83,834135.0,11131352.0,0,7.49
2006,10,277596.0,3179371.0,0,8.73,339935.0,4196418.0,0,8.1,173233.0,3672797.0,0,4.72,2680.0,44948.0,0,5.96,793444.0,11093533.0,0,7.15
2006,11,267933.0,3444677.0,0,7.78,288464.0,3877122.0,0,7.44,158504.0,3453012.0,0,4.59,1748.0,32485.0,0,5.38,716649.0,10807296.0,0,6.63
2006,12,312498.0,4140965.0,0,7.55,308310.0,4137815.0,0,7.45,168001.0,3524755.0,0,4.77,2401.0,47397.0,0,5.07,791209.0,11850932.0,0,6.68
2007,01,415957.0,4320952.0,4512325,9.63,330871.0,3917230.0,510532,8.45,265976.0,3973416.0,2409,6.69,3843.0,73621.0,21,5.22,1016647.0,12285218.0,5025287,8.28
2007,02,388476.0,4040207.0,4550335,9.62,345883.0,4016957.0,516981,8.61,222541.0,3441995.0,2350,6.47,2549.0,40129.0,19,6.35,959449.0,11539288.0,5069685,8.31
2007,03,328310.0,3345223.0,4576958,9.81,355904.0,4283301.0,513555,8.31,247614.0,3858774.0,2021,6.42,4862.0,46439.0,19,10.47,936689.0,11533737.0,5092553,8.12
2007,04,304539.0,2921761.0,4562337,10.42,322033.0,3832796.0,513241,8.4,256262.0,4194377.0,2222,6.11,3218.0,52203.0,19,6.16,886053.0,11001136.0,5077819,8.05
2007,05,329029.0,3234828.0,4571941,10.17,371084.0,4451710.0,515537,8.34,262345.0,3970030.0,2215,6.61,1888.0,24935.0,19,7.57,964346.0,11681503.0,5089712,8.26
2007,06,454914.0,4301243.0,4558248,10.58,387759.0,4638575.0,514438,8.36,260288.0,3892503.0,2202,6.69,2462.0,41510.0,19,5.93,1105423.0,12873831.0,5074907,8.59
2007,07,499460.0,5048009.0,4578628,9.89,403799.0,4678486.0,517901,8.63,265204.0,3906172.0,2289,6.79,2700.0,45054.0,19,5.99,1171162.0,13677722.0,5098837,8.56
2007,08,576708.0,5602646.0,4558206,10.29,442116.0,5049910.0,515490,8.75,276410.0,3890321.0,2305,7.11,2677.0,44366.0,19,6.03,1297910.0,14587244.0,5076020,8.9
2007,09,420567.0,4078487.0,4580911,10.31,387654.0,4488522.0,516500,8.64,249574.0,3639073.0,2414,6.86,2660.0,43780.0,19,6.08,1060455.0,12249862.0,5099844,8.66
2007,10,348139.0,3241843.0,4580315,10.74,379513.0,4212560.0,523637,9.01,245197.0,3749949.0,2376,6.54,2506.0,39376.0,19,6.36,975355.0,11243728.0,5106347,8.67
2007,11,367909.0,3477880.0,4557981,10.58,361986.0,4277135.0,521033,8.46,228777.0,3438302.0,2513,6.65,2526.0,40437.0,19,6.25,961198.0,11233756.0,5081546,8.56
2007,12,429288.0,4423182.0,4595292,9.71,372929.0,4196054.0,521746,8.89,221161.0,3475388.0,2219,6.36,3169.0,53502.0,19,5.92,1026548.0,12148127.0,5119276,8.45
2008,01,437953.0,4581804.0,5106975,9.56,375893.0,4429727.0,587506,8.49,251590.0,3796325.0,6029,6.63,3946.0,65566.0,4,6.02,1069383.0,12873422.0,5700514,8.31
2008,02,405512.0,4103932.0,5087529,9.88,367675.0,4291873.0,584592,8.57,264674.0,3750865.0,5959,7.06,3340.0,51866.0,4,6.44,1041201.0,12198537.0,5678084,8.54
2008,03,371781.0,3563223.0,5125499,10.43,362236.0,4097597.0,589905,8.84,277438.0,3852987.0,6022,7.2,3647.0,56834.0,4,6.42,1015103.0,11570641.0,5721430,8.77
2008,04,333179.0,3023171.0,5087974,11.02,351778.0,3827461.0,584927,9.19,264639.0,3695475.0,5986,7.16,3088.0,45948.0,4,6.72,952683.0,10592055.0,5678891,8.99
2008,05,336659.0,2902619.0,5109471,11.6,365492.0,4005532.0,592907,9.12,263003.0,3752726.0,6052,7.01,2692.0,39675.0,4,6.79,967846.0,10700552.0,5708434,9.04
2008,06,484195.0,4186258.0,5135752,11.57,441330.0,4533618.0,614603,9.73,276290.0,3786565.0,6113,7.3,3342.0,38583.0,4,8.66,1205156.0,12545025.0,5756472,9.61
2008,07,577136.0,5056748.0,5094980,11.41,467533.0,4894312.0,586053,9.55,331170.0,4032755.0,6060,8.21,3691.0,45023.0,4,8.2,1379530.0,14028838.0,5687097,9.83
2008,08,519552.0,4621272.0,5095430,11.24,456983.0,4716174.0,586136,9.69,312241.0,4006514.0,6051,7.79,3841.0,47305.0,4,8.12,1292618.0,13391265.0,5687621,9.65
2008,09,398873.0,3430717.0,5087778,11.63,412494.0,4333590.0,581128,9.52,296456.0,3882628.0,6014,7.64,3727.0,45254.0,4,8.24,1111550.0,11692189.0,5674924,9.51
2008,10,376832.0,3128430.0,5080545,12.05,410699.0,4314742.0,576302,9.52,289615.0,3854562.0,5967,7.51,3349.0,39287.0,4,8.52,1080495.0,11337021.0,5662818,9.53
2008,11,436406.0,3564287.0,5094198,12.24,372250.0,3899905.0,579791,9.55,253176.0,3521741.0,5988,7.19,3405.0,39233.0,4,8.68,1065237.0,11025167.0,5679981,9.66
2008,12,499612.0,4617884.0,5076820,10.82,402066.0,4425946.0,575493,9.08,258649.0,3570044.0,5941,7.24,4564.0,51328.0,4,8.89,1164891.0,12665202.0,5658258,9.2
2009,01,514857.0,4772416.0,5093032,10.79,416146.0,4540378.0,576207,9.17,265099.0,3589211.0,5949,7.39,5608.0,67984.0,4,8.25,1201709.0,12969989.0,5675192,9.27
2009,02,411677.0,3589383.0,5114680,11.47,368801.0,3894749.0,576824,9.47,238853.0,3293731.0,5978,7.25,4321.0,52519.0,4,8.23,1023652.0,10830382.0,5697486,9.45
2009,03,413678.0,3524711.0,5093270,11.74,378963.0,4052842.0,574758,9.35,251108.0,3516486.0,5899,7.14,3796.0,43000.0,4,8.83,1047544.0,11137038.0,5673931,9.41
2009,04,367526.0,3071024.0,5084667,11.97,352608.0,3819528.0,574492,9.23,224813.0,3225884.0,5869,6.97,3363.0,38580.0,4,8.72,948309.0,10155015.0,5665032,9.34
2009,05,353851.0,2910315.0,5074669,12.16,361348.0,3950694.0,577806,9.15,232559.0,3385388.0,5887,6.87,3492.0,40385.0,4,8.65,951249.0,10286783.0,5658366,9.25
2009,06,463041.0,4063311.0,5069021,11.4,400765.0,4394984.0,574126,9.12,240901.0,3443122.0,5917,7.0,3294.0,36185.0,4,9.1,1108000.0,11937603.0,5649068,9.28
2009,07,452699.0,4128309.0,5057908,10.97,404197.0,4460338.0,574203,9.06,254032.0,3523203.0,5914,7.21,3176.0,36639.0,4,8.67,1114104.0,12148489.0,5638029,9.17
2009,08,483055.0,4333577.0,5062273,11.15,415646.0,4618400.0,576135,9.0,253066.0,3626570.0,5883,6.98,3961.0,45896.0,4,8.63,1155729.0,12624443.0,5644295,9.15
2009,09,393804.0,3431146.0,5049240,11.48,387847.0,4279301.0,573810,9.06,247630.0,3546602.0,5874,6.98,3443.0,42905.0,4,8.02,1032725.0,11299954.0,5628928,9.14
2009,10,352435.0,3087179.0,5053930,11.42,355154.0,4004609.0,575661,8.87,242383.0,3502420.0,5835,6.92,3087.0,38165.0,4,8.09,953059.0,10632372.0,5635430,8.96
2009,11,358047.0,3221557.0,5074562,11.11,336070.0,3857723.0,577984,8.71,225025.0,3304441.0,5852,6.81,2996.0,38246.0,4,7.83,922139.0,10421967.0,5658402,8.85
2009,12,431722.0,4191564.0,5071085,10.3,374733.0,4455733.0,577570,8.41,235877.0,3550258.0,5839,6.64,3705.0,46876.0,4,7.9,1046037.0,12244431.0,5654498,8.54
2010,01,480261.0,4833412.0,5074906,9.94,389392.0,4484554.0,578632,8.68,256263.0,3655831.0,6018,7.01,4435.0,66441.0,4,6.68,1130351.0,13040239.0,5659560,8.67
2010,02,425852.0,4033063.0,5079337,10.56,350705.0,4036979.0,577104,8.69,246971.0,3641089.0,6087,6.78,3397.0,47201.0,4,7.2,1026925.0,11758332.0,5662532,8.73
2010,03,386821.0,3523254.0,5090297,10.98,353823.0,3965726.0,578383,8.92,228636.0,3271895.0,5928,6.99,3694.0,55835.0,4,6.62,972974.0,10816710.0,5674612,9.0
2010,04,330399.0,2846327.0,5082494,11.61,332659.0,3819258.0,578862,8.71,234043.0,3517537.0,5999,6.65,2704.0,37959.0,4,7.12,899805.0,10221082.0,5667359,8.8
2010,05,376454.0,3123277.0,5068061,12.05,351148.0,4001820.0,577648,8.77,250807.0,3704677.0,5963,6.77,2714.0,40167.0,4,6.76,981124.0,10869941.0,5651676,9.03
2010,06,549553.0,4327167.0,5064223,12.7,403917.0,4393958.0,577720,9.19,249885.0,3751808.0,6033,6.66,2913.0,39437.0,4,7.39,1206268.0,12512370.0,5647980,9.64
2010,07,726574.0,5990965.0,5059182,12.13,448520.0,4820393.0,578305,9.3,274935.0,3951811.0,6017,6.96,3122.0,46164.0,4,6.76,1453152.0,14809333.0,5643508,9.81
2010,08,681391.0,5695706.0,5061221,11.96,484928.0,5167304.0,579147,9.38,296890.0,4072455.0,5662,7.29,2453.0,36358.0,4,6.75,1465663.0,14971823.0,5646034,9.79
2010,09,443204.0,3771664.0,5054184,11.75,394838.0,4370839.0,577770,9.03,258896.0,3758317.0,6050,6.89,2710.0,40929.0,4,6.62,1099649.0,11941748.0,5638008,9.21
2010,10,361280.0,2957068.0,5064352,12.22,364042.0,4102193.0,579611,8.87,241056.0,3644454.0,6041,6.61,2745.0,43030.0,3,6.38,969122.0,10746745.0,5650007,9.02
2010,11,371076.0,3098572.0,5062616,11.98,343263.0,3933172.0,579530,8.73,230395.0,3492675.0,6029,6.6,2757.0,43221.0,3,6.38,947491.0,10567641.0,5648178,8.97
2010,12,466153.0,4382511.0,5079692,10.64,348030.0,4341217.0,582374,8.02,242281.0,3717574.0,6050,6.52,3985.0,63408.0,3,6.28,1060449.0,12504709.0,5668119,8.48
2011,01,482954.0,4684229.0,5075394,10.31,354733.0,4394472.0,580176,8.07,243514.0,3807291.0,5831,6.4,3771.0,55702.0,3,6.77,1084973.0,12941695.0,5661404,8.38
2011,02,444769.0,3975571.0,5100163,11.19,352194.0,4076089.0,582779,8.64,224630.0,3493299.0,5806,6.43,3245.0,49141.0,3,6.6,1024839.0,11594099.0,5688751,8.84
2011,03,416558.0,3501740.0,5098420,11.9,345276.0,4029260.0,582128,8.57,241363.0,3721991.0,5811,6.48,3139.0,42416.0,3,7.4,1006336.0,11295406.0,5686362,8.91
2011,04,357919.0,3012842.0,5089207,11.88,327072.0,3779851.0,582400,8.65,226394.0,3574313.0,5775,6.33,2096.0,36389.0,3,5.76,913481.0,10403395.0,5677385,8.78
2011,05,384496.0,3107957.0,5088224,12.37,347844.0,3935978.0,583326,8.84,227339.0,3577850.0,5760,6.35,2650.0,39872.0,3,6.65,962329.0,10661657.0,5677313,9.03
2011,06,489145.0,4055735.0,5076312,12.06,387721.0,4307399.0,585162,9.0,250416.0,3750037.0,5814,6.68,3113.0,41813.0,3,7.45,1130395.0,12154984.0,5667291,9.3
2011,07,703933.0,5911006.0,5101031,11.91,430464.0,4889514.0,592351,8.8,254186.0,3912961.0,5857,6.5,2872.0,45739.0,3,6.28,1391455.0,14759220.0,5699242,9.43
2011,08,596817.0,5168270.0,5082645,11.55,442347.0,4830347.0,590439,9.16,283091.0,4131584.0,5908,6.85,3176.0,42368.0,3,7.5,1325432.0,14172569.0,5678995,9.35
2011,09,470794.0,3690000.0,5083700,12.76,362351.0,4248523.0,591496,8.53,235796.0,3787660.0,5885,6.23,3018.0,41330.0,3,7.3,1071958.0,11767513.0,5681084,9.11
2011,10,376688.0,2931398.0,5092448,12.85,343183.0,4018623.0,592403,8.54,225715.0,3718038.0,5886,6.07,2186.0,32155.0,3,6.8,947772.0,10700214.0,5690740,8.86
2011,11,390453.0,3154583.0,5081248,12.38,334354.0,3854648.0,591200,8.67,235765.0,3657627.0,5892,6.45,2967.0,45386.0,3,6.54,963539.0,10712244.0,5678343,8.99
2011,12,430580.0,3863671.0,5104653,11.14,333676.0,4103334.0,594132,8.13,230787.0,3711461.0,5881,6.22,2951.0,44105.0,3,6.69,997995.0,11722572.0,5704669,8.51
2012,01,465582.0,4152165.0,5092113,11.21,347279.0,4307733.0,586899,8.06,226277.0,3742946.0,6054,6.05,3298.0,46482.0,3,7.1,1042436.0,12249326.0,5685069,8.51
2012,02,415664.0,3630596.0,5111627,11.45,325373.0,3946789.0,590126,8.24,215490.0,3649252.0,6039,5.91,3097.0,52479.0,3,5.9,959624.0,11279115.0,5707795,8.51
2012,03,385176.0,3218695.0,5107765,11.97,322851.0,3985623.0,586906,8.1,215312.0,3711637.0,6051,5.8,2910.0,44153.0,3,6.59,926248.0,10960108.0,5700725,8.45
2012,04,338779.0,2722093.0,5106924,12.45,301526.0,3694692.0,587210,8.16,210740.0,3643840.0,6016,5.78,2714.0,40662.0,3,6.67,853759.0,10101287.0,5700153,8.45
2012,05,407924.0,3205656.0,5099561,12.73,335105.0,4056671.0,586993,8.26,229342.0,3824830.0,6005,6.0,2612.0,44823.0,3,5.83,974983.0,11131980.0,5692562,8.76
2012,06,509025.0,4530627.0,5093198,11.24,348086.0,4486977.0,587760,7.76,216631.0,3818273.0,6044,5.67,3069.0,44409.0,3,6.91,1076811.0,12880287.0,5687005,8.36
2012,07,684072.0,6329758.0,5083848,10.81,403733.0,5057892.0,587388,7.98,245696.0,4200105.0,6017,5.85,3260.0,48427.0,3,6.73,1336761.0,15636182.0,5677256,8.55
2012,08,554930.0,5149124.0,5140065,10.78,385197.0,4821316.0,615265,7.99,239842.0,4047841.0,6229,5.93,2504.0,45624.0,3,5.49,1182473.0,14063905.0,5761562,8.41
2012,09,434394.0,3825407.0,5082851,11.36,346099.0,4302719.0,588078,8.04,215442.0,3770848.0,6014,5.71,2764.0,49428.0,3,5.59,998698.0,11948402.0,5676946,8.36
2012,10,359922.0,3022484.0,5083552,11.91,324933.0,4173530.0,588070,7.79,209837.0,3685846.0,6030,5.69,2201.0,40073.0,3,5.49,896893.0,10921933.0,5677655,8.21
2012,11,368235.0,3243148.0,5087160,11.35,304146.0,3859490.0,587879,7.88,198886.0,3541696.0,5997,5.62,2770.0,47737.0,3,5.8,874037.0,10692070.0,5681039,8.17
2012,12,411383.0,3872117.0,5095074,10.62,314149.0,4114483.0,589062,7.64,201589.0,3640330.0,6005,5.54,2795.0,48480.0,3,5.77,929916.0,11675410.0,5690144,7.96
2013,01,445701.23,4276112.6,5114603,10.42,329980.31,4216714.0,596854,7.83,218776.53,3808560.7,6498,5.74,2807.58,51958.58,4,5.4,997265.65,12353346.0,5717959,8.07
2013,02,411295.53,3789573.4,5107001,10.85,319462.01,3935438.3,594765,8.12,213531.57,3676572.2,6469,5.81,2771.45,52852.12,4,5.24,947060.55,11454436.0,5708239,8.27
2013,03,393712.68,3763457.2,5135445,10.46,330854.03,4093132.7,598409,8.08,217942.76,3698989.8,6512,5.89,2688.95,48836.53,4,5.51,945198.42,11604416.0,5740370,8.15
2013,04,346890.17,3177405.4,5123047,10.92,326769.91,3979706.9,596713,8.21,212884.31,3586842.4,6468,5.94,2933.77,50930.16,4,5.76,889478.16,10794885.0,5726232,8.24
2013,05,376288.56,3164201.1,5123356,11.89,341504.2,3935179.7,597735,8.68,233798.09,3831537.3,6515,6.1,2619.92,45815.61,4,5.72,954210.76,10976734.0,5727610,8.69
2013,06,403823.82,3819582.7,5114711,10.57,341865.63,4257937.6,594911,8.03,215004.6,3567988.9,6507,6.03,2399.64,42625.4,4,5.63,963093.68,11688135.0,5716133,8.24
2013,07,512277.6,4904850.9,5116469,10.44,387379.13,4693534.5,596635,8.25,235244.1,3861605.3,6485,6.09,2753.93,46816.45,4,5.88,1137654.8,13506807.0,5719593,8.42
2013,08,504655.48,4703030.9,5111035,10.73,391436.91,4646542.6,595903,8.42,240439.46,3939017.8,6471,6.1,2777.69,50802.17,4,5.47,1139309.5,13339394.0,5713413,8.54
2013,09,374343.39,3710810.8,5117088,10.09,343656.21,4288780.9,596841,8.01,222441.06,3626423.3,6519,6.13,2511.46,47124.72,3,5.33,942952.11,11673140.0,5720451,8.08
2013,10,349967.49,3119075.1,5126467,11.22,344050.74,4165013.8,595805,8.26,219954.1,3678870.7,6486,5.98,1861.08,40115.84,3,4.64,915833.41,11003075.0,5728761,8.32
2013,11,370674.58,3492923.4,5126155,10.61,311403.04,3872093.4,597360,8.04,205762.16,3551224.9,6494,5.79,1772.31,37729.63,3,4.7,889612.09,10953971.0,5730012,8.12
2013,12,438030.52,4451210.5,5131860,9.84,342418.92,4388631.5,598186,7.8,202036.81,3559136.7,6523,5.68,2686.3,57570.8,3,4.67,985172.54,12456550.0,5736572,7.91
2014,01,495219.5,4791210.4,5136895,10.34,416443.36,4641132.6,598321,8.97,260567.23,3778463.7,6094,6.9,3746.02,61504.41,3,6.09,1175976.1,13272311.0,5741313,8.86
2014,02,472106.97,4314963.7,5142943,10.94,373015.22,4023844.5,599507,9.27,259898.93,3618406.6,6087,7.18,5418.5,69365.98,3,7.81,1110439.6,12026581.0,5748540,9.23
2014,03,436154.07,3869226.9,5161635,11.27,397767.19,4242614.1,601943,9.38,259569.62,3731777.8,6098,6.96,3105.64,43654.53,3,7.11,1096596.5,11887273.0,5769679,9.23
2014,04,361761.99,2939162.0,5143446,12.31,352611.28,3809793.1,598363,9.26,222332.09,3407604.9,6071,6.52,3267.48,54305.84,3,6.02,939972.84,10210866.0,5747883,9.21
2014,05,393476.37,3152528.2,5135260,12.48,380897.81,4030685.9,598437,9.45,243190.66,3759192.4,6081,6.47,2485.12,41132.67,3,6.04,1020050.0,10983539.0,5739781,9.29
2014,06,497710.04,4095842.4,5143366,12.15,412250.15,4364200.4,600168,9.45,250735.67,3721963.0,6136,6.74,2365.26,41606.69,3,5.68,1163061.1,12223612.0,5749673,9.51
2014,07,511305.05,4228228.8,5138246,12.09,420316.77,4446574.9,599459,9.45,266219.85,3941017.5,6095,6.76,2713.57,44916.35,3,6.04,1200555.2,12660737.0,5743803,9.48
2014,08,582033.93,4691414.5,5135375,12.41,444899.03,4657723.5,600358,9.55,265020.07,3887201.6,6138,6.82,3003.18,51706.41,3,5.81,1294956.2,13288046.0,5741874,9.75
2014,09,398353.8,3306056.5,5145254,12.05,345473.54,4179675.2,601356,8.27,272055.99,3644786.4,6113,7.46,3042.06,38581.6,3,7.88,1018925.4,11169100.0,5752726,9.12
2014,10,398937.7,2951359.2,5142432,13.52,384121.28,3976158.0,600690,9.66,252287.76,3638992.7,6090,6.93,3524.63,44577.05,3,7.91,1038871.4,10611087.0,5749215,9.79
2014,11,457251.56,3622758.8,5154036,12.62,363305.26,3969935.0,601921,9.15,242771.3,3698186.9,6094,6.56,3579.66,45045.59,3,7.95,1066907.8,11335926.0,5762054,9.41
2014,12,476813.73,4046706.7,5161357,11.78,396809.22,4277142.9,602391,9.28,242596.32,3502089.6,6085,6.93,3601.72,45268.88,3,7.96,1119821.0,11871208.0,5769836,9.43
2015,01,504659.3,4408452.1,5160754,11.45,391750.37,4447390.3,602306,8.81,245169.11,3604817.6,6009,6.8,3325.27,51326.76,3,6.48,1144904.1,12511987.0,5769072,9.15
2015,02,483502.46,4071210.5,5151440,11.88,369596.83,4102734.1,600043,9.01,243512.61,3497810.7,5989,6.96,4081.83,60871.64,3,6.71,1100693.7,11732627.0,5757475,9.38
2015,03,443824.91,3715636.8,5183492,11.94,389402.08,4121274.4,605283,9.45,283789.64,3861023.7,6004,7.35,2900.85,43400.23,3,6.68,1119917.5,11741335.0,5794782,9.54
2015,04,367688.1,2763491.7,5164712,13.31,332214.62,3712019.8,602947,8.95,218082.6,3413523.1,5991,6.39,2814.16,40018.96,3,7.03,920799.48,9929053.5,5773653,9.27
2015,05,398495.62,3004835.0,5159321,13.26,363009.17,4064752.3,602638,8.93,226621.55,3638850.8,5987,6.23,2636.54,37747.11,3,6.98,990762.88,10746185.0,5767949,9.22
2015,06,474452.65,3772235.2,5159355,12.58,382389.4,4285422.5,602611,8.92,236829.23,3648294.9,5986,6.49,2713.52,39572.2,3,6.86,1096384.8,11745525.0,5767955,9.33
2015,07,595554.69,4740489.9,5164859,12.56,427180.17,4677387.9,603034,9.13,258346.92,3852411.2,6007,6.71,2956.11,43677.27,3,6.77,1284037.9,13313966.0,5773903,9.64
2015,08,582727.24,4656094.4,5172210,12.52,431008.82,4675559.2,603557,9.22,255642.88,3732689.6,5998,6.85,2805.11,41911.8,3,6.69,1272184.1,13106255.0,5781768,9.71
2015,09,484994.46,3790162.9,5177151,12.8,401783.91,4371275.4,603362,9.19,251041.07,3770275.5,6024,6.66,2862.04,42156.15,3,6.79,1140681.5,11973870.0,5786540,9.53
2015,10,388097.63,2857298.4,5188432,13.58,363892.62,3998596.0,604168,9.1,229656.94,3475637.4,6007,6.61,2735.6,41012.3,3,6.67,984382.78,10372544.0,5798610,9.49
2015,11,417362.57,3144735.2,5194844,13.27,343470.75,3821516.8,603973,8.99,214031.19,3319462.2,5980,6.45,2748.07,38267.41,3,7.18,977612.58,10323982.0,5804800,9.47
2015,12,439741.52,3720995.9,5195262,11.82,344781.21,4041886.2,604315,8.53,212681.97,3315874.4,5995,6.41,3073.47,43884.16,3,7.0,1000278.2,11122641.0,5805575,8.99
2016,01,495168.16,4208791.5,5222482,11.77,382168.68,4399523.4,606658,8.69,222822.82,3449632.7,6059,6.46,2901.1,43251.85,3,6.71,1103060.8,12101199.0,5835202,9.12
2016,02,443964.91,3616923.6,5227440,12.27,346348.35,3958079.6,606592,8.75,227082.27,3470970.1,6065,6.54,3411.8,52368.19,3,6.52,1020807.3,11098342.0,5840100,9.2
2016,03,409661.75,3180574.7,5230407,12.88,348686.76,3907781.7,606706,8.92,233848.94,3642553.1,6018,6.42,2816.3,40509.05,3,6.95,995013.75,10771418.0,5843134,9.24
2016,04,368496.89,2814261.0,5224792,13.09,342620.22,3827577.3,605784,8.95,222227.74,3447823.6,6037,6.45,2664.32,37382.42,3,7.13,936009.16,10127044.0,5836616,9.24
2016,05,408892.24,3004481.4,5226552,13.61,364875.3,3923258.1,606147,9.3,234125.13,3613399.9,6023,6.48,2613.4,38258.31,3,6.83,1010506.1,10579398.0,5838725,9.55
2016,06,558882.49,4455687.3,5223885,12.54,401451.14,4467983.9,606354,8.99,231564.52,3576052.4,6055,6.48,2719.61,40308.7,3,6.75,1194617.8,12540032.0,5836297,9.53
2016,07,651281.65,5271965.2,5222174,12.35,442125.82,4764654.5,606357,9.28,266872.94,4037249.4,6044,6.61,3068.05,48467.62,3,6.33,1363348.5,14122337.0,5834578,9.65
2016,08,661452.88,5405322.9,5230527,12.24,453749.61,4968418.2,607232,9.13,274289.74,4080159.6,6082,6.72,2755.01,41279.53,3,6.67,1392247.2,14495180.0,5843844,9.6
2016,09,494205.07,3945174.4,5234756,12.53,410774.58,4502704.6,607300,9.12,245359.96,3702134.3,6087,6.63,2966.83,46933.15,3,6.32,1153306.4,12196946.0,5848146,9.46
2016,10,387120.93,2971292.5,5241940,13.03,371216.04,4049652.2,607678,9.17,241025.07,3613753.3,6072,6.67,2597.87,38287.4,3,6.79,1001959.9,10672985.0,5855693,9.39
2016,11,392097.38,2983269.1,5242039,13.14,346519.55,3817939.5,607481,9.08,214178.53,3323064.7,6044,6.45,2438.71,35269.95,3,6.91,955234.17,10159543.0,5855567,9.4
2016,12,493720.61,4132308.4,5251480,11.95,381185.17,4322481.1,609119,8.82,226284.35,3674960.9,6067,6.16,3623.66,56232.82,3,6.44,1104813.8,12185983.0,5866669,9.07
2017,01,479190.23,4149193.1,5252615,11.55,364268.56,4289904.5,609992,8.49,230201.75,3603343.3,5731,6.39,2826.16,46631.99,3,6.06,1076486.7,12089073.0,5868341,8.9
2017,02,398669.43,3187244.6,5259181,12.51,332845.48,3843642.7,610469,8.66,206502.19,3236681.1,5652,6.38,2593.98,43377.22,3,5.98,940611.08,10310946.0,5875305,9.12
2017,03,454019.78,3238050.1,5257382,14.02,396619.57,4009169.7,607625,9.89,244021.0,3591195.3,5697,6.8,2345.05,34608.02,3,6.78,1097005.4,10873023.0,5870707,10.09
2017,04,363045.41,2671671.6,5266977,13.59,333587.01,3587345.7,612971,9.3,221729.72,3458760.6,5715,6.41,2412.65,39612.29,3,6.09,920774.8,9757390.1,5885666,9.44
2017,05,405452.89,2878184.4,5262675,14.09,375907.9,3991583.8,612025,9.42,229657.6,3476171.2,5716,6.61,2615.45,40305.82,3,6.49,1013633.9,10386245.0,5880419,9.76
2017,06,553395.98,4211556.6,5257676,13.14,398734.22,4298579.1,610978,9.28,245471.72,3707142.0,5725,6.62,2648.89,40865.97,3,6.48,1200250.8,12258144.0,5874382,9.79
2017,07,624857.96,5085450.4,5257810,12.29,427994.22,4719825.4,611688,9.07,249095.04,3849307.7,5705,6.47,2573.07,39134.74,3,6.57,1304520.3,13693718.0,5875206,9.53
2017,08,541035.23,4217634.9,5262212,12.83,417097.16,4574016.6,611757,9.12,245468.72,3733845.9,5699,6.57,3218.52,50844.81,3,6.33,1206819.6,12576342.0,5879671,9.6
2017,09,497694.16,3802660.6,5265838,13.09,389764.83,4329077.5,611826,9.0,235184.24,3710458.8,5681,6.34,2821.92,45242.73,3,6.24,1125465.1,11887440.0,5883348,9.47
2017,10,382078.78,2913039.6,5271290,13.12,382726.5,4177790.9,612635,9.16,231380.01,3599117.3,5693,6.43,3004.21,45365.0,3,6.62,999189.49,10735313.0,5889621,9.31
2017,11,453355.41,3315701.7,5274484,13.67,348002.19,3901539.9,613406,8.92,214639.42,3385455.6,5651,6.34,2548.41,38694.9,3,6.59,1018545.4,10641392.0,5893544,9.57
2017,12,509108.77,4047003.5,5283851,12.58,375060.34,4265409.2,614624,8.79,228833.88,3619215.2,5662,6.32,3442.21,55656.5,3,6.18,1116445.2,11987284.0,5904140,9.31
2018,01,572472.48,4494512.3,5286539,12.74,434331.69,4463656.2,614328,9.73,280638.25,3623161.1,5715,7.75,3425.79,43778.58,3,7.83,1290868.2,12625108.0,5906585,10.22
2018,02,451544.5,3618818.8,5282702,12.48,333296.99,3841802.4,614647,8.68,229394.28,3457848.5,5703,6.63,3332.23,57308.15,3,5.81,1017568.0,10975778.0,5903055,9.27
2018,03,439729.74,3400535.7,5293320,12.93,358009.54,4045970.9,615312,8.85,231215.11,3535793.7,5705,6.54,2703.53,42986.51,3,6.29,1031657.9,11025287.0,5914340,9.36
2018,04,403740.87,3043617.1,5288264,13.27,340788.25,3734834.9,615453,9.12,227633.12,3441543.6,5694,6.61,2686.43,41954.85,3,6.4,974848.67,10261950.0,5909414,9.5
2018,05,464194.66,3466372.1,5288732,13.39,378964.72,4198324.2,615646,9.03,245867.96,3755151.1,5684,6.55,2722.35,41950.13,3,6.49,1091749.7,11461798.0,5910065,9.53
2018,06,564950.62,4431454.7,5276923,12.75,404284.54,4420800.3,614968,9.15,264683.89,3997403.3,5783,6.62,2932.1,45131.01,3,6.5,1236851.2,12894789.0,5897677,9.59
2018,07,624319.21,5218653.9,5282121,11.96,428175.17,4688413.1,616221,9.13,270386.6,3987417.9,5742,6.78,3040.43,43788.69,3,6.94,1325921.4,13938274.0,5904087,9.51
2018,08,651415.62,5203480.6,5294573,12.52,439341.82,4804216.2,617658,9.14,268144.54,3955526.5,5734,6.78,3283.7,49273.0,3,6.66,1362185.7,14012496.0,5917968,9.72
2018,09,488100.81,3925314.9,5284187,12.43,393216.02,4310551.0,616171,9.12,238614.31,3620929.2,5721,6.59,3423.66,47982.86,3,7.14,1123354.8,11904778.0,5906082,9.44
2018,10,422043.76,3128194.8,5295509,13.49,388690.29,4112021.2,617950,9.45,246121.4,3539341.9,5728,6.95,3062.76,43476.18,3,7.04,1059918.2,10823034.0,5919190,9.79
2018,11,461296.37,3426915.6,5297102,13.46,358517.54,3881488.0,616694,9.24,249188.81,3604542.7,5660,6.91,3017.29,42925.78,3,7.03,1072020.0,10955872.0,5919459,9.78
2018,12,484723.17,3868044.7,5304880,12.53,373815.75,4260750.8,619290,8.77,247050.63,3596051.5,5748,6.87,3574.85,50797.27,3,7.04,1109164.4,11775644.0,5929921,9.42
2019,01,535674.66,4327976.6,5307549,12.38,374116.15,4252616.2,620341,8.8,255008.59,3729715.5,5730,6.84,3372.84,47290.69,3,7.13,1168172.2,12357599.0,5933623,9.45
2019,02,462583.68,3650599.6,5311172,12.67,362190.62,3939430.5,620946,9.19,237269.32,3440234.6,5737,6.9,3625.43,55159.63,3,6.57,1065669.1,11085424.0,5937858,9.61
2019,03,474485.34,3652911.6,5311932,12.99,366233.38,4064192.1,620764,9.01,242975.81,3528996.8,5731,6.89,5403.98,79008.59,3,6.84,1089098.5,11325109.0,5938430,9.62
2019,04,394411.6,2753651.8,5314346,14.32,346941.89,3723192.6,621255,9.32,223973.07,3290696.8,5735,6.81,3351.59,44512.49,3,7.53,968678.14,9812053.7,5941339,9.87
2019,05,412843.76,2883980.1,5306559,14.32,356714.31,3845317.4,620868,9.28,228666.27,3609591.4,5725,6.34,3232.32,44840.59,3,7.21,1001456.7,10383729.0,5933155,9.64
2019,06,495636.31,3692805.6,5310008,13.42,364283.33,4016979.8,622495,9.07,225084.06,3613179.1,5728,6.23,2966.24,38305.88,3,7.74,1087969.9,11361270.0,5938234,9.58
2019,07,680365.98,5605394.1,5310486,12.14,430677.69,4757173.4,622847,9.05,251650.08,3930833.9,5747,6.4,3259.35,45485.27,3,7.17,1365953.1,14338887.0,5939083,9.53
2019,08,577747.21,4546825.2,5311077,12.71,413174.58,4586380.0,622489,9.01,244763.33,3851502.2,5751,6.36,3306.54,49663.55,3,6.66,1238991.7,13034371.0,5939320,9.51
2019,09,488217.03,3848740.6,5317603,12.69,376306.03,4193390.2,624098,8.97,227397.9,3709762.4,5745,6.13,2997.63,42944.68,3,6.98,1094918.6,11794838.0,5947449,9.28
2019,10,420785.03,3035749.6,5315884,13.86,370735.96,3948404.4,624137,9.39,244381.65,3543385.8,5724,6.9,1812.64,38144.82,3,4.75,1037715.3,10565685.0,5945748,9.82
2019,11,463100.97,3427812.5,5322138,13.51,353067.12,3851077.8,625532,9.17,222738.7,3512541.9,5750,6.34,2946.23,38889.14,3,7.58,1041853.0,10830321.0,5953423,9.62
2019,12,485106.18,3793810.7,5335516,12.79,361488.56,4100591.8,627852,8.82,217860.76,3490004.7,5745,6.24,3095.14,45786.67,3,6.76,1067550.6,11430194.0,5969116,9.34
2020,01,500238.22,3896303.9,5317211,12.84,364034.73,4111466.1,627786,8.85,236466.16,3524749.1,5605,6.71,3537.45,50808.66,3,6.96,1104276.6,11583328.0,5950605,9.53
2020,02,472947.83,3634409.2,5326528,13.01,343870.17,3908556.6,628371,8.8,228921.45,3496065.4,5560,6.55,2788.58,48838.06,3,5.71,1048528.0,11087869.0,5960462,9.46
2020,03,432653.13,3225434.1,5328923,13.41,348293.97,3797294.0,627979,9.17,221908.82,3346569.9,5544,6.63,3349.95,42779.39,3,7.83,1006205.9,10412077.0,5962449,9.66
2020,04,404352.0,2896520.4,5326883,13.96,296027.51,3132294.1,627160,9.45,198552.04,3012870.4,5556,6.59,2553.73,38555.63,3,6.62,901485.28,9080240.5,5959602,9.93
2020,05,464683.22,3251432.9,5333881,14.29,311951.52,3315636.0,628557,9.41,203331.89,3076573.5,5567,6.61,1945.8,33056.74,3,5.89,981912.43,9676699.0,5968008,10.15
2020,06,593871.59,4603848.7,5337593,12.9,348197.64,3745178.1,627942,9.3,222935.58,3381625.8,5576,6.59,1827.55,28886.69,3,6.33,1166832.4,11759539.0,5971114,9.92
2020,07,726030.08,5962731.6,5342892,12.18,395917.58,4419626.0,629131,8.96,248321.64,3726244.6,5605,6.66,2242.31,35292.66,3,6.35,1372511.6,14143895.0,5977631,9.7
2020,08,648613.29,5164826.0,5337861,12.56,388255.65,4313385.9,627404,9.0,247590.0,3685112.3,5573,6.72,2225.3,36402.77,3,6.11,1286684.2,13199727.0,5970841,9.75
2020,09,427342.29,3370507.5,5356907,12.68,358840.3,3812095.7,630100,9.41,225935.17,3356968.1,5585,6.73,2294.48,34410.87,3,6.67,1014412.2,10573982.0,5992595,9.59
2020,10,421784.96,3015227.7,5347482,13.99,338359.97,3611049.7,629113,9.37,226816.49,3295866.6,5505,6.88,2175.49,32872.86,3,6.62,989136.9,9955016.8,5982103,9.94
2020,11,420458.58,3083486.2,5355740,13.64,323132.22,3462997.6,630356,9.33,217281.03,3168898.8,5489,6.86,2178.79,32775.08,3,6.65,963050.62,9748157.7,5991588,9.88
2020,12,508990.46,4065809.9,5363394,12.52,343685.62,3856997.4,632412,8.91,224995.4,3290659.7,5559,6.84,2387.97,35278.58,3,6.77,1080059.5,11248746.0,6001368,9.6
2021,01,510269.16,4171346.7,5352302,12.23,347073.35,3885443.0,631115,8.93,237042.23,3467846.9,5492,6.84,2406.54,39767.12,3,6.05,1096791.3,11564404.0,5988912,9.48
2021,02,507036.31,4158579.0,5356871,12.19,355330.07,3797958.4,631786,9.36,246242.12,3237337.9,5575,7.61,3188.0,50366.48,3,6.33,1111796.5,11244242.0,5994235,9.89
2021,03,451614.37,3268802.8,5357182,13.82,365642.18,3743892.1,631422,9.77,234729.09,3342733.3,5356,7.02,2461.75,39644.14,3,6.21,1054447.4,10395072.0,5993963,10.14
2021,04,388169.45,2777248.8,5360241,13.98,322803.71,3364057.3,631809,9.6,220885.69,3216340.2,5451,6.87,2336.44,33971.73,3,6.88,934195.29,9391618.0,5997504,9.95
2021,05,438611.6,3093183.0,5359313,14.18,349990.95,3620019.5,632589,9.67,232754.86,3377479.9,5442,6.89,2128.93,32369.47,3,6.58,1023486.4,10123052.0,5997347,10.11
2021,06,602314.03,4693572.2,5362589,12.83,389981.5,4148623.8,633053,9.4,254189.63,3568534.4,5422,7.12,2309.61,36089.74,3,6.4,1248794.8,12446820.0,6001067,10.03
2021,07,642187.27,5064657.6,5360478,12.68,412356.39,4386619.1,633003,9.4,264951.25,3764636.2,5446,7.04,2564.95,41081.61,3,6.24,1322059.9,13256994.0,5998930,9.97
2021,08,719661.55,5600975.5,5359656,12.85,439070.95,4607540.1,633316,9.53,268290.48,3713094.4,5452,7.23,2388.07,38007.79,3,6.28,1429411.1,13959618.0,5998427,10.24
2021,09,499186.79,3833760.0,5363029,13.02,401863.48,4099639.5,634067,9.8,262081.28,3539903.2,5459,7.4,2468.78,37921.05,3,6.51,1165600.3,11511224.0,6002558,10.13
2021,10,442361.89,3163843.3,5365192,13.98,392523.25,3779855.7,633973,10.38,268978.78,3431794.7,5454,7.84,2331.83,36947.47,3,6.31,1106195.8,10412441.0,6004622,10.62
2021,11,465896.24,3251762.7,5369479,14.33,374648.8,3616663.3,634475,10.36,276523.48,3440161.0,5452,8.04,2357.31,34967.67,3,6.74,1119425.8,10343555.0,6009409,10.82
2021,12,500471.7,3735336.4,5374211,13.4,378143.35,3872898.3,635547,9.76,261249.99,3398162.0,5480,7.69,2236.03,33396.73,3,6.7,1142101.1,11039793.0,6015241,10.35
2022,01,581719.41,4501037.0,5374496,12.92,398051.88,4167285.3,634873,9.55,270801.39,3625332.1,5461,7.47,2956.25,43094.91,3,6.86,1253528.9,12336749.0,6014833,10.16
2022,02,532563.85,3851257.2,5373078,13.83,389608.82,3737283.9,634339,10.42,257212.44,3248845.9,5467,7.92,3656.04,46683.97,4,7.83,1183041.2,10884071.0,6012888,10.87
2022,03,482756.72,3312998.6,5379170,14.57,398143.61,3788081.1,635019,10.51,283928.95,3539717.7,5488,8.02,3183.71,44088.31,7,7.22,1168013.0,10684886.0,6019684,10.93
2022,04,433015.32,2890078.7,5379888,14.98,383626.75,3460977.9,634795,11.08,279538.89,3316202.2,5492,8.43,1778.21,25826.21,3,6.89,1097959.2,9693085.0,6020178,11.33
2022,05,534325.28,3557282.1,5372564,15.02,437415.11,3763177.2,634443,11.62,303223.7,3384320.8,5482,8.96,2431.44,35257.74,3,6.9,1277395.5,10740038.0,6012492,11.89
2022,06,736744.6,4444201.8,5372478,16.58,495671.4,4132547.6,634537,11.99,336013.66,3735481.1,5506,9.0,2536.76,33423.17,3,7.59,1570966.4,12345654.0,6012524,12.72
2022,07,860808.27,5260591.6,5357751,16.36,536807.38,4401329.7,632667,12.2,337398.05,3707130.0,5476,9.1,2735.72,39310.67,3,6.96,1737749.4,13408362.0,5995897,12.96
2022,08,821299.67,4908902.7,5392478,16.73,542089.03,4450883.5,637188,12.18,345694.7,3703206.0,5499,9.34,2609.0,37056.34,3,7.04,1711692.4,13100049.0,6035168,13.07
2022,09,624622.6,3714873.7,5375461,16.81,491156.43,3977531.2,634831,12.35,321853.63,3418872.4,5501,9.41,2673.98,36313.53,3,7.36,1440306.7,11147591.0,6015796,12.92
2022,10,472361.72,2775223.1,5374294,17.02,418645.7,3634462.9,635059,11.52,285393.56,3411770.1,5481,8.37,2480.16,34731.61,3,7.14,1178881.1,9856187.7,6014837,11.96
2022,11,533130.04,3128533.4,5386634,17.04,391593.44,3605212.3,642281,10.86,267065.34,3304211.2,5472,8.08,2451.56,34792.12,3,7.05,1194240.4,10072749.0,6034390,11.86
2022,12,660721.77,4134215.2,5382494,15.98,449267.7,4001033.4,642066,11.23,296423.59,3422759.7,5517,8.66,3289.91,44151.42,3,7.45,1409703.0,11602160.0,6030080,12.15
2023,01,621260.18,3884218.4,5387756,15.99,464017.21,3973761.0,626246,11.68,298177.41,3514955.5,5579,8.48,3437.66,46205.26,3,7.44,1386892.5,11419140.0,6019584,12.15
2023,02,575926.74,3381834.1,5366889,17.03,390803.77,3537255.2,623966,11.05,254266.2,3146113.3,5565,8.08,2990.43,41830.46,3,7.15,1223987.1,10107033.0,5996423,12.11
2023,03,576255.47,3316407.2,5412841,17.38,432781.0,3770934.8,628405,11.48,289426.97,3460267.0,5553,8.36,2327.26,33860.97,3,6.87,1300790.7,10581470.0,6046802,12.29
2023,04,491402.28,2757122.4,5393943,17.82,393021.88,3387820.2,625765,11.6,265094.19,3267368.2,5557,8.11,1252.21,20946.05,4,5.98,1150770.6,9433256.8,6025269,12.2
2023,05,520950.91,2916738.1,5388501,17.86,416140.52,3591334.6,626019,11.59,277196.56,3421756.7,5562,8.1,2257.66,31123.06,4,7.25,1216545.7,9960952.4,6020086,12.21
2023,06,593190.34,3934888.0,5383530,15.08,428642.19,3843337.4,625877,11.15,281787.94,3424235.4,5553,8.23,2342.05,32780.35,4,7.14,1305962.5,11235241.0,6014964,11.62
2023,07,738994.01,4991258.5,5398668,14.81,482526.45,4290678.7,626596,11.25,299407.86,3708043.4,5534,8.07,2658.1,39205.6,4,6.78,1523586.4,13029186.0,6030802,11.69
2023,08,660696.94,4809256.1,5381101,13.74,482350.31,4378880.4,625521,11.02,313245.98,3736849.9,5491,8.38,1904.98,29271.77,4,6.51,1458198.2,12954258.0,6012117,11.26
2023,09,533995.84,3631631.0,5396260,14.7,441104.02,3904640.6,626040,11.3,274407.94,3416306.3,5527,8.03,2933.37,41880.01,4,7.0,1252441.2,10994458.0,6027831,11.39
2023,10,467839.28,2969826.3,5392511,15.75,403868.9,3633471.8,626054,11.12,284302.16,3446580.1,5527,8.25,2469.18,34598.55,4,7.14,1158479.5,10084477.0,6024096,11.49
2023,11,488733.4,3121919.5,5414681,15.65,391401.34,3553402.5,626519,11.01,269792.27,3296167.5,5531,8.19,1673.02,30253.86,4,5.53,1151600.0,10001743.0,6046735,11.51
2023,12,534826.34,3604647.6,5419207,14.84,397614.19,3710773.0,627024,10.72,277724.9,3428780.7,5507,8.1,2392.58,32800.07,4,7.29,1212558.0,10777001.0,6051742,11.25
2024,01,636859.14,4310463.4,5408385,14.77,454544.67,4077586.7,633762,11.15,310711.41,3600935.4,5748,8.63,3432.43,33339.82,3,10.3,1405547.7,12022325.0,6047898,11.69
2024,02,514763.42,3299250.0,5371310,15.6,393871.74,3463700.1,636411,11.37,281692.31,3291898.8,5845,8.56,2059.87,19836.94,3,10.38,1192387.3,10074686.0,6013569,11.84
2024,03,484565.83,3038789.9,5423929,15.95,401612.76,3702589.0,642077,10.85,293234.69,3661804.5,5674,8.01,2647.69,52494.8,3,5.04,1182061.0,10455678.0,6071683,11.31
2024,04,458487.32,2776812.9,5468329,16.51,379834.59,3275500.6,643256,11.6,289342.33,3396102.7,5681,8.52,4092.06,58890.55,3,6.95,1131756.3,9507306.7,6117269,11.9
2024,05,589651.43,3568899.9,5387901,16.52,415243.76,3281755.6,638996,12.65,281891.71,3413280.0,5607,8.26,2542.99,31277.11,3,8.13,1289329.9,10295213.0,6032507,12.52
2024,06,756598.31,4725373.1,5396587,16.01,487021.86,3970442.5,639262,12.27,335968.26,3616492.5,5615,9.29,2537.89,32376.22,3,7.84,1582126.3,12344684.0,6041467,12.82
2024,07,764683.11,5034265.7,5380582,15.19,518602.65,4340908.5,638316,11.95,332366.97,3595809.7,5620,9.24,2933.86,36466.74,3,8.05,1618586.6,13007451.0,6024521,12.44
2024,08,765241.3,4898143.1,5357441,15.62,524246.17,4351294.1,636677,12.05,321006.39,3564324.5,5629,9.01,2782.87,36198.52,3,7.69,1613276.7,12849960.0,5999750,12.55
2024,09,579410.84,3666696.1,5378392,15.8,476307.45,3882367.7,637241,12.27,338497.77,3615658.6,5637,9.36,3011.27,37128.65,3,8.11,1397227.3,11201851.0,6021273,12.47
2024,10,471969.12,2863715.7,5357535,16.48,453838.38,3692371.5,636338,12.29,314929.1,3464433.5,5623,9.09,3048.4,37672.13,3,8.09,1243785.0,10058193.0,5999499,12.37
2024,11,482505.41,2828202.6,5373656,17.06,394191.7,3414633.2,637496,11.54,324665.13,3677970.8,5644,8.83,2541.21,32675.6,3,7.78,1203903.5,9953482.2,6016799,12.1
2024,12,612793.38,3840106.5,5405634,15.96,445608.67,3787064.5,642272,11.77,343512.0,3795220.5,5902,9.05,2683.32,33684.92,3,7.97,1404597.4,11456077.0,6053811,12.26
2025,01,708037.76,4477292.4,5366031,15.81,486621.69,4114192.5,635004,11.83,362966.49,3610624.7,5678,10.05,1832.23,24000.08,3,7.63,1559458.2,12226110.0,6006716,12.76
2025,02,622566.74,3774453.3,5377256,16.49,461442.96,3600791.1,635323,12.82,340269.49,3467163.6,5757,9.81,4652.75,57248.77,3,8.13,1428931.9,10899657.0,6018339,13.11
2025,03,589473.14,3351404.0,5373419,17.59,491001.19,3739611.9,645373,13.13,358135.79,3369739.9,5819,10.63,2169.7,34221.23,3,6.34,1440779.8,10494977.0,6024614,13.73
2025,04,519427.01,2835194.2,5377736,18.32,438923.27,3433897.7,644213,12.78,327859.13,3342868.0,6653,9.81,4178.46,46228.95,3,9.04,1290387.9,9658188.9,6028605,13.36
2025,05,541811.13,2909069.0,5365993,18.62,443341.66,3577719.8,643944,12.39,305393.93,3316724.2,6380,9.21,1315.99,12522.16,3,10.51,1291862.7,9816035.2,6016320,13.16
2025,06,877755.6,4789926.5,5408110,18.33,506285.37,3937337.1,646478,12.86,337638.89,3496478.6,5288,9.66,5021.07,65295.23,3,7.69,1726700.9,12289037.0,6059879,14.05
2025,07,999774.69,5795017.9,5397097,17.25,623570.01,4564390.9,647474,13.66,399577.94,3770863.1,5330,10.6,2964.74,42079.61,3,7.05,2025887.4,14172352.0,6049904,14.29
2025,08,884436.48,4887895.7,5390237,18.09,607729.81,4358194.6,647321,13.94,410634.27,3779881.9,5345,10.86,3249.66,42963.38,3,7.56,1906050.2,13068936.0,6042906,14.58
