All Hours,On Peak,Off Peak,DATE
21.91827702192908,25.235005551955883,19.264894197907676,2024-06-01 01:00:00
27.260058013136398,31.93064748088259,22.68884278938502,2024-07-01 01:00:00
27.107241552740696,31.722868125924276,22.962597282943424,2024-08-01 01:00:00
23.51647281998783,26.172658581125056,21.19231027899276,2024-09-01 01:00:00
21.168146468612996,22.804738757836027,19.566375291926622,2024-10-01 01:00:00
25.36332604027897,27.968275540708042,23.08399522740356,2024-11-01 01:00:00
32.656732713473694,36.306843973431185,29.379081786164924,2024-12-01 01:00:00
41.35921595059075,46.16237542639133,36.65825135725407,2025-01-01 01:00:00
43.594470494859586,46.86774785270778,40.61876380590672,2025-02-01 01:00:00
32.91657446750781,35.35695396662143,30.906850174119977,2025-03-01 01:00:00
32.27039198662842,34.54701212364039,30.092755333834646,2025-04-01 01:00:00
29.750650689069737,32.477450971726604,27.302095333214467,2025-05-01 01:00:00
31.02358176623634,35.166558839995105,27.398476826697564,2025-06-01 01:00:00
35.60645264474605,42.30620549815286,29.049247724390472,2025-07-01 01:00:00
36.26184618646242,43.0964804587982,30.633323844538868,2025-08-01 01:00:00
30.548036306943352,34.07214198728431,27.177152612704038,2025-09-01 01:00:00
28.120784236665635,30.43877336571917,25.852114025251556,2025-10-01 01:00:00
32.21541581505696,35.158613468223365,29.86085769252381,2025-11-01 01:00:00
40.460936235878464,45.52781474043027,35.501863656955386,2025-12-01 01:00:00
49.0164163807931,55.96860302956227,42.77363653291873,2026-01-01 01:00:00
49.46792653782307,54.505309726279705,44.888487275589725,2026-02-01 01:00:00
39.677067782779076,42.32058688124932,37.30329553109136,2026-03-01 01:00:00
39.38680223713004,43.040922812279405,35.891556469596026,2026-04-01 01:00:00
39.94113139177836,48.769479046156796,32.670727441114,2026-05-01 01:00:00
38.7209077204476,45.826209433030364,31.924532169281363,2026-06-01 01:00:00
46.73495065779419,57.34219798016904,36.353389448661574,2026-07-01 01:00:00
45.207864008533214,55.80990852338073,36.47676852571789,2026-08-01 01:00:00
38.56917357751637,45.39995752768952,32.03538023387276,2026-09-01 01:00:00
35.90268107123106,39.30246009936987,32.84981827045331,2026-10-01 01:00:00
42.502254712269526,45.64291542419006,39.754176589338975,2026-11-01 01:00:00
49.766537886051566,54.27127215737873,45.357649024752575,2026-12-01 01:00:00
49.551886994522576,55.830829524502896,44.38099314630345,2027-01-01 01:00:00
47.88282448137672,51.88025318587694,44.24879838637652,2027-02-01 01:00:00
41.34621560184573,43.74545439563982,38.99802444196216,2027-03-01 01:00:00
39.60991787426716,42.975836441515824,36.39034359255084,2027-04-01 01:00:00
38.484686654917,42.99655541717782,34.76903002717291,2027-05-01 01:00:00
41.159455387409935,48.315752530035276,34.31430159881194,2027-06-01 01:00:00
47.79004392607693,58.78751770842591,37.9147613460084,2027-07-01 01:00:00
47.64497345835699,57.83574099650668,38.494080158794155,2027-08-01 01:00:00
40.42284270261474,47.10991995033528,34.026507943925736,2027-09-01 01:00:00
37.65273602307998,41.73985057429665,34.286876980901475,2027-10-01 01:00:00
42.011417290646854,45.51450453106899,38.660638191112724,2027-11-01 01:00:00
48.886639640966735,53.98404437833634,43.897690323541006,2027-12-01 01:00:00
48.0155017570314,55.56449476922092,41.79868398228699,2028-01-01 01:00:00
43.76514182724883,48.83698797380838,39.03141875712661,2028-02-01 01:00:00
38.715500958023185,41.17252876028189,36.310750343046394,2028-03-01 01:00:00
38.31250879295438,42.522785888271166,34.94428711670098,2028-04-01 01:00:00
40.00353377257244,44.78436453704003,35.324422811604165,2028-05-01 01:00:00
39.87995619574496,47.51978508169161,32.5722937831003,2028-06-01 01:00:00
45.98153683470076,57.73135487498691,36.305216095641505,2028-07-01 01:00:00
45.00214204221367,55.25649193414699,34.96596980755556,2028-08-01 01:00:00
36.88867421766787,43.04909846145702,31.498303004352415,2028-09-01 01:00:00
35.88060610349844,39.86063603554739,32.306701674719726,2028-10-01 01:00:00
47.46137206600028,52.65723953834108,42.49141187506565,2028-11-01 01:00:00
46.43179517481684,52.33869128470854,41.56729249608241,2028-12-01 01:00:00
50.005716484873,56.876764336762335,43.28086114047073,2029-01-01 01:00:00
44.866518691895905,50.77348740836091,39.496547131473086,2029-02-01 01:00:00
40.640455422718475,43.79526241431904,37.80756751189345,2029-03-01 01:00:00
40.04519044322212,43.707431801906665,36.8407292543731,2029-04-01 01:00:00
40.101848658697435,45.25310228764621,35.060196170790014,2029-05-01 01:00:00
41.77426162634254,50.012021669333855,34.56622158872516,2029-06-01 01:00:00
47.88201377808796,59.14808576042886,37.76554097761848,2029-07-01 01:00:00
46.581817632622425,56.71700995196911,36.66226770304902,2029-08-01 01:00:00
37.60494765316531,45.04920274240581,31.649543581772964,2029-09-01 01:00:00
35.94559707793924,39.76983616633291,32.20272477866036,2029-10-01 01:00:00
42.69169711591147,47.37884047747804,38.2083425961521,2029-11-01 01:00:00
47.666137566802604,55.09248390979182,41.55032293139971,2029-12-01 01:00:00
52.672752823724345,60.33849774181616,45.170108861336644,2030-01-01 01:00:00
46.31778872941774,52.29514367265139,40.88382969011443,2030-02-01 01:00:00
39.93958192935009,43.32853951590554,37.14867568159866,2030-03-01 01:00:00
39.904010171262776,42.881861076590866,37.05563104442711,2030-04-01 01:00:00
42.272907519979896,47.860168909315234,36.80452403254519,2030-05-01 01:00:00
41.510231222554886,50.600867249251486,34.2377224011976,2030-06-01 01:00:00
48.00728547292508,59.63489567985304,36.627071227846606,2030-07-01 01:00:00
45.15031484271557,56.26406570430007,35.170620191496674,2030-08-01 01:00:00
39.51001847438158,46.12804319329387,33.71924684533341,2030-09-01 01:00:00
36.18302796714723,39.976242645195846,32.470519984376196,2030-10-01 01:00:00
42.07431198179665,47.32861532730276,37.47679655447872,2030-11-01 01:00:00
46.30227953715371,52.21805224783392,40.990157103073635,2030-12-01 01:00:00
50.59012133800366,58.5647301971714,42.78518500775429,2031-01-01 01:00:00
46.96753331035459,53.13466289369225,41.36105187095685,2031-02-01 01:00:00
41.91375640097597,47.46709639506778,37.340417582312185,2031-03-01 01:00:00
39.53454735402415,42.833674935341456,36.37886010232936,2031-04-01 01:00:00
39.21630614866297,44.61135531131623,34.3717722066886,2031-05-01 01:00:00
42.26825688245039,51.59678835589809,34.1057918431837,2031-06-01 01:00:00
49.896382010715435,61.96133107345943,38.08813399185946,2031-07-01 01:00:00
44.75715492605703,55.41518047811218,35.97995741259998,2031-08-01 01:00:00
38.59683777176984,46.8313612272267,30.72033707524599,2031-09-01 01:00:00
36.582603188836956,41.27246292531499,31.992527702071182,2031-10-01 01:00:00
42.81674939783442,47.659396283612864,38.942631889211704,2031-11-01 01:00:00
49.49776466768226,56.81077320745607,42.34035205428656,2031-12-01 01:00:00
52.4135021779992,60.27810562541638,45.351409286440855,2032-01-01 01:00:00
47.142724026115125,53.65689710254347,41.59874693979309,2032-02-01 01:00:00
44.01108927014387,48.71654258328311,39.405751984943926,2032-03-01 01:00:00
39.50818870713724,42.97390596106584,36.19315481207514,2032-04-01 01:00:00
40.353807990264755,45.275024448531695,36.301041495221305,2032-05-01 01:00:00
43.55225574545973,52.72577531636602,34.77758485154943,2032-06-01 01:00:00
48.80688339037124,61.15270412754854,37.72084027943637,2032-07-01 01:00:00
46.797043261306534,56.75025368426299,37.85946655497822,2032-08-01 01:00:00
37.578206130767015,46.87281117641104,28.687714347977018,2032-09-01 01:00:00
34.648486873377294,39.76955446128356,30.431137095101608,2032-10-01 01:00:00
49.63497005287893,52.68912789685731,46.713601680377835,2032-11-01 01:00:00
50.67681282260902,55.85750940724423,45.6063438248808,2032-12-01 01:00:00
50.46016599213186,57.623241660023474,44.56116250092694,2033-01-01 01:00:00
46.95600639542249,53.01522739532653,41.44762366823707,2033-02-01 01:00:00
43.816829672811615,47.04805643114579,40.654352419973904,2033-03-01 01:00:00
40.13451433815346,43.71174223657652,37.00443992703326,2033-04-01 01:00:00
40.36562151015934,47.49604965291533,33.962788075847776,2033-05-01 01:00:00
43.40520482678142,52.56102763754017,34.64746126866437,2033-06-01 01:00:00
47.32285203632205,60.21038389742131,36.70959050365211,2033-07-01 01:00:00
46.0900657112783,57.21160348269385,35.20515640308429,2033-08-01 01:00:00
39.117714940997985,47.59982075773512,31.004396333684117,2033-09-01 01:00:00
36.81656677351526,42.68757625964118,31.981617784940966,2033-10-01 01:00:00
50.22994381120329,56.371473778843324,44.35543688563442,2033-11-01 01:00:00
51.48828816820277,58.07298863958579,45.57549590818546,2033-12-01 01:00:00
50.463795079584024,58.32645594572373,43.40344654672391,2034-01-01 01:00:00
49.62055690107097,55.45360799479987,44.31778317949927,2034-02-01 01:00:00
45.38652707172346,49.10065734936377,41.751420842543595,2034-03-01 01:00:00
40.279490140206384,44.486262473772854,36.91407227335329,2034-04-01 01:00:00
40.424474962673386,46.318697041634,34.65566186411609,2034-05-01 01:00:00
45.21578169097333,54.35593168179046,36.47302952584387,2034-06-01 01:00:00
49.546129843808714,62.57387252104116,38.81740058020565,2034-07-01 01:00:00
48.88857167105514,60.60548307591915,37.42095625352881,2034-08-01 01:00:00
38.28473147164552,47.10546677437419,30.566588081757992,2034-09-01 01:00:00
36.177233872600766,42.139313930853845,30.823529330495887,2034-10-01 01:00:00
45.10775316691282,49.591829915450994,40.81863627700694,2034-11-01 01:00:00
51.906025489449846,59.63366218596636,45.54208938643608,2034-12-01 01:00:00
48.083882291974305,55.56476435761699,40.76216792985585,2035-01-01 01:00:00
48.92769230512315,55.04907846775219,43.36279579364227,2035-02-01 01:00:00
47.87397571726946,51.299713306319525,44.79780318832661,2035-03-01 01:00:00
44.023523689219125,47.75152264658707,40.761524601522176,2035-04-01 01:00:00
42.270280992017945,47.85368589561764,36.80567193743119,2035-05-01 01:00:00
46.33469838215705,56.95474821735507,37.04215477635878,2035-06-01 01:00:00
52.162469974475975,64.43660225954791,41.140800167472534,2035-07-01 01:00:00
51.19050309602484,63.26770915229389,39.3702588707401,2035-08-01 01:00:00
38.8882375908426,48.943611890510915,30.843938151107977,2035-09-01 01:00:00
36.91123925387018,42.66518830036515,31.279714655173187,2035-10-01 01:00:00
47.393133210473785,52.637214320196385,42.37705562726097,2035-11-01 01:00:00
52.842194576757514,59.708096838338484,47.18792212604369,2035-12-01 01:00:00
56.37501323421916,63.562503382435956,49.34044840830476,2036-01-01 01:00:00
54.66411323121723,62.033203454533215,47.786295689455734,2036-02-01 01:00:00
48.60853919084121,53.866940677625,44.27809090760752,2036-03-01 01:00:00
45.852963914133035,49.501248972065156,42.363299945676324,2036-04-01 01:00:00
44.81330719369928,51.22003143616213,39.06033032291614,2036-05-01 01:00:00
50.178615068763555,60.631074098094786,41.03271341809865,2036-06-01 01:00:00
54.90349582662132,69.31296455792076,40.8006115364134,2036-07-01 01:00:00
53.40590539141605,67.23646321479596,42.01603424275019,2036-08-01 01:00:00
43.60111704351917,52.414302700432394,35.171113371689096,2036-09-01 01:00:00
39.8665282467382,45.73853352768004,34.119459248369566,2036-10-01 01:00:00
53.94100535623047,61.22463226632425,48.11410382815552,2036-11-01 01:00:00
49.14978434911986,56.027639103987894,42.41826692946175,2036-12-01 01:00:00
56.77790604281357,64.21714453693987,50.097773517475716,2037-01-01 01:00:00
54.651812843839515,60.87460629004223,48.99472789274625,2037-02-01 01:00:00
52.114854614427706,57.19153150984517,47.55620597364475,2037-03-01 01:00:00
43.62172083213096,47.42579104917503,39.9830449723497,2037-04-01 01:00:00
44.45510861263647,50.87911008959801,39.16475445513862,2037-05-01 01:00:00
50.44099687525984,61.05246174503735,40.29090004329881,2037-06-01 01:00:00
59.98186835158738,74.12436728200066,46.14027365373607,2037-07-01 01:00:00
56.07659230825486,68.29670881054848,46.01296695342471,2037-08-01 01:00:00
43.25532971484837,54.907173232585016,32.110088089187336,2037-09-01 01:00:00
42.65900830428442,48.63691867656598,37.29108878631722,2037-10-01 01:00:00
51.161920666386564,55.54263371257484,47.32879675097173,2037-11-01 01:00:00
50.79739444411981,58.836055648774476,42.92976858424494,2037-12-01 01:00:00
55.27858182170894,64.13339965352885,47.98637890138645,2038-01-01 01:00:00
53.62999731942758,60.37701702394347,47.49634304259494,2038-02-01 01:00:00
52.758838905234214,57.08000648301515,48.52961106315091,2038-03-01 01:00:00
44.931368008391146,48.6958115868688,41.33059588984716,2038-04-01 01:00:00
42.74067329990237,50.11406482677184,36.66846851306872,2038-05-01 01:00:00
52.01745978075887,63.38059120370313,41.14837755011637,2038-06-01 01:00:00
61.082235727473375,75.35611550793443,48.26487429195713,2038-07-01 01:00:00
57.71494568609689,72.76499351001532,44.20061702788441,2038-08-01 01:00:00
45.54684949733175,57.369363186836615,34.23835814215321,2038-09-01 01:00:00
40.25758949471976,47.73846785318934,34.0968661406859,2038-10-01 01:00:00
50.70945249304904,55.53175948896458,46.09681101869482,2038-11-01 01:00:00
49.911853889885755,56.63820449725186,43.328617125229464,2038-12-01 01:00:00
55.889660727372714,65.14270482974365,48.2695067607142,2039-01-01 01:00:00
58.21404100325631,63.90940283050778,53.03643934211876,2039-02-01 01:00:00
53.85173757929493,57.66239370917492,50.12215923941248,2039-03-01 01:00:00
49.202837122084524,52.66317305582745,46.17504318005945,2039-04-01 01:00:00
45.83583907142038,52.868221497708106,39.5210466886314,2039-05-01 01:00:00
55.02515028707667,65.95375063585354,44.571706475203044,2039-06-01 01:00:00
63.174877436989355,76.55743046229902,52.153951416146064,2039-07-01 01:00:00
59.448288816675955,73.61841066972788,45.579658917944386,2039-08-01 01:00:00
49.909299666285676,61.491878193913045,38.83031150942467,2039-09-01 01:00:00
44.00741262884916,50.40242765744411,38.74092966412375,2039-10-01 01:00:00
56.69812534498437,62.6162393579617,51.03732063691914,2039-11-01 01:00:00
52.90470574986296,60.84087999463147,45.778345203540184,2039-12-01 01:00:00
58.351791335235916,68.20633836650858,49.50281032756248,2040-01-01 01:00:00
57.103908575079735,63.93921417331844,50.72429001672362,2040-02-01 01:00:00
52.13258314349799,56.11624014544769,48.555421753991965,2040-03-01 01:00:00
49.24141464941175,52.154073036913694,46.69283856034744,2040-04-01 01:00:00
47.54160905917737,53.47883533789329,41.730706743838454,2040-05-01 01:00:00
57.74638408777285,69.57601507275817,47.39545697591082,2040-06-01 01:00:00
65.9878042223829,80.85224727866334,52.64014106980447,2040-07-01 01:00:00
60.05540404424542,72.21933466344272,48.15028045949904,2040-08-01 01:00:00
47.84536508867656,59.22116682183412,38.74472370215063,2040-09-01 01:00:00
46.259080631690956,52.75567584702715,39.90071084646853,2040-10-01 01:00:00
58.935820964292134,66.67654888709427,51.531646429438005,2040-11-01 01:00:00
58.32749270354119,65.98368333480754,52.02239453661607,2040-12-01 01:00:00
60.41678937106681,69.78195500876959,51.25088257671939,2041-01-01 01:00:00
63.62730714209418,70.68010177089242,57.215675661368685,2041-02-01 01:00:00
56.378044005346716,60.56836015232692,52.927195413715886,2041-03-01 01:00:00
54.60463237102984,57.36729684604476,51.96208374275483,2041-04-01 01:00:00
53.03786218095154,59.342285384314366,46.867575641489985,2041-05-01 01:00:00
60.74111825865375,74.17806759639603,49.991558788459926,2041-06-01 01:00:00
71.95507697558399,86.34831467788675,57.868078373330334,2041-07-01 01:00:00
72.78072303356218,85.69463496892581,61.18455721405197,2041-08-01 01:00:00
51.159502016247494,62.77563603731449,40.99538474781391,2041-09-01 01:00:00
47.83833505202672,53.270937064266725,42.5213203166428,2041-10-01 01:00:00
60.19019630166416,66.00081271692355,55.105906938312295,2041-11-01 01:00:00
60.765916547030464,68.1604738538473,54.125905904174545,2041-12-01 01:00:00
67.2197621613771,75.08073825297139,59.52604088024219,2042-01-01 01:00:00
66.90164650743507,72.86476046803843,61.48063381597744,2042-02-01 01:00:00
57.53676844095978,61.70621948049397,54.103102878990434,2042-03-01 01:00:00
49.7047466927863,52.11105059074884,47.4030647034309,2042-04-01 01:00:00
51.30730581471029,57.92102920731316,45.36845215604645,2042-05-01 01:00:00
63.786588540385544,76.48731230012014,52.67345525061776,2042-06-01 01:00:00
76.37716931713396,90.16995640622643,62.87784578312855,2042-07-01 01:00:00
70.55967421127126,82.99450414414764,60.31922603125547,2042-08-01 01:00:00
57.28247595586787,67.86768114206698,47.1574970821122,2042-09-01 01:00:00
50.21393108844126,56.58316356129898,43.980214200112385,2042-10-01 01:00:00
55.31488984252876,59.913910272664374,51.63567349842026,2042-11-01 01:00:00
57.39513335845365,65.92189355604646,49.049793590596785,2042-12-01 01:00:00
63.10070591308149,71.82326371868332,55.26820502641865,2043-01-01 01:00:00
68.77028527039587,73.18372082877707,64.75807112641282,2043-02-01 01:00:00
57.66320263782569,61.563595611647465,54.16080894704675,2043-03-01 01:00:00
49.442171010569375,51.550157128080805,47.4258364633844,2043-04-01 01:00:00
52.4335390418318,60.156844354748046,46.073169960606776,2043-05-01 01:00:00
67.95107316923286,79.88807174286354,56.53307453358611,2043-06-01 01:00:00
79.25090565512126,92.71461044397613,66.07366267028438,2043-07-01 01:00:00
73.87540194542264,86.28168876894006,63.65845985546715,2043-08-01 01:00:00
56.167020339084836,68.56814172574077,44.30507814315311,2043-09-01 01:00:00
55.09021894897438,60.9927716364516,49.789967556137725,2043-10-01 01:00:00
57.344236132146555,61.664607041796764,53.56391158620259,2043-11-01 01:00:00
64.18833113007969,72.09792691435796,56.44702461780734,2043-12-01 01:00:00
68.17984887383123,77.93302629491019,60.147820409413306,2044-01-01 01:00:00
66.35825522246797,72.9990689109063,60.160162446592174,2044-02-01 01:00:00
62.2480110512859,66.0320424492262,58.54449095968476,2044-03-01 01:00:00
55.33031949272505,57.920358897365084,53.064035013665155,2044-04-01 01:00:00
56.80501974856743,63.66888690981675,50.64154719560878,2044-05-01 01:00:00
78.07964643836237,90.20973951461468,66.47694871325149,2044-06-01 01:00:00
85.54993508556736,99.04668542175055,74.43496422047552,2044-07-01 01:00:00
83.093055922562,97.0368730375718,69.44591576744611,2044-08-01 01:00:00
61.38817723582078,73.36432842199568,49.932728275131666,2044-09-01 01:00:00
54.69767555484743,61.373656526993045,49.19980887190398,2044-10-01 01:00:00
62.112990606605536,66.18914036398489,58.21406475172087,2044-11-01 01:00:00
63.98300648763386,71.25131391824459,57.456363080554844,2044-12-01 01:00:00
73.2063890024598,81.6642421318324,65.61158211077843,2045-01-01 01:00:00
71.14529661044737,77.00853184972446,65.81508275655925,2045-02-01 01:00:00
65.065933912758,68.74602169267438,61.46414587284002,2045-03-01 01:00:00
58.779099656427896,60.968243791340015,57.027784348498066,2045-04-01 01:00:00
61.4205900449981,66.99466168465202,55.965115674272944,2045-05-01 01:00:00
76.41703160640067,89.25603317971196,64.13624749279869,2045-06-01 01:00:00
86.71264073074136,97.6251193869029,77.72589360213787,2045-07-01 01:00:00
86.14365159931096,99.64487431240285,72.92968894394433,2045-08-01 01:00:00
67.10257050304001,78.96781837484808,56.72047861520784,2045-09-01 01:00:00
59.811455854511806,65.44112700650739,54.75624094251585,2045-10-01 01:00:00
66.17551059979822,70.43287970768988,62.103244496597476,2045-11-01 01:00:00
67.90375019349085,77.5270840839245,59.978651695486676,2045-12-01 01:00:00
75.03654872752129,83.70584818512819,67.25187166354789,2046-01-01 01:00:00
72.92392902570856,78.93374514596758,67.46045982547322,2046-02-01 01:00:00
66.69258226057694,70.46467223499123,63.000749519661014,2046-03-01 01:00:00
60.24857714783858,62.49244988612351,58.453478957210514,2046-04-01 01:00:00
62.95610479612305,68.6695282267683,57.36424356612976,2046-05-01 01:00:00
78.32745739656069,91.48743400920476,65.73965368011865,2046-06-01 01:00:00
88.8804567490099,100.06574737157545,79.66904094219132,2046-07-01 01:00:00
88.29724288929373,102.13599617021292,74.75293116754293,2046-08-01 01:00:00
68.780134765616,80.94201383421928,58.13849058058803,2046-09-01 01:00:00
61.30674225087459,67.07715518167007,56.12514696607874,2046-10-01 01:00:00
67.82989836479317,72.1937017003821,63.6558256090124,2046-11-01 01:00:00
69.60134394832811,79.46526118602262,61.47811798787384,2046-12-01 01:00:00
76.91246244570932,85.7984943897564,68.93316845513658,2047-01-01 01:00:00
74.74702725135126,80.90708877461675,69.14697132111004,2047-02-01 01:00:00
68.35989681709137,72.22628904086599,64.57576825765253,2047-03-01 01:00:00
61.754791576534544,64.05476113327659,59.91481593114077,2047-04-01 01:00:00
64.53000741602611,70.38626643243751,58.798349655283,2047-05-01 01:00:00
80.2856438314747,93.77461985943488,67.38314502212161,2047-06-01 01:00:00
91.10246816773513,102.56739105586485,81.66076696574609,2047-07-01 01:00:00
90.50467396152605,104.68939607446822,76.62175444673149,2047-08-01 01:00:00
70.4996381347564,82.96556418007475,59.591952845102725,2047-09-01 01:00:00
62.83941080714646,68.75408406121181,57.5282756402307,2047-10-01 01:00:00
69.52564582391298,73.99854424289165,65.24722124923771,2047-11-01 01:00:00
71.3413775470363,81.45189271567318,63.01507093757068,2047-12-01 01:00:00
78.83527400685205,87.9434567495003,70.65649766651498,2048-01-01 01:00:00
76.61570293263503,82.92976599398216,70.87564560413779,2048-02-01 01:00:00
70.06889423751863,74.03194626688764,66.19016246409385,2048-03-01 01:00:00
63.2986613659479,65.6561301616085,61.41268632941928,2048-04-01 01:00:00
66.14325760142675,72.14592309324844,60.26830839666506,2048-05-01 01:00:00
82.29278492726156,96.11898535592074,69.06772364767465,2048-06-01 01:00:00
93.3800298719285,105.13157583226145,83.70228613988974,2048-07-01 01:00:00
92.76729081056419,107.30663097632991,78.53729830789976,2048-08-01 01:00:00
72.2621290881253,85.03970328457662,61.08175166623029,2048-09-01 01:00:00
64.41039607732512,70.4729361627421,58.96648253123647,2048-10-01 01:00:00
71.2637869695108,75.84850784896395,66.87840178046865,2048-11-01 01:00:00
73.1249119857122,83.48819003356499,64.59044771100994,2048-12-01 01:00:00
80.80615585702334,90.14204316823779,72.42291010817785,2049-01-01 01:00:00
78.5310955059509,85.00301014383172,72.64753674424122,2049-02-01 01:00:00
71.8206165934566,75.88274492355983,67.84491652569618,2049-03-01 01:00:00
64.8811279000966,67.2975334156487,62.948003487654766,2049-04-01 01:00:00
67.79683904146242,73.94957117057963,61.77501610658168,2049-05-01 01:00:00
84.35010455044309,98.52195998981875,70.79441673886652,2049-06-01 01:00:00
95.71453061872671,107.75986522806798,85.79484329338698,2049-07-01 01:00:00
95.08647308082828,109.98929675073815,80.50073076559725,2049-08-01 01:00:00
74.06868231532843,87.16569586669102,62.60879545788604,2049-09-01 01:00:00
66.02065597925824,72.23475956681064,60.44064459451738,2049-10-01 01:00:00
73.04538164374857,77.74472054518803,68.55036182498036,2049-11-01 01:00:00
74.953034785355,85.57539478440411,66.20520890378518,2049-12-01 01:00:00
82.82630975344891,92.39559424744373,74.23348286088229,2050-01-01 01:00:00
80.49437289359967,87.1280853974275,74.46372516284725,2050-02-01 01:00:00
73.61613200829301,77.77981354664881,69.54103943883858,2050-03-01 01:00:00
66.503156097599,68.97997175103991,64.52170357484613,2050-04-01 01:00:00
69.49176001749898,75.79831044984412,63.319391509246216,2050-05-01 01:00:00
86.45885716420416,100.98500898956421,72.56427715733817,2050-06-01 01:00:00
98.10739388419486,110.45386185876967,87.93971437572164,2050-07-01 01:00:00
97.463634907849,112.7390291695066,82.51324903473717,2050-08-01 01:00:00
75.92039937321162,89.3448382633583,64.17401534433318,2050-09-01 01:00:00
67.67117237873968,74.0406285559809,61.951660709380306,2050-10-01 01:00:00
74.87151618484228,79.68833855881773,70.26412087060486,2050-11-01 01:00:00
76.82686065498886,87.71477965401421,67.8603391263798,2050-12-01 01:00:00
84.89696749728513,94.70548410362981,76.08931993240434,2051-01-01 01:00:00
82.50673221593966,89.30628753236319,76.32531829191844,2051-02-01 01:00:00
75.45653530850034,79.72430888531503,71.27956542480953,2051-03-01 01:00:00
68.16573500003898,70.70447104481592,66.13474616421728,2051-04-01 01:00:00
71.22905401793645,77.69326821109023,64.90237629697737,2051-05-01 01:00:00
88.62032859330927,103.5096342143033,74.37838408627162,2051-06-01 01:00:00
100.56007873129973,113.2152084052389,90.13820723511466,2051-07-01 01:00:00
99.9002257805452,115.55750489874426,84.5760802606056,2051-08-01 01:00:00
77.81840935754191,91.57845921994223,65.7783657279415,2051-09-01 01:00:00
69.36295168820817,75.89164426988042,63.500452227114806,2051-10-01 01:00:00
76.74330408946332,81.68054702278816,72.02072389236997,2051-11-01 01:00:00
78.74753217136359,89.90764914536454,69.55684760453929,2051-12-01 01:00:00
87.01939168471726,97.07312120622055,77.99155293071445,2052-01-01 01:00:00
84.56940052133815,91.53894472067226,78.23345124921639,2052-02-01 01:00:00
77.34294869121284,81.7174166074479,73.06155456042978,2052-03-01 01:00:00
69.86987837503995,72.4720828209363,67.7881148183227,2052-04-01 01:00:00
73.00978036838485,79.63559991636748,66.52493570440181,2052-05-01 01:00:00
90.83583680814198,106.09737506966088,76.2378436884284,2052-06-01 01:00:00
103.07408069958221,116.04558861536987,92.39166241599254,2052-07-01 01:00:00
102.39773142505882,118.44644252121284,86.69048226712073,2052-08-01 01:00:00
79.76386959148046,93.86792070044079,67.42282487114004,2052-09-01 01:00:00
71.09702548041336,77.78893537662742,65.08796353279267,2052-10-01 01:00:00
78.66188669169989,83.72256069835785,73.82124198967921,2052-11-01 01:00:00
80.71622047564766,92.15534037399864,71.29576879465276,2052-12-01 01:00:00
89.19487647683518,99.49994923637605,79.9413417539823,2053-01-01 01:00:00
86.68363553437159,93.82741833868906,80.18928753044679,2053-02-01 01:00:00
79.27652240849315,83.7603520226341,74.88809342444051,2053-03-01 01:00:00
71.61662533441593,74.28388489145969,69.48281768878076,2053-04-01 01:00:00
74.83502487759446,81.62648991427666,68.18805909701184,2053-05-01 01:00:00
93.10673272834552,108.74980944640238,78.1437897806391,2053-06-01 01:00:00
105.65093271707177,118.94672833075411,94.70145397639234,2053-07-01 01:00:00
104.9576747106853,121.40760358424316,88.85774432379874,2053-08-01 01:00:00
81.75796633126745,96.21461871795181,69.10839549291853,2053-09-01 01:00:00
72.87445111742369,79.7336587610431,66.71516262111248,2053-10-01 01:00:00
80.62843385899238,85.8156247158168,75.66677303942119,2053-11-01 01:00:00
82.73412598753885,94.4592238833486,73.07816301451908,2053-12-01 01:00:00
91.42474838875606,101.98744796728545,81.93987529783186,2054-01-01 01:00:00
88.85072642273087,96.17310379715627,82.19401971870795,2054-02-01 01:00:00
81.25843546870547,85.85436082319994,76.76029576005152,2054-03-01 01:00:00
73.40704096777633,76.14098201374618,71.21988813100026,2054-04-01 01:00:00
76.70590049953432,83.66715216213356,69.89276057443713,2054-05-01 01:00:00
95.43440104655414,111.46855468256243,80.09738452515506,2054-06-01 01:00:00
108.29220603499856,121.92039653902296,97.06899032580215,2054-07-01 01:00:00
107.58161657845241,124.44279367384924,91.0791879318937,2054-08-01 01:00:00
83.80191548954913,98.61998418590059,70.83610538024149,2054-09-01 01:00:00
74.69631239535927,81.72700023006917,68.38304168664028,2054-10-01 01:00:00
82.64414470546718,87.96101533371221,77.5584423654067,2054-11-01 01:00:00
84.80247913722731,96.82070448043231,74.90511708988204,2054-12-01 01:00:00
93.71036709847495,104.53713416646757,83.98837218027764,2055-01-01 01:00:00
91.07199458329914,98.57743139208517,84.24887021167565,2055-02-01 01:00:00
83.2898963554231,88.00071984377993,78.6793031540528,2055-03-01 01:00:00
75.24221699197074,78.04450656408984,73.00038533427528,2055-04-01 01:00:00
78.62354801202268,85.75883096618689,71.64007958879806,2055-05-01 01:00:00
97.82026107271798,114.25526854962648,82.09981913828393,2055-06-01 01:00:00
110.99951118587352,124.96840645249851,99.49571508394719,2055-07-01 01:00:00
110.27115699291372,127.55386351569544,93.35616763019104,2055-08-01 01:00:00
85.89696337678787,101.0854837905481,72.60700801474754,2055-09-01 01:00:00
76.56372020524326,83.77017523582089,70.09261772880629,2055-10-01 01:00:00
84.71024832310385,90.160040717055,79.49740342454186,2055-11-01 01:00:00
86.92254111565798,99.24122209244311,76.77774501712909,2055-12-01 01:00:00
