ComEd Basic Electric Service Residential Purchased Energy Charge (PEC),ComEd Basic Electric Service Demand Non-Electric Space Heating Purchased Energy Charge (PEC),ComEd Basic Electric Service Watt-Hour Non-Electric Space Heating Purchased Energy Charge (PEC),ComEd Basic Electric Service Non-Residential Electric Space Heating Purchased Energy Charge (PEC),Ameren Illinois Residential Residential BGS 1,Ameren Illinois Small Commercial Small Commercial BGS 2 - Primary,Ameren Illinois Small Commercial Small Commercial BGS 2 - Secondary,Ameren Illinois Small Commercial Small Commercial BGS 2 - High Voltage,DATE
0.0833,0.08452,0.0839,0.08417,0.10138823397075365,0.12165,0.12422000000000001,0.12000999999999999,2023-01-01 01:00:00
0.0833,0.08452,0.0839,0.08417,0.10138823397075365,0.12165,0.12422000000000001,0.12000999999999999,2023-02-01 01:00:00
0.0833,0.08452,0.0839,0.08417,0.10138823397075365,0.12165,0.12422000000000001,0.12000999999999999,2023-03-01 01:00:00
0.0833,0.08452,0.0839,0.08417,0.10138823397075365,0.12165,0.12422000000000001,0.12000999999999999,2023-04-01 01:00:00
0.0833,0.08452,0.0839,0.08417,0.10138823397075365,0.12165,0.12422000000000001,0.12000999999999999,2023-05-01 01:00:00
0.05349,0.05475,0.05393,0.05027,0.06018,0.07427,0.07591,0.07327,2023-06-01 01:00:00
0.05349,0.05475,0.05393,0.05027,0.06018,0.07427,0.07591,0.07327,2023-07-01 01:00:00
0.05349,0.05475,0.05393,0.05027,0.06018,0.07427,0.07591,0.07327,2023-08-01 01:00:00
0.05341,0.05462,0.05381,0.05015,0.06018,0.07427,0.07591,0.07327,2023-09-01 01:00:00
0.05586,0.0569,0.05648,0.05236,0.06147586051743532,0.07323,0.07485,0.07224,2023-10-01 01:00:00
0.05586,0.0569,0.05648,0.05236,0.06147586051743532,0.07323,0.07485,0.07224,2023-11-01 01:00:00
0.05586,0.0569,0.05648,0.05236,0.06147586051743532,0.07323,0.07485,0.07224,2023-12-01 01:00:00
0.05586,0.0569,0.05648,0.05236,0.06147586051743532,0.07323,0.07485,0.07224,2024-01-01 01:00:00
0.05586,0.0569,0.05648,0.05236,0.06147586051743532,0.07323,0.07485,0.07224,2024-02-01 01:00:00
0.05586,0.0569,0.05648,0.05236,0.06147586051743532,0.07323,0.07485,0.07224,2024-03-01 01:00:00
0.05586,0.0569,0.05648,0.05236,0.06147586051743532,0.07323,0.07485,0.07224,2024-04-01 01:00:00
0.05586,0.0569,0.05648,0.05236,0.06147586051743532,0.07323,0.07485,0.07224,2024-05-01 01:00:00
0.0537,0.05512,0.05413,0.04734,0.055529999999999996,0.06848,0.07003,0.06755,2024-06-01 01:00:00
0.0537,0.05512,0.05413,0.04734,0.055529999999999996,0.06848,0.07003,0.06755,2024-07-01 01:00:00
0.0537,0.05512,0.05413,0.04734,0.055529999999999996,0.06848,0.07003,0.06755,2024-08-01 01:00:00
0.0537,0.05512,0.05413,0.04734,0.055529999999999996,0.06848,0.07003,0.06755,2024-09-01 01:00:00
0.07528986343063554,0.0714220059821434,0.07105282826690673,0.06920333609689608,0.07500692134886312,0.09459599672489928,0.09661947842624607,0.0934935685151012,2024-10-01 01:00:00
0.07528986343063554,0.0714220059821434,0.07105282826690673,0.06920333609689608,0.07500692134886312,0.09459599672489928,0.09661947842624607,0.0934935685151012,2024-11-01 01:00:00
0.07528986343063554,0.0714220059821434,0.07105282826690673,0.06920333609689608,0.07500692134886312,0.09459599672489928,0.09661947842624607,0.0934935685151012,2024-12-01 01:00:00
0.07528986343063554,0.0714220059821434,0.07105282826690673,0.06920333609689608,0.07500692134886312,0.09459599672489928,0.09661947842624607,0.0934935685151012,2025-01-01 01:00:00
0.07528986343063554,0.0714220059821434,0.07105282826690673,0.06920333609689608,0.07500692134886312,0.09459599672489928,0.09661947842624607,0.0934935685151012,2025-02-01 01:00:00
0.07528986343063554,0.0714220059821434,0.07105282826690673,0.06920333609689608,0.07500692134886312,0.09459599672489928,0.09661947842624607,0.0934935685151012,2025-03-01 01:00:00
0.07528986343063554,0.0714220059821434,0.07105282826690673,0.06920333609689608,0.07500692134886312,0.09459599672489928,0.09661947842624607,0.0934935685151012,2025-04-01 01:00:00
0.07528986343063554,0.0714220059821434,0.07105282826690673,0.06920333609689608,0.07500692134886312,0.09459599672489928,0.09661947842624607,0.0934935685151012,2025-05-01 01:00:00
0.062188773149789794,0.06738165081255493,0.06691148391135983,0.06232612111738832,0.06970739145064454,0.09447403539502461,0.09667735784798248,0.09327599888260703,2025-06-01 01:00:00
0.062188773149789794,0.06738165081255493,0.06691148391135983,0.06232612111738832,0.06970739145064454,0.09447403539502461,0.09667735784798248,0.09327599888260703,2025-07-01 01:00:00
0.062188773149789794,0.06738165081255493,0.06691148391135983,0.06232612111738832,0.06970739145064454,0.09447403539502461,0.09667735784798248,0.09327599888260703,2025-08-01 01:00:00
0.062188773149789794,0.06738165081255493,0.06691148391135983,0.06232612111738832,0.06970739145064454,0.09447403539502461,0.09667735784798248,0.09327599888260703,2025-09-01 01:00:00
0.08924901353259684,0.08499566369270395,0.08455632424128974,0.08235533853215385,0.0872998232234959,0.10995595701316656,0.11230800017221555,0.10867452277658696,2025-10-01 01:00:00
0.08924901353259684,0.08499566369270395,0.08455632424128974,0.08235533853215385,0.0872998232234959,0.10995595701316656,0.11230800017221555,0.10867452277658696,2025-11-01 01:00:00
0.08924901353259684,0.08499566369270395,0.08455632424128974,0.08235533853215385,0.0872998232234959,0.10995595701316656,0.11230800017221555,0.10867452277658696,2025-12-01 01:00:00
0.08924901353259684,0.08499566369270395,0.08455632424128974,0.08235533853215385,0.0872998232234959,0.10995595701316656,0.11230800017221555,0.10867452277658696,2026-01-01 01:00:00
0.08924901353259684,0.08499566369270395,0.08455632424128974,0.08235533853215385,0.0872998232234959,0.10995595701316656,0.11230800017221555,0.10867452277658696,2026-02-01 01:00:00
0.08924901353259684,0.08499566369270395,0.08455632424128974,0.08235533853215385,0.0872998232234959,0.10995595701316656,0.11230800017221555,0.10867452277658696,2026-03-01 01:00:00
0.08924901353259684,0.08499566369270395,0.08455632424128974,0.08235533853215385,0.0872998232234959,0.10995595701316656,0.11230800017221555,0.10867452277658696,2026-04-01 01:00:00
0.08924901353259684,0.08499566369270395,0.08455632424128974,0.08235533853215385,0.0872998232234959,0.10995595701316656,0.11230800017221555,0.10867452277658696,2026-05-01 01:00:00
0.07476098701609883,0.08111759237511135,0.08055158061108511,0.07503147854282179,0.0821201776043868,0.11083834887651148,0.11342331967517874,0.1094327945527768,2026-06-01 01:00:00
0.07476098701609883,0.08111759237511135,0.08055158061108511,0.07503147854282179,0.0821201776043868,0.11083834887651148,0.11342331967517874,0.1094327945527768,2026-07-01 01:00:00
0.07476098701609883,0.08111759237511135,0.08055158061108511,0.07503147854282179,0.0821201776043868,0.11083834887651148,0.11342331967517874,0.1094327945527768,2026-08-01 01:00:00
0.07476098701609883,0.08111759237511135,0.08055158061108511,0.07503147854282179,0.0821201776043868,0.11083834887651148,0.11342331967517874,0.1094327945527768,2026-09-01 01:00:00
0.09499947843455038,0.09101764992962691,0.09054718305341465,0.08819025638126682,0.09458442866291485,0.11978489533440043,0.12234718710359431,0.11838891397899079,2026-10-01 01:00:00
0.09499947843455038,0.09101764992962691,0.09054718305341465,0.08819025638126682,0.09458442866291485,0.11978489533440043,0.12234718710359431,0.11838891397899079,2026-11-01 01:00:00
0.09499947843455038,0.09101764992962691,0.09054718305341465,0.08819025638126682,0.09458442866291485,0.11978489533440043,0.12234718710359431,0.11838891397899079,2026-12-01 01:00:00
0.09499947843455038,0.09101764992962691,0.09054718305341465,0.08819025638126682,0.09458442866291485,0.11978489533440043,0.12234718710359431,0.11838891397899079,2027-01-01 01:00:00
0.09499947843455038,0.09101764992962691,0.09054718305341465,0.08819025638126682,0.09458442866291485,0.11978489533440043,0.12234718710359431,0.11838891397899079,2027-02-01 01:00:00
0.09499947843455038,0.09101764992962691,0.09054718305341465,0.08819025638126682,0.09458442866291485,0.11978489533440043,0.12234718710359431,0.11838891397899079,2027-03-01 01:00:00
0.09499947843455038,0.09101764992962691,0.09054718305341465,0.08819025638126682,0.09458442866291485,0.11978489533440043,0.12234718710359431,0.11838891397899079,2027-04-01 01:00:00
0.09499947843455038,0.09101764992962691,0.09054718305341465,0.08819025638126682,0.09458442866291485,0.11978489533440043,0.12234718710359431,0.11838891397899079,2027-05-01 01:00:00
0.07708116442781016,0.08420020134628088,0.08361268015513179,0.07788280464982274,0.08274143947914689,0.11136733019965794,0.11396463789514147,0.10995506780066358,2027-06-01 01:00:00
0.07708116442781016,0.08420020134628088,0.08361268015513179,0.07788280464982274,0.08274143947914689,0.11136733019965794,0.11396463789514147,0.10995506780066358,2027-07-01 01:00:00
0.07708116442781016,0.08420020134628088,0.08361268015513179,0.07788280464982274,0.08274143947914689,0.11136733019965794,0.11396463789514147,0.10995506780066358,2027-08-01 01:00:00
0.07708116442781016,0.08420020134628088,0.08361268015513179,0.07788280464982274,0.08274143947914689,0.11136733019965794,0.11396463789514147,0.10995506780066358,2027-09-01 01:00:00
0.09292136689783001,0.08986349667345696,0.08939899557286646,0.08707195601157368,0.09121814847978213,0.11577654215256304,0.11825309213989726,0.11442727441903468,2027-10-01 01:00:00
0.09292136689783001,0.08986349667345696,0.08939899557286646,0.08707195601157368,0.09121814847978213,0.11577654215256304,0.11825309213989726,0.11442727441903468,2027-11-01 01:00:00
0.09292136689783001,0.08986349667345696,0.08939899557286646,0.08707195601157368,0.09121814847978213,0.11577654215256304,0.11825309213989726,0.11442727441903468,2027-12-01 01:00:00
0.09292136689783001,0.08986349667345696,0.08939899557286646,0.08707195601157368,0.09121814847978213,0.11577654215256304,0.11825309213989726,0.11442727441903468,2028-01-01 01:00:00
0.09292136689783001,0.08986349667345696,0.08939899557286646,0.08707195601157368,0.09121814847978213,0.11577654215256304,0.11825309213989726,0.11442727441903468,2028-02-01 01:00:00
0.09292136689783001,0.08986349667345696,0.08939899557286646,0.08707195601157368,0.09121814847978213,0.11577654215256304,0.11825309213989726,0.11442727441903468,2028-03-01 01:00:00
0.09292136689783001,0.08986349667345696,0.08939899557286646,0.08707195601157368,0.09121814847978213,0.11577654215256304,0.11825309213989726,0.11442727441903468,2028-04-01 01:00:00
0.09292136689783001,0.08986349667345696,0.08939899557286646,0.08707195601157368,0.09121814847978213,0.11577654215256304,0.11825309213989726,0.11442727441903468,2028-05-01 01:00:00
0.07441549224474417,0.08249997751406209,0.08192431992317943,0.0763101456957059,0.08132656036800479,0.10936274013751116,0.11191329680479485,0.10797589818421746,2028-06-01 01:00:00
0.07441549224474417,0.08249997751406209,0.08192431992317943,0.0763101456957059,0.08132656036800479,0.10936274013751116,0.11191329680479485,0.10797589818421746,2028-07-01 01:00:00
0.07441549224474417,0.08249997751406209,0.08192431992317943,0.0763101456957059,0.08132656036800479,0.10936274013751116,0.11191329680479485,0.10797589818421746,2028-08-01 01:00:00
0.07441549224474417,0.08249997751406209,0.08192431992317943,0.0763101456957059,0.08132656036800479,0.10936274013751116,0.11191329680479485,0.10797589818421746,2028-09-01 01:00:00
0.09497522096858663,0.09296245935025173,0.09248193982585906,0.0900746517875448,0.09236832758285149,0.11671385065758695,0.119210450400451,0.11535365946669257,2028-10-01 01:00:00
0.09497522096858663,0.09296245935025173,0.09248193982585906,0.0900746517875448,0.09236832758285149,0.11671385065758695,0.119210450400451,0.11535365946669257,2028-11-01 01:00:00
0.09497522096858663,0.09296245935025173,0.09248193982585906,0.0900746517875448,0.09236832758285149,0.11671385065758695,0.119210450400451,0.11535365946669257,2028-12-01 01:00:00
0.09497522096858663,0.09296245935025173,0.09248193982585906,0.0900746517875448,0.09236832758285149,0.11671385065758695,0.119210450400451,0.11535365946669257,2029-01-01 01:00:00
0.09497522096858663,0.09296245935025173,0.09248193982585906,0.0900746517875448,0.09236832758285149,0.11671385065758695,0.119210450400451,0.11535365946669257,2029-02-01 01:00:00
0.09497522096858663,0.09296245935025173,0.09248193982585906,0.0900746517875448,0.09236832758285149,0.11671385065758695,0.119210450400451,0.11535365946669257,2029-03-01 01:00:00
0.09497522096858663,0.09296245935025173,0.09248193982585906,0.0900746517875448,0.09236832758285149,0.11671385065758695,0.119210450400451,0.11535365946669257,2029-04-01 01:00:00
0.09497522096858663,0.09296245935025173,0.09248193982585906,0.0900746517875448,0.09236832758285149,0.11671385065758695,0.119210450400451,0.11535365946669257,2029-05-01 01:00:00
0.08037239706208531,0.09173283254931174,0.0910927511458813,0.08485027545279755,0.08441221236521294,0.11412149441565685,0.11678303469981799,0.11267430613170198,2029-06-01 01:00:00
0.08037239706208531,0.09173283254931174,0.0910927511458813,0.08485027545279755,0.08441221236521294,0.11412149441565685,0.11678303469981799,0.11267430613170198,2029-07-01 01:00:00
0.08037239706208531,0.09173283254931174,0.0910927511458813,0.08485027545279755,0.08441221236521294,0.11412149441565685,0.11678303469981799,0.11267430613170198,2029-08-01 01:00:00
0.08037239706208531,0.09173283254931174,0.0910927511458813,0.08485027545279755,0.08441221236521294,0.11412149441565685,0.11678303469981799,0.11267430613170198,2029-09-01 01:00:00
0.10030418914942549,0.10128534109407923,0.1007618009008588,0.09813898958781346,0.0951978721541662,0.12108187938323728,0.12367191464666585,0.11967078288709651,2029-10-01 01:00:00
0.10030418914942549,0.10128534109407923,0.1007618009008588,0.09813898958781346,0.0951978721541662,0.12108187938323728,0.12367191464666585,0.11967078288709651,2029-11-01 01:00:00
0.10030418914942549,0.10128534109407923,0.1007618009008588,0.09813898958781346,0.0951978721541662,0.12108187938323728,0.12367191464666585,0.11967078288709651,2029-12-01 01:00:00
0.10030418914942549,0.10128534109407923,0.1007618009008588,0.09813898958781346,0.0951978721541662,0.12108187938323728,0.12367191464666585,0.11967078288709651,2030-01-01 01:00:00
0.10030418914942549,0.10128534109407923,0.1007618009008588,0.09813898958781346,0.0951978721541662,0.12108187938323728,0.12367191464666585,0.11967078288709651,2030-02-01 01:00:00
0.10030418914942549,0.10128534109407923,0.1007618009008588,0.09813898958781346,0.0951978721541662,0.12108187938323728,0.12367191464666585,0.11967078288709651,2030-03-01 01:00:00
0.10030418914942549,0.10128534109407923,0.1007618009008588,0.09813898958781346,0.0951978721541662,0.12108187938323728,0.12367191464666585,0.11967078288709651,2030-04-01 01:00:00
0.10030418914942549,0.10128534109407923,0.1007618009008588,0.09813898958781346,0.0951978721541662,0.12108187938323728,0.12367191464666585,0.11967078288709651,2030-05-01 01:00:00
0.08203709924116949,0.09524794040959686,0.09458333174466264,0.08810165079903637,0.08830395946478743,0.12066520147285287,0.12347935402370096,0.11913503165912312,2030-06-01 01:00:00
0.08203709924116949,0.09524794040959686,0.09458333174466264,0.08810165079903637,0.08830395946478743,0.12066520147285287,0.12347935402370096,0.11913503165912312,2030-07-01 01:00:00
0.08203709924116949,0.09524794040959686,0.09458333174466264,0.08810165079903637,0.08830395946478743,0.12066520147285287,0.12347935402370096,0.11913503165912312,2030-08-01 01:00:00
0.08203709924116949,0.09524794040959686,0.09458333174466264,0.08810165079903637,0.08830395946478743,0.12066520147285287,0.12347935402370096,0.11913503165912312,2030-09-01 01:00:00
0.1033417367577824,0.10609314711815832,0.10554475555288718,0.1027974448019699,0.09759569705438109,0.12590137252024633,0.12859450047797638,0.1244341093217596,2030-10-01 01:00:00
0.1033417367577824,0.10609314711815832,0.10554475555288718,0.1027974448019699,0.09759569705438109,0.12590137252024633,0.12859450047797638,0.1244341093217596,2030-11-01 01:00:00
0.1033417367577824,0.10609314711815832,0.10554475555288718,0.1027974448019699,0.09759569705438109,0.12590137252024633,0.12859450047797638,0.1244341093217596,2030-12-01 01:00:00
0.1033417367577824,0.10609314711815832,0.10554475555288718,0.1027974448019699,0.09759569705438109,0.12590137252024633,0.12859450047797638,0.1244341093217596,2031-01-01 01:00:00
0.1033417367577824,0.10609314711815832,0.10554475555288718,0.1027974448019699,0.09759569705438109,0.12590137252024633,0.12859450047797638,0.1244341093217596,2031-02-01 01:00:00
0.1033417367577824,0.10609314711815832,0.10554475555288718,0.1027974448019699,0.09759569705438109,0.12590137252024633,0.12859450047797638,0.1244341093217596,2031-03-01 01:00:00
0.1033417367577824,0.10609314711815832,0.10554475555288718,0.1027974448019699,0.09759569705438109,0.12590137252024633,0.12859450047797638,0.1244341093217596,2031-04-01 01:00:00
0.1033417367577824,0.10609314711815832,0.10554475555288718,0.1027974448019699,0.09759569705438109,0.12590137252024633,0.12859450047797638,0.1244341093217596,2031-05-01 01:00:00
0.08689197574758004,0.10233420748635866,0.10162015319056879,0.09465624741058339,0.09319965579008233,0.12932980316638937,0.13234603146617188,0.12768975650500505,2031-06-01 01:00:00
0.08689197574758004,0.10233420748635866,0.10162015319056879,0.09465624741058339,0.09319965579008233,0.12932980316638937,0.13234603146617188,0.12768975650500505,2031-07-01 01:00:00
0.08689197574758004,0.10233420748635866,0.10162015319056879,0.09465624741058339,0.09319965579008233,0.12932980316638937,0.13234603146617188,0.12768975650500505,2031-08-01 01:00:00
0.08689197574758004,0.10233420748635866,0.10162015319056879,0.09465624741058339,0.09319965579008233,0.12932980316638937,0.13234603146617188,0.12768975650500505,2031-09-01 01:00:00
0.11017204559156059,0.11466390660136287,0.11407121309636964,0.11110196020959026,0.10284049865853657,0.13493689055725924,0.13782329525019044,0.13336432681415106,2031-10-01 01:00:00
0.11017204559156059,0.11466390660136287,0.11407121309636964,0.11110196020959026,0.10284049865853657,0.13493689055725924,0.13782329525019044,0.13336432681415106,2031-11-01 01:00:00
0.11017204559156059,0.11466390660136287,0.11407121309636964,0.11110196020959026,0.10284049865853657,0.13493689055725924,0.13782329525019044,0.13336432681415106,2031-12-01 01:00:00
0.11017204559156059,0.11466390660136287,0.11407121309636964,0.11110196020959026,0.10284049865853657,0.13493689055725924,0.13782329525019044,0.13336432681415106,2032-01-01 01:00:00
0.11017204559156059,0.11466390660136287,0.11407121309636964,0.11110196020959026,0.10284049865853657,0.13493689055725924,0.13782329525019044,0.13336432681415106,2032-02-01 01:00:00
0.11017204559156059,0.11466390660136287,0.11407121309636964,0.11110196020959026,0.10284049865853657,0.13493689055725924,0.13782329525019044,0.13336432681415106,2032-03-01 01:00:00
0.11017204559156059,0.11466390660136287,0.11407121309636964,0.11110196020959026,0.10284049865853657,0.13493689055725924,0.13782329525019044,0.13336432681415106,2032-04-01 01:00:00
0.11017204559156059,0.11466390660136287,0.11407121309636964,0.11110196020959026,0.10284049865853657,0.13493689055725924,0.13782329525019044,0.13336432681415106,2032-05-01 01:00:00
0.09089495510208846,0.108775100674735,0.10801610395389635,0.10061389142971906,0.09592470108232158,0.13532123635547538,0.13847719679664167,0.13360521161511707,2032-06-01 01:00:00
0.09089495510208846,0.108775100674735,0.10801610395389635,0.10061389142971906,0.09592470108232158,0.13532123635547538,0.13847719679664167,0.13360521161511707,2032-07-01 01:00:00
0.09089495510208846,0.108775100674735,0.10801610395389635,0.10061389142971906,0.09592470108232158,0.13532123635547538,0.13847719679664167,0.13360521161511707,2032-08-01 01:00:00
0.09089495510208846,0.108775100674735,0.10801610395389635,0.10061389142971906,0.09592470108232158,0.13532123635547538,0.13847719679664167,0.13360521161511707,2032-09-01 01:00:00
0.11695963584959888,0.12347666096703111,0.12283841465969186,0.11964095311409093,0.1051397043350351,0.14061264154082073,0.1436204549471675,0.13897393220791274,2032-10-01 01:00:00
0.11695963584959888,0.12347666096703111,0.12283841465969186,0.11964095311409093,0.1051397043350351,0.14061264154082073,0.1436204549471675,0.13897393220791274,2032-11-01 01:00:00
0.11695963584959888,0.12347666096703111,0.12283841465969186,0.11964095311409093,0.1051397043350351,0.14061264154082073,0.1436204549471675,0.13897393220791274,2032-12-01 01:00:00
0.11695963584959888,0.12347666096703111,0.12283841465969186,0.11964095311409093,0.1051397043350351,0.14061264154082073,0.1436204549471675,0.13897393220791274,2033-01-01 01:00:00
0.11695963584959888,0.12347666096703111,0.12283841465969186,0.11964095311409093,0.1051397043350351,0.14061264154082073,0.1436204549471675,0.13897393220791274,2033-02-01 01:00:00
0.11695963584959888,0.12347666096703111,0.12283841465969186,0.11964095311409093,0.1051397043350351,0.14061264154082073,0.1436204549471675,0.13897393220791274,2033-03-01 01:00:00
0.11695963584959888,0.12347666096703111,0.12283841465969186,0.11964095311409093,0.1051397043350351,0.14061264154082073,0.1436204549471675,0.13897393220791274,2033-04-01 01:00:00
0.11695963584959888,0.12347666096703111,0.12283841465969186,0.11964095311409093,0.1051397043350351,0.14061264154082073,0.1436204549471675,0.13897393220791274,2033-05-01 01:00:00
0.08888605587913434,0.1052247754286524,0.10449055170460225,0.09732994099773828,0.09642614699026784,0.13694497427182747,0.14013880351148272,0.13520835871726022,2033-06-01 01:00:00
0.08888605587913434,0.1052247754286524,0.10449055170460225,0.09732994099773828,0.09642614699026784,0.13694497427182747,0.14013880351148272,0.13520835871726022,2033-07-01 01:00:00
0.08888605587913434,0.1052247754286524,0.10449055170460225,0.09732994099773828,0.09642614699026784,0.13694497427182747,0.14013880351148272,0.13520835871726022,2033-08-01 01:00:00
0.08888605587913434,0.1052247754286524,0.10449055170460225,0.09732994099773828,0.09642614699026784,0.13694497427182747,0.14013880351148272,0.13520835871726022,2033-09-01 01:00:00
0.11644214345996637,0.12135558226079689,0.12072829973107543,0.11758576409248611,0.10635878407550196,0.14314477804808898,0.14620675581725412,0.14147655902329848,2033-10-01 01:00:00
0.11644214345996637,0.12135558226079689,0.12072829973107543,0.11758576409248611,0.10635878407550196,0.14314477804808898,0.14620675581725412,0.14147655902329848,2033-11-01 01:00:00
0.11644214345996637,0.12135558226079689,0.12072829973107543,0.11758576409248611,0.10635878407550196,0.14314477804808898,0.14620675581725412,0.14147655902329848,2033-12-01 01:00:00
0.11644214345996637,0.12135558226079689,0.12072829973107543,0.11758576409248611,0.10635878407550196,0.14314477804808898,0.14620675581725412,0.14147655902329848,2034-01-01 01:00:00
0.11644214345996637,0.12135558226079689,0.12072829973107543,0.11758576409248611,0.10635878407550196,0.14314477804808898,0.14620675581725412,0.14147655902329848,2034-02-01 01:00:00
0.11644214345996637,0.12135558226079689,0.12072829973107543,0.11758576409248611,0.10635878407550196,0.14314477804808898,0.14620675581725412,0.14147655902329848,2034-03-01 01:00:00
0.11644214345996637,0.12135558226079689,0.12072829973107543,0.11758576409248611,0.10635878407550196,0.14314477804808898,0.14620675581725412,0.14147655902329848,2034-04-01 01:00:00
0.11644214345996637,0.12135558226079689,0.12072829973107543,0.11758576409248611,0.10635878407550196,0.14314477804808898,0.14620675581725412,0.14147655902329848,2034-05-01 01:00:00
0.09184358500624955,0.1082058014678873,0.10745077712885748,0.10008730576596427,0.09826733531062305,0.14072980904885482,0.14401190816509674,0.13894519755299656,2034-06-01 01:00:00
0.09184358500624955,0.1082058014678873,0.10745077712885748,0.10008730576596427,0.09826733531062305,0.14072980904885482,0.14401190816509674,0.13894519755299656,2034-07-01 01:00:00
0.09184358500624955,0.1082058014678873,0.10745077712885748,0.10008730576596427,0.09826733531062305,0.14072980904885482,0.14401190816509674,0.13894519755299656,2034-08-01 01:00:00
0.09184358500624955,0.1082058014678873,0.10745077712885748,0.10008730576596427,0.09826733531062305,0.14072980904885482,0.14401190816509674,0.13894519755299656,2034-09-01 01:00:00
0.11718814647652831,0.12192787432580568,0.12129763363950348,0.11814027834304203,0.10944798587824382,0.14838334018585386,0.1515573748601115,0.14665407059994665,2034-10-01 01:00:00
0.11718814647652831,0.12192787432580568,0.12129763363950348,0.11814027834304203,0.10944798587824382,0.14838334018585386,0.1515573748601115,0.14665407059994665,2034-11-01 01:00:00
0.11718814647652831,0.12192787432580568,0.12129763363950348,0.11814027834304203,0.10944798587824382,0.14838334018585386,0.1515573748601115,0.14665407059994665,2034-12-01 01:00:00
0.11718814647652831,0.12192787432580568,0.12129763363950348,0.11814027834304203,0.10944798587824382,0.14838334018585386,0.1515573748601115,0.14665407059994665,2035-01-01 01:00:00
0.11718814647652831,0.12192787432580568,0.12129763363950348,0.11814027834304203,0.10944798587824382,0.14838334018585386,0.1515573748601115,0.14665407059994665,2035-02-01 01:00:00
0.11718814647652831,0.12192787432580568,0.12129763363950348,0.11814027834304203,0.10944798587824382,0.14838334018585386,0.1515573748601115,0.14665407059994665,2035-03-01 01:00:00
0.11718814647652831,0.12192787432580568,0.12129763363950348,0.11814027834304203,0.10944798587824382,0.14838334018585386,0.1515573748601115,0.14665407059994665,2035-04-01 01:00:00
0.11718814647652831,0.12192787432580568,0.12129763363950348,0.11814027834304203,0.10944798587824382,0.14838334018585386,0.1515573748601115,0.14665407059994665,2035-05-01 01:00:00
0.09257539219929457,0.10765538281640558,0.10690419911690602,0.09957818408188811,0.09946188794031399,0.14111725803607678,0.1444083932334954,0.1393277332533937,2035-06-01 01:00:00
0.09257539219929457,0.10765538281640558,0.10690419911690602,0.09957818408188811,0.09946188794031399,0.14111725803607678,0.1444083932334954,0.1393277332533937,2035-07-01 01:00:00
0.09257539219929457,0.10765538281640558,0.10690419911690602,0.09957818408188811,0.09946188794031399,0.14111725803607678,0.1444083932334954,0.1393277332533937,2035-08-01 01:00:00
0.09257539219929457,0.10765538281640558,0.10690419911690602,0.09957818408188811,0.09946188794031399,0.14111725803607678,0.1444083932334954,0.1393277332533937,2035-09-01 01:00:00
0.11977189588562882,0.12281679553214007,0.12218196004490126,0.11900158589328078,0.1112955150246375,0.14925784367166178,0.1524505846534014,0.14751838256237412,2035-10-01 01:00:00
0.11977189588562882,0.12281679553214007,0.12218196004490126,0.11900158589328078,0.1112955150246375,0.14925784367166178,0.1524505846534014,0.14751838256237412,2035-11-01 01:00:00
0.11977189588562882,0.12281679553214007,0.12218196004490126,0.11900158589328078,0.1112955150246375,0.14925784367166178,0.1524505846534014,0.14751838256237412,2035-12-01 01:00:00
0.11977189588562882,0.12281679553214007,0.12218196004490126,0.11900158589328078,0.1112955150246375,0.14925784367166178,0.1524505846534014,0.14751838256237412,2036-01-01 01:00:00
0.11977189588562882,0.12281679553214007,0.12218196004490126,0.11900158589328078,0.1112955150246375,0.14925784367166178,0.1524505846534014,0.14751838256237412,2036-02-01 01:00:00
0.11977189588562882,0.12281679553214007,0.12218196004490126,0.11900158589328078,0.1112955150246375,0.14925784367166178,0.1524505846534014,0.14751838256237412,2036-03-01 01:00:00
0.11977189588562882,0.12281679553214007,0.12218196004490126,0.11900158589328078,0.1112955150246375,0.14925784367166178,0.1524505846534014,0.14751838256237412,2036-04-01 01:00:00
0.11977189588562882,0.12281679553214007,0.12218196004490126,0.11900158589328078,0.1112955150246375,0.14925784367166178,0.1524505846534014,0.14751838256237412,2036-05-01 01:00:00
0.09454927380177654,0.10809605900453094,0.10734180041215918,0.0999857970914158,0.10438406896721127,0.14701849225594227,0.1504472559753397,0.1451541332181735,2036-06-01 01:00:00
0.09454927380177654,0.10809605900453094,0.10734180041215918,0.0999857970914158,0.10438406896721127,0.14701849225594227,0.1504472559753397,0.1451541332181735,2036-07-01 01:00:00
0.09454927380177654,0.10809605900453094,0.10734180041215918,0.0999857970914158,0.10438406896721127,0.14701849225594227,0.1504472559753397,0.1451541332181735,2036-08-01 01:00:00
0.09454927380177654,0.10809605900453094,0.10734180041215918,0.0999857970914158,0.10438406896721127,0.14701849225594227,0.1504472559753397,0.1451541332181735,2036-09-01 01:00:00
0.11791826535608693,0.11928721109812092,0.1186706199026682,0.11558164529498859,0.11490267552772229,0.1532802212380643,0.1565590039941212,0.15149388306575926,2036-10-01 01:00:00
0.11791826535608693,0.11928721109812092,0.1186706199026682,0.11558164529498859,0.11490267552772229,0.1532802212380643,0.1565590039941212,0.15149388306575926,2036-11-01 01:00:00
0.11791826535608693,0.11928721109812092,0.1186706199026682,0.11558164529498859,0.11490267552772229,0.1532802212380643,0.1565590039941212,0.15149388306575926,2036-12-01 01:00:00
0.11791826535608693,0.11928721109812092,0.1186706199026682,0.11558164529498859,0.11490267552772229,0.1532802212380643,0.1565590039941212,0.15149388306575926,2037-01-01 01:00:00
0.11791826535608693,0.11928721109812092,0.1186706199026682,0.11558164529498859,0.11490267552772229,0.1532802212380643,0.1565590039941212,0.15149388306575926,2037-02-01 01:00:00
0.11791826535608693,0.11928721109812092,0.1186706199026682,0.11558164529498859,0.11490267552772229,0.1532802212380643,0.1565590039941212,0.15149388306575926,2037-03-01 01:00:00
0.11791826535608693,0.11928721109812092,0.1186706199026682,0.11558164529498859,0.11490267552772229,0.1532802212380643,0.1565590039941212,0.15149388306575926,2037-04-01 01:00:00
0.11791826535608693,0.11928721109812092,0.1186706199026682,0.11558164529498859,0.11490267552772229,0.1532802212380643,0.1565590039941212,0.15149388306575926,2037-05-01 01:00:00
0.09610676680541311,0.10920864722584969,0.10844662536039074,0.10101490972667306,0.10807648145727923,0.1523199418966827,0.15587234596845662,0.15038835454362293,2037-06-01 01:00:00
0.09610676680541311,0.10920864722584969,0.10844662536039074,0.10101490972667306,0.10807648145727923,0.1523199418966827,0.15587234596845662,0.15038835454362293,2037-07-01 01:00:00
0.09610676680541311,0.10920864722584969,0.10844662536039074,0.10101490972667306,0.10807648145727923,0.1523199418966827,0.15587234596845662,0.15038835454362293,2037-08-01 01:00:00
0.09610676680541311,0.10920864722584969,0.10844662536039074,0.10101490972667306,0.10807648145727923,0.1523199418966827,0.15587234596845662,0.15038835454362293,2037-09-01 01:00:00
0.11676968829794243,0.11765691730037396,0.11704875303344475,0.11400199532477667,0.11696124912307218,0.15657084401821214,0.15992001574644749,0.15474615670317127,2037-10-01 01:00:00
0.11676968829794243,0.11765691730037396,0.11704875303344475,0.11400199532477667,0.11696124912307218,0.15657084401821214,0.15992001574644749,0.15474615670317127,2037-11-01 01:00:00
0.11676968829794243,0.11765691730037396,0.11704875303344475,0.11400199532477667,0.11696124912307218,0.15657084401821214,0.15992001574644749,0.15474615670317127,2037-12-01 01:00:00
0.11676968829794243,0.11765691730037396,0.11704875303344475,0.11400199532477667,0.11696124912307218,0.15657084401821214,0.15992001574644749,0.15474615670317127,2038-01-01 01:00:00
0.11676968829794243,0.11765691730037396,0.11704875303344475,0.11400199532477667,0.11696124912307218,0.15657084401821214,0.15992001574644749,0.15474615670317127,2038-02-01 01:00:00
0.11676968829794243,0.11765691730037396,0.11704875303344475,0.11400199532477667,0.11696124912307218,0.15657084401821214,0.15992001574644749,0.15474615670317127,2038-03-01 01:00:00
0.11676968829794243,0.11765691730037396,0.11704875303344475,0.11400199532477667,0.11696124912307218,0.15657084401821214,0.15992001574644749,0.15474615670317127,2038-04-01 01:00:00
0.11676968829794243,0.11765691730037396,0.11704875303344475,0.11400199532477667,0.11696124912307218,0.15657084401821214,0.15992001574644749,0.15474615670317127,2038-05-01 01:00:00
0.09896416583594518,0.11243776090814761,0.11165320735408642,0.10400174854759456,0.11113669575950853,0.1568210354973887,0.16047841402644958,0.1548323692394541,2038-06-01 01:00:00
0.09896416583594518,0.11243776090814761,0.11165320735408642,0.10400174854759456,0.11113669575950853,0.1568210354973887,0.16047841402644958,0.1548323692394541,2038-07-01 01:00:00
0.09896416583594518,0.11243776090814761,0.11165320735408642,0.10400174854759456,0.11113669575950853,0.1568210354973887,0.16047841402644958,0.1548323692394541,2038-08-01 01:00:00
0.09896416583594518,0.11243776090814761,0.11165320735408642,0.10400174854759456,0.11113669575950853,0.1568210354973887,0.16047841402644958,0.1548323692394541,2038-09-01 01:00:00
0.11960760294962858,0.1205508787561765,0.119927755709197,0.11680605808559351,0.12001889593586187,0.16092910654362952,0.16437150488583563,0.15905362773930717,2038-10-01 01:00:00
0.11960760294962858,0.1205508787561765,0.119927755709197,0.11680605808559351,0.12001889593586187,0.16092910654362952,0.16437150488583563,0.15905362773930717,2038-11-01 01:00:00
0.11960760294962858,0.1205508787561765,0.119927755709197,0.11680605808559351,0.12001889593586187,0.16092910654362952,0.16437150488583563,0.15905362773930717,2038-12-01 01:00:00
0.11960760294962858,0.1205508787561765,0.119927755709197,0.11680605808559351,0.12001889593586187,0.16092910654362952,0.16437150488583563,0.15905362773930717,2039-01-01 01:00:00
0.11960760294962858,0.1205508787561765,0.119927755709197,0.11680605808559351,0.12001889593586187,0.16092910654362952,0.16437150488583563,0.15905362773930717,2039-02-01 01:00:00
0.11960760294962858,0.1205508787561765,0.119927755709197,0.11680605808559351,0.12001889593586187,0.16092910654362952,0.16437150488583563,0.15905362773930717,2039-03-01 01:00:00
0.11960760294962858,0.1205508787561765,0.119927755709197,0.11680605808559351,0.12001889593586187,0.16092910654362952,0.16437150488583563,0.15905362773930717,2039-04-01 01:00:00
0.11960760294962858,0.1205508787561765,0.119927755709197,0.11680605808559351,0.12001889593586187,0.16092910654362952,0.16437150488583563,0.15905362773930717,2039-05-01 01:00:00
0.1077419384407367,0.1242940294544381,0.12342674677494106,0.11496846159937238,0.11612934232421598,0.16428655939214398,0.1681180487904149,0.16220322193515613,2039-06-01 01:00:00
0.1077419384407367,0.1242940294544381,0.12342674677494106,0.11496846159937238,0.11612934232421598,0.16428655939214398,0.1681180487904149,0.16220322193515613,2039-07-01 01:00:00
0.1077419384407367,0.1242940294544381,0.12342674677494106,0.11496846159937238,0.11612934232421598,0.16428655939214398,0.1681180487904149,0.16220322193515613,2039-08-01 01:00:00
0.1077419384407367,0.1242940294544381,0.12342674677494106,0.11496846159937238,0.11612934232421598,0.16428655939214398,0.1681180487904149,0.16220322193515613,2039-09-01 01:00:00
0.12897559143850026,0.1322332941119296,0.13154978509076506,0.12812556816053947,0.12357782393169851,0.1665937826827847,0.1701573528388993,0.16465228735565607,2039-10-01 01:00:00
0.12897559143850026,0.1322332941119296,0.13154978509076506,0.12812556816053947,0.12357782393169851,0.1665937826827847,0.1701573528388993,0.16465228735565607,2039-11-01 01:00:00
0.12897559143850026,0.1322332941119296,0.13154978509076506,0.12812556816053947,0.12357782393169851,0.1665937826827847,0.1701573528388993,0.16465228735565607,2039-12-01 01:00:00
0.12897559143850026,0.1322332941119296,0.13154978509076506,0.12812556816053947,0.12357782393169851,0.1665937826827847,0.1701573528388993,0.16465228735565607,2040-01-01 01:00:00
0.12897559143850026,0.1322332941119296,0.13154978509076506,0.12812556816053947,0.12357782393169851,0.1665937826827847,0.1701573528388993,0.16465228735565607,2040-02-01 01:00:00
0.12897559143850026,0.1322332941119296,0.13154978509076506,0.12812556816053947,0.12357782393169851,0.1665937826827847,0.1701573528388993,0.16465228735565607,2040-03-01 01:00:00
0.12897559143850026,0.1322332941119296,0.13154978509076506,0.12812556816053947,0.12357782393169851,0.1665937826827847,0.1701573528388993,0.16465228735565607,2040-04-01 01:00:00
0.12897559143850026,0.1322332941119296,0.13154978509076506,0.12812556816053947,0.12357782393169851,0.1665937826827847,0.1701573528388993,0.16465228735565607,2040-05-01 01:00:00
0.10302750057779896,0.11583188149260412,0.11502364488628415,0.10714121408580665,0.1177181900102071,0.16844139241043496,0.1723697807803568,0.16630536702032245,2040-06-01 01:00:00
0.10302750057779896,0.11583188149260412,0.11502364488628415,0.10714121408580665,0.1177181900102071,0.16844139241043496,0.1723697807803568,0.16630536702032245,2040-07-01 01:00:00
0.10302750057779896,0.11583188149260412,0.11502364488628415,0.10714121408580665,0.1177181900102071,0.16844139241043496,0.1723697807803568,0.16630536702032245,2040-08-01 01:00:00
0.10302750057779896,0.11583188149260412,0.11502364488628415,0.10714121408580665,0.1177181900102071,0.16844139241043496,0.1723697807803568,0.16630536702032245,2040-09-01 01:00:00
0.12777976969021626,0.12711813529099963,0.1264610663371591,0.12316930782864231,0.1288891444609307,0.17508729268115705,0.17883254560035827,0.17304681340812594,2040-10-01 01:00:00
0.12777976969021626,0.12711813529099963,0.1264610663371591,0.12316930782864231,0.1288891444609307,0.17508729268115705,0.17883254560035827,0.17304681340812594,2040-11-01 01:00:00
0.12777976969021626,0.12711813529099963,0.1264610663371591,0.12316930782864231,0.1288891444609307,0.17508729268115705,0.17883254560035827,0.17304681340812594,2040-12-01 01:00:00
0.12777976969021626,0.12711813529099963,0.1264610663371591,0.12316930782864231,0.1288891444609307,0.17508729268115705,0.17883254560035827,0.17304681340812594,2041-01-01 01:00:00
0.12777976969021626,0.12711813529099963,0.1264610663371591,0.12316930782864231,0.1288891444609307,0.17508729268115705,0.17883254560035827,0.17304681340812594,2041-02-01 01:00:00
0.12777976969021626,0.12711813529099963,0.1264610663371591,0.12316930782864231,0.1288891444609307,0.17508729268115705,0.17883254560035827,0.17304681340812594,2041-03-01 01:00:00
0.12777976969021626,0.12711813529099963,0.1264610663371591,0.12316930782864231,0.1288891444609307,0.17508729268115705,0.17883254560035827,0.17304681340812594,2041-04-01 01:00:00
0.12777976969021626,0.12711813529099963,0.1264610663371591,0.12316930782864231,0.1288891444609307,0.17508729268115705,0.17883254560035827,0.17304681340812594,2041-05-01 01:00:00
0.11372977143335404,0.12820364909651305,0.12730908638261795,0.11858474918503484,0.12307736485699433,0.17473179262971827,0.17880688564693592,0.17251599792405883,2041-06-01 01:00:00
0.11372977143335404,0.12820364909651305,0.12730908638261795,0.11858474918503484,0.12307736485699433,0.17473179262971827,0.17880688564693592,0.17251599792405883,2041-07-01 01:00:00
0.11372977143335404,0.12820364909651305,0.12730908638261795,0.11858474918503484,0.12307736485699433,0.17473179262971827,0.17880688564693592,0.17251599792405883,2041-08-01 01:00:00
0.11372977143335404,0.12820364909651305,0.12730908638261795,0.11858474918503484,0.12307736485699433,0.17473179262971827,0.17880688564693592,0.17251599792405883,2041-09-01 01:00:00
0.13291936592509762,0.13323590096195276,0.13254720950295154,0.12909702979706295,0.13008357996070746,0.17627117223945427,0.18004174926015815,0.17421689595315346,2041-10-01 01:00:00
0.13291936592509762,0.13323590096195276,0.13254720950295154,0.12909702979706295,0.13008357996070746,0.17627117223945427,0.18004174926015815,0.17421689595315346,2041-11-01 01:00:00
0.13291936592509762,0.13323590096195276,0.13254720950295154,0.12909702979706295,0.13008357996070746,0.17627117223945427,0.18004174926015815,0.17421689595315346,2041-12-01 01:00:00
0.13291936592509762,0.13323590096195276,0.13254720950295154,0.12909702979706295,0.13008357996070746,0.17627117223945427,0.18004174926015815,0.17421689595315346,2042-01-01 01:00:00
0.13291936592509762,0.13323590096195276,0.13254720950295154,0.12909702979706295,0.13008357996070746,0.17627117223945427,0.18004174926015815,0.17421689595315346,2042-02-01 01:00:00
0.13291936592509762,0.13323590096195276,0.13254720950295154,0.12909702979706295,0.13008357996070746,0.17627117223945427,0.18004174926015815,0.17421689595315346,2042-03-01 01:00:00
0.13291936592509762,0.13323590096195276,0.13254720950295154,0.12909702979706295,0.13008357996070746,0.17627117223945427,0.18004174926015815,0.17421689595315346,2042-04-01 01:00:00
0.13291936592509762,0.13323590096195276,0.13254720950295154,0.12909702979706295,0.13008357996070746,0.17627117223945427,0.18004174926015815,0.17421689595315346,2042-05-01 01:00:00
0.11898309163089942,0.13450969992064168,0.13357113566717302,0.12441766783124611,0.1281737625923714,0.18344171721475483,0.18771994300090245,0.18111547091644722,2042-06-01 01:00:00
0.11898309163089942,0.13450969992064168,0.13357113566717302,0.12441766783124611,0.1281737625923714,0.18344171721475483,0.18771994300090245,0.18111547091644722,2042-07-01 01:00:00
0.11898309163089942,0.13450969992064168,0.13357113566717302,0.12441766783124611,0.1281737625923714,0.18344171721475483,0.18771994300090245,0.18111547091644722,2042-08-01 01:00:00
0.11898309163089942,0.13450969992064168,0.13357113566717302,0.12441766783124611,0.1281737625923714,0.18344171721475483,0.18771994300090245,0.18111547091644722,2042-09-01 01:00:00
0.13343325374272727,0.13465933854788728,0.13396328939249358,0.13047624938516872,0.13664725109058182,0.18656763837430831,0.19055846478752095,0.18439336636809028,2042-10-01 01:00:00
0.13343325374272727,0.13465933854788728,0.13396328939249358,0.13047624938516872,0.13664725109058182,0.18656763837430831,0.19055846478752095,0.18439336636809028,2042-11-01 01:00:00
0.13343325374272727,0.13465933854788728,0.13396328939249358,0.13047624938516872,0.13664725109058182,0.18656763837430831,0.19055846478752095,0.18439336636809028,2042-12-01 01:00:00
0.13343325374272727,0.13465933854788728,0.13396328939249358,0.13047624938516872,0.13664725109058182,0.18656763837430831,0.19055846478752095,0.18439336636809028,2043-01-01 01:00:00
0.13343325374272727,0.13465933854788728,0.13396328939249358,0.13047624938516872,0.13664725109058182,0.18656763837430831,0.19055846478752095,0.18439336636809028,2043-02-01 01:00:00
0.13343325374272727,0.13465933854788728,0.13396328939249358,0.13047624938516872,0.13664725109058182,0.18656763837430831,0.19055846478752095,0.18439336636809028,2043-03-01 01:00:00
0.13343325374272727,0.13465933854788728,0.13396328939249358,0.13047624938516872,0.13664725109058182,0.18656763837430831,0.19055846478752095,0.18439336636809028,2043-04-01 01:00:00
0.13343325374272727,0.13465933854788728,0.13396328939249358,0.13047624938516872,0.13664725109058182,0.18656763837430831,0.19055846478752095,0.18439336636809028,2043-05-01 01:00:00
0.12193976835552173,0.13762687728305478,0.13666656239564814,0.12730096872238333,0.1318898513604832,0.1891785603812458,0.19359058076296645,0.1867795644904102,2043-06-01 01:00:00
0.12193976835552173,0.13762687728305478,0.13666656239564814,0.12730096872238333,0.1318898513604832,0.1891785603812458,0.19359058076296645,0.1867795644904102,2043-07-01 01:00:00
0.12193976835552173,0.13762687728305478,0.13666656239564814,0.12730096872238333,0.1318898513604832,0.1891785603812458,0.19359058076296645,0.1867795644904102,2043-08-01 01:00:00
0.12193976835552173,0.13762687728305478,0.13666656239564814,0.12730096872238333,0.1318898513604832,0.1891785603812458,0.19359058076296645,0.1867795644904102,2043-09-01 01:00:00
0.1401103347022139,0.14083919522610272,0.14011120261942145,0.13646413355129133,0.1410590747155959,0.1929576502907944,0.19708516401247733,0.19070890864905712,2043-10-01 01:00:00
0.1401103347022139,0.14083919522610272,0.14011120261942145,0.13646413355129133,0.1410590747155959,0.1929576502907944,0.19708516401247733,0.19070890864905712,2043-11-01 01:00:00
0.1401103347022139,0.14083919522610272,0.14011120261942145,0.13646413355129133,0.1410590747155959,0.1929576502907944,0.19708516401247733,0.19070890864905712,2043-12-01 01:00:00
0.1401103347022139,0.14083919522610272,0.14011120261942145,0.13646413355129133,0.1410590747155959,0.1929576502907944,0.19708516401247733,0.19070890864905712,2044-01-01 01:00:00
0.1401103347022139,0.14083919522610272,0.14011120261942145,0.13646413355129133,0.1410590747155959,0.1929576502907944,0.19708516401247733,0.19070890864905712,2044-02-01 01:00:00
0.1401103347022139,0.14083919522610272,0.14011120261942145,0.13646413355129133,0.1410590747155959,0.1929576502907944,0.19708516401247733,0.19070890864905712,2044-03-01 01:00:00
0.1401103347022139,0.14083919522610272,0.14011120261942145,0.13646413355129133,0.1410590747155959,0.1929576502907944,0.19708516401247733,0.19070890864905712,2044-04-01 01:00:00
0.1401103347022139,0.14083919522610272,0.14011120261942145,0.13646413355129133,0.1410590747155959,0.1929576502907944,0.19708516401247733,0.19070890864905712,2044-05-01 01:00:00
0.13257349332978166,0.14886177772206993,0.1478230694106235,0.1376929338502752,0.13679561477381075,0.19560710705750306,0.20016905393672602,0.1931265899994204,2044-06-01 01:00:00
0.13257349332978166,0.14886177772206993,0.1478230694106235,0.1376929338502752,0.13679561477381075,0.19560710705750306,0.20016905393672602,0.1931265899994204,2044-07-01 01:00:00
0.13257349332978166,0.14886177772206993,0.1478230694106235,0.1376929338502752,0.13679561477381075,0.19560710705750306,0.20016905393672602,0.1931265899994204,2044-08-01 01:00:00
0.13257349332978166,0.14886177772206993,0.1478230694106235,0.1376929338502752,0.13679561477381075,0.19560710705750306,0.20016905393672602,0.1931265899994204,2044-09-01 01:00:00
0.14614195153197912,0.14657338322412586,0.14581575081113085,0.14202019339325647,0.14476111658044827,0.19772040148305872,0.20194979414485836,0.19541615441347684,2044-10-01 01:00:00
0.14614195153197912,0.14657338322412586,0.14581575081113085,0.14202019339325647,0.14476111658044827,0.19772040148305872,0.20194979414485836,0.19541615441347684,2044-11-01 01:00:00
0.14614195153197912,0.14657338322412586,0.14581575081113085,0.14202019339325647,0.14476111658044827,0.19772040148305872,0.20194979414485836,0.19541615441347684,2044-12-01 01:00:00
0.14614195153197912,0.14657338322412586,0.14581575081113085,0.14202019339325647,0.14476111658044827,0.19772040148305872,0.20194979414485836,0.19541615441347684,2045-01-01 01:00:00
0.14614195153197912,0.14657338322412586,0.14581575081113085,0.14202019339325647,0.14476111658044827,0.19772040148305872,0.20194979414485836,0.19541615441347684,2045-02-01 01:00:00
0.14614195153197912,0.14657338322412586,0.14581575081113085,0.14202019339325647,0.14476111658044827,0.19772040148305872,0.20194979414485836,0.19541615441347684,2045-03-01 01:00:00
0.14614195153197912,0.14657338322412586,0.14581575081113085,0.14202019339325647,0.14476111658044827,0.19772040148305872,0.20194979414485836,0.19541615441347684,2045-04-01 01:00:00
0.14614195153197912,0.14657338322412586,0.14581575081113085,0.14202019339325647,0.14476111658044827,0.19772040148305872,0.20194979414485836,0.19541615441347684,2045-05-01 01:00:00
0.13643479093648894,0.153133982843628,0.15206546449608052,0.1416446027487603,0.14012883981851726,0.1996715055125407,0.20432824224948817,0.1971394473328177,2045-06-01 01:00:00
0.13643479093648894,0.153133982843628,0.15206546449608052,0.1416446027487603,0.14012883981851726,0.1996715055125407,0.20432824224948817,0.1971394473328177,2045-07-01 01:00:00
0.13643479093648894,0.153133982843628,0.15206546449608052,0.1416446027487603,0.14012883981851726,0.1996715055125407,0.20432824224948817,0.1971394473328177,2045-08-01 01:00:00
0.13643479093648894,0.153133982843628,0.15206546449608052,0.1416446027487603,0.14012883981851726,0.1996715055125407,0.20432824224948817,0.1971394473328177,2045-09-01 01:00:00
0.15174977968672917,0.15202531343233922,0.15123950019313778,0.14730276356735858,0.14705619233044498,0.20040170207900002,0.20468844983910767,0.19806620694905352,2045-10-01 01:00:00
0.15174977968672917,0.15202531343233922,0.15123950019313778,0.14730276356735858,0.14705619233044498,0.20040170207900002,0.20468844983910767,0.19806620694905352,2045-11-01 01:00:00
0.15174977968672917,0.15202531343233922,0.15123950019313778,0.14730276356735858,0.14705619233044498,0.20040170207900002,0.20468844983910767,0.19806620694905352,2045-12-01 01:00:00
0.15174977968672917,0.15202531343233922,0.15123950019313778,0.14730276356735858,0.14705619233044498,0.20040170207900002,0.20468844983910767,0.19806620694905352,2046-01-01 01:00:00
0.15174977968672917,0.15202531343233922,0.15123950019313778,0.14730276356735858,0.14705619233044498,0.20040170207900002,0.20468844983910767,0.19806620694905352,2046-02-01 01:00:00
0.15174977968672917,0.15202531343233922,0.15123950019313778,0.14730276356735858,0.14705619233044498,0.20040170207900002,0.20468844983910767,0.19806620694905352,2046-03-01 01:00:00
0.15174977968672917,0.15202531343233922,0.15123950019313778,0.14730276356735858,0.14705619233044498,0.20040170207900002,0.20468844983910767,0.19806620694905352,2046-04-01 01:00:00
0.15174977968672917,0.15202531343233922,0.15123950019313778,0.14730276356735858,0.14705619233044498,0.20040170207900002,0.20468844983910767,0.19806620694905352,2046-05-01 01:00:00
0.13984566070990118,0.15696233241471869,0.1558671011084825,0.1451857178174793,0.1436320608139802,0.20466329315035423,0.20943644830572536,0.20206793351613817,2046-06-01 01:00:00
0.13984566070990118,0.15696233241471869,0.1558671011084825,0.1451857178174793,0.1436320608139802,0.20466329315035423,0.20943644830572536,0.20206793351613817,2046-07-01 01:00:00
0.13984566070990118,0.15696233241471869,0.1558671011084825,0.1451857178174793,0.1436320608139802,0.20466329315035423,0.20943644830572536,0.20206793351613817,2046-08-01 01:00:00
0.13984566070990118,0.15696233241471869,0.1558671011084825,0.1451857178174793,0.1436320608139802,0.20466329315035423,0.20943644830572536,0.20206793351613817,2046-09-01 01:00:00
0.15554352417889736,0.15582594626814772,0.1550204876979662,0.1509853326565425,0.1507325971387061,0.205411744630975,0.20980566108508533,0.2030178621227798,2046-10-01 01:00:00
0.15554352417889736,0.15582594626814772,0.1550204876979662,0.1509853326565425,0.1507325971387061,0.205411744630975,0.20980566108508533,0.2030178621227798,2046-11-01 01:00:00
0.15554352417889736,0.15582594626814772,0.1550204876979662,0.1509853326565425,0.1507325971387061,0.205411744630975,0.20980566108508533,0.2030178621227798,2046-12-01 01:00:00
0.15554352417889736,0.15582594626814772,0.1550204876979662,0.1509853326565425,0.1507325971387061,0.205411744630975,0.20980566108508533,0.2030178621227798,2047-01-01 01:00:00
0.15554352417889736,0.15582594626814772,0.1550204876979662,0.1509853326565425,0.1507325971387061,0.205411744630975,0.20980566108508533,0.2030178621227798,2047-02-01 01:00:00
0.15554352417889736,0.15582594626814772,0.1550204876979662,0.1509853326565425,0.1507325971387061,0.205411744630975,0.20980566108508533,0.2030178621227798,2047-03-01 01:00:00
0.15554352417889736,0.15582594626814772,0.1550204876979662,0.1509853326565425,0.1507325971387061,0.205411744630975,0.20980566108508533,0.2030178621227798,2047-04-01 01:00:00
0.15554352417889736,0.15582594626814772,0.1550204876979662,0.1509853326565425,0.1507325971387061,0.205411744630975,0.20980566108508533,0.2030178621227798,2047-05-01 01:00:00
0.14334180222764867,0.16088639072508665,0.1597637786361946,0.14881536076291627,0.14722286233432968,0.20977987547911306,0.21467235951336847,0.20711963185404159,2047-06-01 01:00:00
0.14334180222764867,0.16088639072508665,0.1597637786361946,0.14881536076291627,0.14722286233432968,0.20977987547911306,0.21467235951336847,0.20711963185404159,2047-07-01 01:00:00
0.14334180222764867,0.16088639072508665,0.1597637786361946,0.14881536076291627,0.14722286233432968,0.20977987547911306,0.21467235951336847,0.20711963185404159,2047-08-01 01:00:00
0.14334180222764867,0.16088639072508665,0.1597637786361946,0.14881536076291627,0.14722286233432968,0.20977987547911306,0.21467235951336847,0.20711963185404159,2047-09-01 01:00:00
0.1594321122833698,0.15972159492485138,0.15889599989041533,0.15475996597295605,0.1545009120671737,0.21054703824674934,0.21505080261221243,0.2080933086758493,2047-10-01 01:00:00
0.1594321122833698,0.15972159492485138,0.15889599989041533,0.15475996597295605,0.1545009120671737,0.21054703824674934,0.21505080261221243,0.2080933086758493,2047-11-01 01:00:00
0.1594321122833698,0.15972159492485138,0.15889599989041533,0.15475996597295605,0.1545009120671737,0.21054703824674934,0.21505080261221243,0.2080933086758493,2047-12-01 01:00:00
0.1594321122833698,0.15972159492485138,0.15889599989041533,0.15475996597295605,0.1545009120671737,0.21054703824674934,0.21505080261221243,0.2080933086758493,2048-01-01 01:00:00
0.1594321122833698,0.15972159492485138,0.15889599989041533,0.15475996597295605,0.1545009120671737,0.21054703824674934,0.21505080261221243,0.2080933086758493,2048-02-01 01:00:00
0.1594321122833698,0.15972159492485138,0.15889599989041533,0.15475996597295605,0.1545009120671737,0.21054703824674934,0.21505080261221243,0.2080933086758493,2048-03-01 01:00:00
0.1594321122833698,0.15972159492485138,0.15889599989041533,0.15475996597295605,0.1545009120671737,0.21054703824674934,0.21505080261221243,0.2080933086758493,2048-04-01 01:00:00
0.1594321122833698,0.15972159492485138,0.15889599989041533,0.15475996597295605,0.1545009120671737,0.21054703824674934,0.21505080261221243,0.2080933086758493,2048-05-01 01:00:00
0.1469253472833399,0.1649085504932138,0.1637578731020994,0.15253574478198917,0.15090343389268795,0.2150243723660909,0.22003916850120267,0.21229762265039262,2048-06-01 01:00:00
0.1469253472833399,0.1649085504932138,0.1637578731020994,0.15253574478198917,0.15090343389268795,0.2150243723660909,0.22003916850120267,0.21229762265039262,2048-07-01 01:00:00
0.1469253472833399,0.1649085504932138,0.1637578731020994,0.15253574478198917,0.15090343389268795,0.2150243723660909,0.22003916850120267,0.21229762265039262,2048-08-01 01:00:00
0.1469253472833399,0.1649085504932138,0.1637578731020994,0.15253574478198917,0.15090343389268795,0.2150243723660909,0.22003916850120267,0.21229762265039262,2048-09-01 01:00:00
0.16341791509045403,0.16371463479797263,0.1628683998876757,0.15862896512227995,0.15836343486885307,0.21581071420291803,0.2204270726775177,0.2132956413927455,2048-10-01 01:00:00
0.16341791509045403,0.16371463479797263,0.1628683998876757,0.15862896512227995,0.15836343486885307,0.21581071420291803,0.2204270726775177,0.2132956413927455,2048-11-01 01:00:00
0.16341791509045403,0.16371463479797263,0.1628683998876757,0.15862896512227995,0.15836343486885307,0.21581071420291803,0.2204270726775177,0.2132956413927455,2048-12-01 01:00:00
0.16341791509045403,0.16371463479797263,0.1628683998876757,0.15862896512227995,0.15836343486885307,0.21581071420291803,0.2204270726775177,0.2132956413927455,2049-01-01 01:00:00
0.16341791509045403,0.16371463479797263,0.1628683998876757,0.15862896512227995,0.15836343486885307,0.21581071420291803,0.2204270726775177,0.2132956413927455,2049-02-01 01:00:00
0.16341791509045403,0.16371463479797263,0.1628683998876757,0.15862896512227995,0.15836343486885307,0.21581071420291803,0.2204270726775177,0.2132956413927455,2049-03-01 01:00:00
0.16341791509045403,0.16371463479797263,0.1628683998876757,0.15862896512227995,0.15836343486885307,0.21581071420291803,0.2204270726775177,0.2132956413927455,2049-04-01 01:00:00
0.16341791509045403,0.16371463479797263,0.1628683998876757,0.15862896512227995,0.15836343486885307,0.21581071420291803,0.2204270726775177,0.2132956413927455,2049-05-01 01:00:00
0.15059848096542333,0.16903126425554413,0.1678518199296519,0.15634913840153886,0.1546760197400051,0.22039998167524313,0.2255401477137327,0.2176050632166524,2049-06-01 01:00:00
0.15059848096542333,0.16903126425554413,0.1678518199296519,0.15634913840153886,0.1546760197400051,0.22039998167524313,0.2255401477137327,0.2176050632166524,2049-07-01 01:00:00
0.15059848096542333,0.16903126425554413,0.1678518199296519,0.15634913840153886,0.1546760197400051,0.22039998167524313,0.2255401477137327,0.2176050632166524,2049-08-01 01:00:00
0.15059848096542333,0.16903126425554413,0.1678518199296519,0.15634913840153886,0.1546760197400051,0.22039998167524313,0.2255401477137327,0.2176050632166524,2049-09-01 01:00:00
0.16750336296771537,0.16780750066792194,0.1669401098848676,0.16259468925033693,0.16232252074057435,0.22120598205799102,0.22593774949445566,0.21862803242756412,2049-10-01 01:00:00
0.16750336296771537,0.16780750066792194,0.1669401098848676,0.16259468925033693,0.16232252074057435,0.22120598205799102,0.22593774949445566,0.21862803242756412,2049-11-01 01:00:00
0.16750336296771537,0.16780750066792194,0.1669401098848676,0.16259468925033693,0.16232252074057435,0.22120598205799102,0.22593774949445566,0.21862803242756412,2049-12-01 01:00:00
0.16750336296771537,0.16780750066792194,0.1669401098848676,0.16259468925033693,0.16232252074057435,0.22120598205799102,0.22593774949445566,0.21862803242756412,2050-01-01 01:00:00
0.16750336296771537,0.16780750066792194,0.1669401098848676,0.16259468925033693,0.16232252074057435,0.22120598205799102,0.22593774949445566,0.21862803242756412,2050-02-01 01:00:00
0.16750336296771537,0.16780750066792194,0.1669401098848676,0.16259468925033693,0.16232252074057435,0.22120598205799102,0.22593774949445566,0.21862803242756412,2050-03-01 01:00:00
0.16750336296771537,0.16780750066792194,0.1669401098848676,0.16259468925033693,0.16232252074057435,0.22120598205799102,0.22593774949445566,0.21862803242756412,2050-04-01 01:00:00
0.16750336296771537,0.16780750066792194,0.1669401098848676,0.16259468925033693,0.16232252074057435,0.22120598205799102,0.22593774949445566,0.21862803242756412,2050-05-01 01:00:00
0.15436344298955892,0.17325704586193272,0.17204811542789317,0.16025786686157734,0.15854292023350522,0.22590998121712416,0.23117865140657598,0.2230451897970687,2050-06-01 01:00:00
0.15436344298955892,0.17325704586193272,0.17204811542789317,0.16025786686157734,0.15854292023350522,0.22590998121712416,0.23117865140657598,0.2230451897970687,2050-07-01 01:00:00
0.15436344298955892,0.17325704586193272,0.17204811542789317,0.16025786686157734,0.15854292023350522,0.22590998121712416,0.23117865140657598,0.2230451897970687,2050-08-01 01:00:00
0.15436344298955892,0.17325704586193272,0.17204811542789317,0.16025786686157734,0.15854292023350522,0.22590998121712416,0.23117865140657598,0.2230451897970687,2050-09-01 01:00:00
0.17169094704190824,0.17200268818461995,0.1711136126319893,0.16665955648159536,0.1663805837590887,0.22673613160944078,0.231586193231817,0.22409373323825324,2050-10-01 01:00:00
0.17169094704190824,0.17200268818461995,0.1711136126319893,0.16665955648159536,0.1663805837590887,0.22673613160944078,0.231586193231817,0.22409373323825324,2050-11-01 01:00:00
0.17169094704190824,0.17200268818461995,0.1711136126319893,0.16665955648159536,0.1663805837590887,0.22673613160944078,0.231586193231817,0.22409373323825324,2050-12-01 01:00:00
0.17169094704190824,0.17200268818461995,0.1711136126319893,0.16665955648159536,0.1663805837590887,0.22673613160944078,0.231586193231817,0.22409373323825324,2051-01-01 01:00:00
0.17169094704190824,0.17200268818461995,0.1711136126319893,0.16665955648159536,0.1663805837590887,0.22673613160944078,0.231586193231817,0.22409373323825324,2051-02-01 01:00:00
0.17169094704190824,0.17200268818461995,0.1711136126319893,0.16665955648159536,0.1663805837590887,0.22673613160944078,0.231586193231817,0.22409373323825324,2051-03-01 01:00:00
0.17169094704190824,0.17200268818461995,0.1711136126319893,0.16665955648159536,0.1663805837590887,0.22673613160944078,0.231586193231817,0.22409373323825324,2051-04-01 01:00:00
0.17169094704190824,0.17200268818461995,0.1711136126319893,0.16665955648159536,0.1663805837590887,0.22673613160944078,0.231586193231817,0.22409373323825324,2051-05-01 01:00:00
0.15822252906429787,0.177588472008481,0.1763493183135905,0.16426431353311674,0.16250649323934283,0.23155773074755226,0.23695811769174038,0.22862131954199538,2051-06-01 01:00:00
0.15822252906429787,0.177588472008481,0.1763493183135905,0.16426431353311674,0.16250649323934283,0.23155773074755226,0.23695811769174038,0.22862131954199538,2051-07-01 01:00:00
0.15822252906429787,0.177588472008481,0.1763493183135905,0.16426431353311674,0.16250649323934283,0.23155773074755226,0.23695811769174038,0.22862131954199538,2051-08-01 01:00:00
0.15822252906429787,0.177588472008481,0.1763493183135905,0.16426431353311674,0.16250649323934283,0.23155773074755226,0.23695811769174038,0.22862131954199538,2051-09-01 01:00:00
0.1759832207179559,0.17630275538923545,0.175391452947789,0.17082604539363522,0.1705400983530659,0.23240453489967677,0.23737584806261244,0.2296960765692096,2051-10-01 01:00:00
0.1759832207179559,0.17630275538923545,0.175391452947789,0.17082604539363522,0.1705400983530659,0.23240453489967677,0.23737584806261244,0.2296960765692096,2051-11-01 01:00:00
0.1759832207179559,0.17630275538923545,0.175391452947789,0.17082604539363522,0.1705400983530659,0.23240453489967677,0.23737584806261244,0.2296960765692096,2051-12-01 01:00:00
0.1759832207179559,0.17630275538923545,0.175391452947789,0.17082604539363522,0.1705400983530659,0.23240453489967677,0.23737584806261244,0.2296960765692096,2052-01-01 01:00:00
0.1759832207179559,0.17630275538923545,0.175391452947789,0.17082604539363522,0.1705400983530659,0.23240453489967677,0.23737584806261244,0.2296960765692096,2052-02-01 01:00:00
0.1759832207179559,0.17630275538923545,0.175391452947789,0.17082604539363522,0.1705400983530659,0.23240453489967677,0.23737584806261244,0.2296960765692096,2052-03-01 01:00:00
0.1759832207179559,0.17630275538923545,0.175391452947789,0.17082604539363522,0.1705400983530659,0.23240453489967677,0.23737584806261244,0.2296960765692096,2052-04-01 01:00:00
0.1759832207179559,0.17630275538923545,0.175391452947789,0.17082604539363522,0.1705400983530659,0.23240453489967677,0.23737584806261244,0.2296960765692096,2052-05-01 01:00:00
0.16217809229090535,0.182028183808693,0.18075805127143027,0.1683709213714447,0.1665691555703264,0.23734667401624102,0.24288207063403386,0.23433685253054526,2052-06-01 01:00:00
0.16217809229090535,0.182028183808693,0.18075805127143027,0.1683709213714447,0.1665691555703264,0.23734667401624102,0.24288207063403386,0.23433685253054526,2052-07-01 01:00:00
0.16217809229090535,0.182028183808693,0.18075805127143027,0.1683709213714447,0.1665691555703264,0.23734667401624102,0.24288207063403386,0.23433685253054526,2052-08-01 01:00:00
0.16217809229090535,0.182028183808693,0.18075805127143027,0.1683709213714447,0.1665691555703264,0.23734667401624102,0.24288207063403386,0.23433685253054526,2052-09-01 01:00:00
0.1803828012359048,0.18071032427396633,0.17977623927148373,0.17509669652847604,0.17480360081189256,0.23821464827216865,0.24331024426417772,0.23543847848343974,2052-10-01 01:00:00
0.1803828012359048,0.18071032427396633,0.17977623927148373,0.17509669652847604,0.17480360081189256,0.23821464827216865,0.24331024426417772,0.23543847848343974,2052-11-01 01:00:00
0.1803828012359048,0.18071032427396633,0.17977623927148373,0.17509669652847604,0.17480360081189256,0.23821464827216865,0.24331024426417772,0.23543847848343974,2052-12-01 01:00:00
0.1803828012359048,0.18071032427396633,0.17977623927148373,0.17509669652847604,0.17480360081189256,0.23821464827216865,0.24331024426417772,0.23543847848343974,2053-01-01 01:00:00
0.1803828012359048,0.18071032427396633,0.17977623927148373,0.17509669652847604,0.17480360081189256,0.23821464827216865,0.24331024426417772,0.23543847848343974,2053-02-01 01:00:00
0.1803828012359048,0.18071032427396633,0.17977623927148373,0.17509669652847604,0.17480360081189256,0.23821464827216865,0.24331024426417772,0.23543847848343974,2053-03-01 01:00:00
0.1803828012359048,0.18071032427396633,0.17977623927148373,0.17509669652847604,0.17480360081189256,0.23821464827216865,0.24331024426417772,0.23543847848343974,2053-04-01 01:00:00
0.1803828012359048,0.18071032427396633,0.17977623927148373,0.17509669652847604,0.17480360081189256,0.23821464827216865,0.24331024426417772,0.23543847848343974,2053-05-01 01:00:00
0.16623254459817793,0.18657888840391035,0.185277002553216,0.17258019440573077,0.17073338445958455,0.24328034086664704,0.24895412239988468,0.24019527384380887,2053-06-01 01:00:00
0.16623254459817793,0.18657888840391035,0.185277002553216,0.17258019440573077,0.17073338445958455,0.24328034086664704,0.24895412239988468,0.24019527384380887,2053-07-01 01:00:00
0.16623254459817793,0.18657888840391035,0.185277002553216,0.17258019440573077,0.17073338445958455,0.24328034086664704,0.24895412239988468,0.24019527384380887,2053-08-01 01:00:00
0.16623254459817793,0.18657888840391035,0.185277002553216,0.17258019440573077,0.17073338445958455,0.24328034086664704,0.24895412239988468,0.24019527384380887,2053-09-01 01:00:00
0.1848923712668024,0.18522808238081548,0.18427064525327075,0.17947411394168797,0.17917369083218987,0.24417001447897288,0.24939300037078216,0.24132444044552573,2053-10-01 01:00:00
0.1848923712668024,0.18522808238081548,0.18427064525327075,0.17947411394168797,0.17917369083218987,0.24417001447897288,0.24939300037078216,0.24132444044552573,2053-11-01 01:00:00
0.1848923712668024,0.18522808238081548,0.18427064525327075,0.17947411394168797,0.17917369083218987,0.24417001447897288,0.24939300037078216,0.24132444044552573,2053-12-01 01:00:00
0.1848923712668024,0.18522808238081548,0.18427064525327075,0.17947411394168797,0.17917369083218987,0.24417001447897288,0.24939300037078216,0.24132444044552573,2054-01-01 01:00:00
0.1848923712668024,0.18522808238081548,0.18427064525327075,0.17947411394168797,0.17917369083218987,0.24417001447897288,0.24939300037078216,0.24132444044552573,2054-02-01 01:00:00
0.1848923712668024,0.18522808238081548,0.18427064525327075,0.17947411394168797,0.17917369083218987,0.24417001447897288,0.24939300037078216,0.24132444044552573,2054-03-01 01:00:00
0.1848923712668024,0.18522808238081548,0.18427064525327075,0.17947411394168797,0.17917369083218987,0.24417001447897288,0.24939300037078216,0.24132444044552573,2054-04-01 01:00:00
0.1848923712668024,0.18522808238081548,0.18427064525327075,0.17947411394168797,0.17917369083218987,0.24417001447897288,0.24939300037078216,0.24132444044552573,2054-05-01 01:00:00
0.17038835821313236,0.1912433606140081,0.18990892761704636,0.176894699265874,0.17500171907107412,0.2493623493883132,0.25517797545988175,0.24620015568990408,2054-06-01 01:00:00
0.17038835821313236,0.1912433606140081,0.18990892761704636,0.176894699265874,0.17500171907107412,0.2493623493883132,0.25517797545988175,0.24620015568990408,2054-07-01 01:00:00
0.17038835821313236,0.1912433606140081,0.18990892761704636,0.176894699265874,0.17500171907107412,0.2493623493883132,0.25517797545988175,0.24620015568990408,2054-08-01 01:00:00
0.17038835821313236,0.1912433606140081,0.18990892761704636,0.176894699265874,0.17500171907107412,0.2493623493883132,0.25517797545988175,0.24620015568990408,2054-09-01 01:00:00
0.18951468054847245,0.18985878444033583,0.1888774113846025,0.1839609667902301,0.18365303310299458,0.25027426484094717,0.2556278253800517,0.24735755145666388,2054-10-01 01:00:00
0.18951468054847245,0.18985878444033583,0.1888774113846025,0.1839609667902301,0.18365303310299458,0.25027426484094717,0.2556278253800517,0.24735755145666388,2054-11-01 01:00:00
0.18951468054847245,0.18985878444033583,0.1888774113846025,0.1839609667902301,0.18365303310299458,0.25027426484094717,0.2556278253800517,0.24735755145666388,2054-12-01 01:00:00
0.18951468054847245,0.18985878444033583,0.1888774113846025,0.1839609667902301,0.18365303310299458,0.25027426484094717,0.2556278253800517,0.24735755145666388,2055-01-01 01:00:00
0.18951468054847245,0.18985878444033583,0.1888774113846025,0.1839609667902301,0.18365303310299458,0.25027426484094717,0.2556278253800517,0.24735755145666388,2055-02-01 01:00:00
0.18951468054847245,0.18985878444033583,0.1888774113846025,0.1839609667902301,0.18365303310299458,0.25027426484094717,0.2556278253800517,0.24735755145666388,2055-03-01 01:00:00
0.18951468054847245,0.18985878444033583,0.1888774113846025,0.1839609667902301,0.18365303310299458,0.25027426484094717,0.2556278253800517,0.24735755145666388,2055-04-01 01:00:00
0.18951468054847245,0.18985878444033583,0.1888774113846025,0.1839609667902301,0.18365303310299458,0.25027426484094717,0.2556278253800517,0.24735755145666388,2055-05-01 01:00:00
0.1746480671684607,0.19602444462935825,0.19465665080747252,0.18131706674752085,0.17937676204785097,0.255596408123021,0.2615574248463788,0.25235515958215166,2055-06-01 01:00:00
0.1746480671684607,0.19602444462935825,0.19465665080747252,0.18131706674752085,0.17937676204785097,0.255596408123021,0.2615574248463788,0.25235515958215166,2055-07-01 01:00:00
0.1746480671684607,0.19602444462935825,0.19465665080747252,0.18131706674752085,0.17937676204785097,0.255596408123021,0.2615574248463788,0.25235515958215166,2055-08-01 01:00:00
0.1746480671684607,0.19602444462935825,0.19465665080747252,0.18131706674752085,0.17937676204785097,0.255596408123021,0.2615574248463788,0.25235515958215166,2055-09-01 01:00:00
0.19018497589236638,0.19077867694864645,0.18979254900245868,0.18485228354268246,0.18725411368671807,0.25516617428533755,0.26062437655969606,0.2521924502541137,2055-10-01 01:00:00
0.19018497589236638,0.19077867694864645,0.18979254900245868,0.18485228354268246,0.18725411368671807,0.25516617428533755,0.26062437655969606,0.2521924502541137,2055-11-01 01:00:00
0.19018497589236638,0.19077867694864645,0.18979254900245868,0.18485228354268246,0.18725411368671807,0.25516617428533755,0.26062437655969606,0.2521924502541137,2055-12-01 01:00:00
