ComEd Basic Electric Service Residential PJM Services Charge (PSC),ComEd Basic Electric Service Demand Non-Electric Space Heating PJM Services Charge (PSC),ComEd Basic Electric Service Watt-Hour Non-Electric Space Heating PJM Services Charge (PSC),ComEd Basic Electric Service Non-Residential Electric Space Heating PJM Services Charge (PSC),Ameren Illinois Residential Residential Rider TS - DS1,Ameren Illinois Small Commercial Small Commercial Rider TS - DS2,DATE
0.01332,0.01328,0.01328,0.01328,0.01562,0.0157,2023-01-01 01:00:00
0.01332,0.01328,0.01328,0.01328,0.01562,0.0157,2023-02-01 01:00:00
0.01332,0.01328,0.01328,0.01328,0.01562,0.0157,2023-03-01 01:00:00
0.01332,0.01328,0.01328,0.01328,0.01562,0.0157,2023-04-01 01:00:00
0.01332,0.01328,0.01328,0.01328,0.01562,0.0157,2023-05-01 01:00:00
0.0146,0.01458,0.01458,0.01458,0.02022,0.02032,2023-06-01 01:00:00
0.0146,0.01458,0.01458,0.01458,0.02022,0.02032,2023-07-01 01:00:00
0.0146,0.01458,0.01458,0.01458,0.02022,0.02032,2023-08-01 01:00:00
0.01458,0.01455,0.01455,0.01455,0.02022,0.02032,2023-09-01 01:00:00
0.01458,0.01455,0.01455,0.01455,0.02022,0.02032,2023-10-01 01:00:00
0.01458,0.01455,0.01455,0.01455,0.02022,0.02032,2023-11-01 01:00:00
0.01458,0.01455,0.01455,0.01455,0.02022,0.02032,2023-12-01 01:00:00
0.01458,0.01455,0.01455,0.01455,0.015983955327506252,0.01606581937527837,2024-01-01 01:00:00
0.01458,0.01455,0.01455,0.01455,0.015983955327506252,0.01606581937527837,2024-02-01 01:00:00
0.01458,0.01455,0.01455,0.01455,0.015983955327506252,0.01606581937527837,2024-03-01 01:00:00
0.01458,0.01455,0.01455,0.01455,0.015983955327506252,0.01606581937527837,2024-04-01 01:00:00
0.01458,0.01455,0.01455,0.01455,0.015983955327506252,0.01606581937527837,2024-05-01 01:00:00
0.015036333197159087,0.015015735480450649,0.015015735480450649,0.015015735480450649,0.020691138074403096,0.02079346813411825,2024-06-01 01:00:00
0.015036333197159087,0.015015735480450649,0.015015735480450649,0.015015735480450649,0.020691138074403096,0.02079346813411825,2024-07-01 01:00:00
0.015036333197159087,0.015015735480450649,0.015015735480450649,0.015015735480450649,0.020691138074403096,0.02079346813411825,2024-08-01 01:00:00
0.015015735480450649,0.014984838905387994,0.014984838905387994,0.014984838905387994,0.020691138074403096,0.02079346813411825,2024-09-01 01:00:00
0.015015735480450649,0.014984838905387994,0.014984838905387994,0.014984838905387994,0.020691138074403096,0.02079346813411825,2024-10-01 01:00:00
0.015015735480450649,0.014984838905387994,0.014984838905387994,0.014984838905387994,0.020691138074403096,0.02079346813411825,2024-11-01 01:00:00
0.015015735480450649,0.014984838905387994,0.014984838905387994,0.014984838905387994,0.020691138074403096,0.02079346813411825,2024-12-01 01:00:00
0.015297812476771302,0.015266335496366424,0.015266335496366424,0.015266335496366424,0.016803016149088353,0.01688907513064578,2025-01-01 01:00:00
0.015297812476771302,0.015266335496366424,0.015266335496366424,0.015266335496366424,0.016803016149088353,0.01688907513064578,2025-02-01 01:00:00
0.015297812476771302,0.015266335496366424,0.015266335496366424,0.015266335496366424,0.016803016149088353,0.01688907513064578,2025-03-01 01:00:00
0.015297812476771302,0.015266335496366424,0.015266335496366424,0.015266335496366424,0.016803016149088353,0.01688907513064578,2025-04-01 01:00:00
0.015297812476771302,0.015266335496366424,0.015266335496366424,0.015266335496366424,0.016803016149088353,0.01688907513064578,2025-05-01 01:00:00
0.01577661218027372,0.015755000382766494,0.015755000382766494,0.015755000382766494,0.021751407588640616,0.02185898131558741,2025-06-01 01:00:00
0.01577661218027372,0.015755000382766494,0.015755000382766494,0.015755000382766494,0.021751407588640616,0.02185898131558741,2025-07-01 01:00:00
0.01577661218027372,0.015755000382766494,0.015755000382766494,0.015755000382766494,0.021751407588640616,0.02185898131558741,2025-08-01 01:00:00
0.015755000382766494,0.015722582686505657,0.015722582686505657,0.015722582686505657,0.021751407588640616,0.02185898131558741,2025-09-01 01:00:00
0.015755000382766494,0.015722582686505657,0.015722582686505657,0.015722582686505657,0.021751407588640616,0.02185898131558741,2025-10-01 01:00:00
0.015755000382766494,0.015722582686505657,0.015722582686505657,0.015722582686505657,0.021751407588640616,0.02185898131558741,2025-11-01 01:00:00
0.015755000382766494,0.015722582686505657,0.015722582686505657,0.015722582686505657,0.021751407588640616,0.02185898131558741,2025-12-01 01:00:00
0.015778464248821285,0.015745998273000668,0.015745998273000668,0.015745998273000668,0.017710661522121612,0.017801369135551165,2026-01-01 01:00:00
0.015778464248821285,0.015745998273000668,0.015745998273000668,0.015745998273000668,0.017710661522121612,0.017801369135551165,2026-02-01 01:00:00
0.015778464248821285,0.015745998273000668,0.015745998273000668,0.015745998273000668,0.017710661522121612,0.017801369135551165,2026-03-01 01:00:00
0.015778464248821285,0.015745998273000668,0.015745998273000668,0.015745998273000668,0.017710661522121612,0.017801369135551165,2026-04-01 01:00:00
0.015778464248821285,0.015745998273000668,0.015745998273000668,0.015745998273000668,0.017710661522121612,0.017801369135551165,2026-05-01 01:00:00
0.016272307666991722,0.016250016834571186,0.016250016834571186,0.016250016834571186,0.022926349294321312,0.023039733811108267,2026-06-01 01:00:00
0.016272307666991722,0.016250016834571186,0.016250016834571186,0.016250016834571186,0.022926349294321312,0.023039733811108267,2026-07-01 01:00:00
0.016272307666991722,0.016250016834571186,0.016250016834571186,0.016250016834571186,0.022926349294321312,0.023039733811108267,2026-08-01 01:00:00
0.016250016834571186,0.01621658058594038,0.01621658058594038,0.01621658058594038,0.022926349294321312,0.023039733811108267,2026-09-01 01:00:00
0.016250016834571186,0.01621658058594038,0.01621658058594038,0.01621658058594038,0.022926349294321312,0.023039733811108267,2026-10-01 01:00:00
0.016250016834571186,0.01621658058594038,0.01621658058594038,0.01621658058594038,0.022926349294321312,0.023039733811108267,2026-11-01 01:00:00
0.016250016834571186,0.01621658058594038,0.01621658058594038,0.01621658058594038,0.022926349294321312,0.023039733811108267,2026-12-01 01:00:00
0.016250678913588206,0.016217241302654898,0.016217241302654898,0.016217241302654898,0.018879779277654284,0.018976474690087845,2027-01-01 01:00:00
0.016250678913588206,0.016217241302654898,0.016217241302654898,0.016217241302654898,0.018879779277654284,0.018976474690087845,2027-02-01 01:00:00
0.016250678913588206,0.016217241302654898,0.016217241302654898,0.016217241302654898,0.018879779277654284,0.018976474690087845,2027-03-01 01:00:00
0.016250678913588206,0.016217241302654898,0.016217241302654898,0.016217241302654898,0.018879779277654284,0.018976474690087845,2027-04-01 01:00:00
0.016250678913588206,0.016217241302654898,0.016217241302654898,0.016217241302654898,0.018879779277654284,0.018976474690087845,2027-05-01 01:00:00
0.016759301977006823,0.016736344029093117,0.016736344029093117,0.016736344029093117,0.024439765492584475,0.02456063475812644,2027-06-01 01:00:00
0.016759301977006823,0.016736344029093117,0.016736344029093117,0.016736344029093117,0.024439765492584475,0.02456063475812644,2027-07-01 01:00:00
0.016759301977006823,0.016736344029093117,0.016736344029093117,0.016736344029093117,0.024439765492584475,0.02456063475812644,2027-08-01 01:00:00
0.016736344029093117,0.016701907107222556,0.016701907107222556,0.016701907107222556,0.024439765492584475,0.02456063475812644,2027-09-01 01:00:00
0.016736344029093117,0.016701907107222556,0.016701907107222556,0.016701907107222556,0.024439765492584475,0.02456063475812644,2027-10-01 01:00:00
0.016736344029093117,0.016701907107222556,0.016701907107222556,0.016701907107222556,0.024439765492584475,0.02456063475812644,2027-11-01 01:00:00
0.016736344029093117,0.016701907107222556,0.016701907107222556,0.016701907107222556,0.024439765492584475,0.02456063475812644,2027-12-01 01:00:00
0.016723977336433504,0.01668956586043261,0.01668956586043261,0.01668956586043261,0.019940338459740144,0.020042465673362365,2028-01-01 01:00:00
0.016723977336433504,0.01668956586043261,0.01668956586043261,0.01668956586043261,0.019940338459740144,0.020042465673362365,2028-02-01 01:00:00
0.016723977336433504,0.01668956586043261,0.01668956586043261,0.01668956586043261,0.019940338459740144,0.020042465673362365,2028-03-01 01:00:00
0.016723977336433504,0.01668956586043261,0.01668956586043261,0.01668956586043261,0.019940338459740144,0.020042465673362365,2028-04-01 01:00:00
0.016723977336433504,0.01668956586043261,0.01668956586043261,0.01668956586043261,0.019940338459740144,0.020042465673362365,2028-05-01 01:00:00
0.01724741396518184,0.017223787370708992,0.017223787370708992,0.017223787370708992,0.025812653243018284,0.025940312260046075,2028-06-01 01:00:00
0.01724741396518184,0.017223787370708992,0.017223787370708992,0.017223787370708992,0.025812653243018284,0.025940312260046075,2028-07-01 01:00:00
0.01724741396518184,0.017223787370708992,0.017223787370708992,0.017223787370708992,0.025812653243018284,0.025940312260046075,2028-08-01 01:00:00
0.017223787370708992,0.017188347478999715,0.017188347478999715,0.017188347478999715,0.025812653243018284,0.025940312260046075,2028-09-01 01:00:00
0.017223787370708992,0.017188347478999715,0.017188347478999715,0.017188347478999715,0.025812653243018284,0.025940312260046075,2028-10-01 01:00:00
0.017223787370708992,0.017188347478999715,0.017188347478999715,0.017188347478999715,0.025812653243018284,0.025940312260046075,2028-11-01 01:00:00
0.017223787370708992,0.017188347478999715,0.017188347478999715,0.017188347478999715,0.025812653243018284,0.025940312260046075,2028-12-01 01:00:00
0.017161248399607917,0.017125937188909136,0.017125937188909136,0.017125937188909136,0.020742085314265333,0.02084831878578525,2029-01-01 01:00:00
0.017161248399607917,0.017125937188909136,0.017125937188909136,0.017125937188909136,0.020742085314265333,0.02084831878578525,2029-02-01 01:00:00
0.017161248399607917,0.017125937188909136,0.017125937188909136,0.017125937188909136,0.020742085314265333,0.02084831878578525,2029-03-01 01:00:00
0.017161248399607917,0.017125937188909136,0.017125937188909136,0.017125937188909136,0.020742085314265333,0.02084831878578525,2029-04-01 01:00:00
0.017161248399607917,0.017125937188909136,0.017125937188909136,0.017125937188909136,0.020742085314265333,0.02084831878578525,2029-05-01 01:00:00
0.017698370988732354,0.017674126644912178,0.017674126644912178,0.017674126644912178,0.026850509926661006,0.026983301766060917,2029-06-01 01:00:00
0.017698370988732354,0.017674126644912178,0.017674126644912178,0.017674126644912178,0.026850509926661006,0.026983301766060917,2029-07-01 01:00:00
0.017698370988732354,0.017674126644912178,0.017674126644912178,0.017674126644912178,0.026850509926661006,0.026983301766060917,2029-08-01 01:00:00
0.017674126644912178,0.017637760129181904,0.017637760129181904,0.017637760129181904,0.026850509926661006,0.026983301766060917,2029-09-01 01:00:00
0.017674126644912178,0.017637760129181904,0.017637760129181904,0.017637760129181904,0.026850509926661006,0.026983301766060917,2029-10-01 01:00:00
0.017674126644912178,0.017637760129181904,0.017637760129181904,0.017637760129181904,0.026850509926661006,0.026983301766060917,2029-11-01 01:00:00
0.017674126644912178,0.017637760129181904,0.017637760129181904,0.017637760129181904,0.026850509926661006,0.026983301766060917,2029-12-01 01:00:00
0.017607452870493808,0.017571223543599787,0.017571223543599787,0.017571223543599787,0.02176452228888589,0.021875992313412824,2030-01-01 01:00:00
0.017607452870493808,0.017571223543599787,0.017571223543599787,0.017571223543599787,0.02176452228888589,0.021875992313412824,2030-02-01 01:00:00
0.017607452870493808,0.017571223543599787,0.017571223543599787,0.017571223543599787,0.02176452228888589,0.021875992313412824,2030-03-01 01:00:00
0.017607452870493808,0.017571223543599787,0.017571223543599787,0.017571223543599787,0.02176452228888589,0.021875992313412824,2030-04-01 01:00:00
0.017607452870493808,0.017571223543599787,0.017571223543599787,0.017571223543599787,0.02176452228888589,0.021875992313412824,2030-05-01 01:00:00
0.01815854102290947,0.01813366630917946,0.01813366630917946,0.01813366630917946,0.028174048699185182,0.028313386229843866,2030-06-01 01:00:00
0.01815854102290947,0.01813366630917946,0.01813366630917946,0.01813366630917946,0.028174048699185182,0.028313386229843866,2030-07-01 01:00:00
0.01815854102290947,0.01813366630917946,0.01813366630917946,0.01813366630917946,0.028174048699185182,0.028313386229843866,2030-08-01 01:00:00
0.01813366630917946,0.01809635423858444,0.01809635423858444,0.01809635423858444,0.028174048699185182,0.028313386229843866,2030-09-01 01:00:00
0.01813366630917946,0.01809635423858444,0.01809635423858444,0.01809635423858444,0.028174048699185182,0.028313386229843866,2030-10-01 01:00:00
0.01813366630917946,0.01809635423858444,0.01809635423858444,0.01809635423858444,0.028174048699185182,0.028313386229843866,2030-11-01 01:00:00
0.01813366630917946,0.01809635423858444,0.01809635423858444,0.01809635423858444,0.028174048699185182,0.028313386229843866,2030-12-01 01:00:00
0.018080366407292575,0.01804316400727757,0.01804316400727757,0.01804316400727757,0.022790374837007674,0.02290709890787582,2031-01-01 01:00:00
0.018080366407292575,0.01804316400727757,0.01804316400727757,0.01804316400727757,0.022790374837007674,0.02290709890787582,2031-02-01 01:00:00
0.018080366407292575,0.01804316400727757,0.01804316400727757,0.01804316400727757,0.022790374837007674,0.02290709890787582,2031-03-01 01:00:00
0.018080366407292575,0.01804316400727757,0.01804316400727757,0.01804316400727757,0.022790374837007674,0.02290709890787582,2031-04-01 01:00:00
0.018080366407292575,0.01804316400727757,0.01804316400727757,0.01804316400727757,0.022790374837007674,0.02290709890787582,2031-05-01 01:00:00
0.01864625607865386,0.018620713262107763,0.018620713262107763,0.018620713262107763,0.029502008911926697,0.029647914000511897,2031-06-01 01:00:00
0.01864625607865386,0.018620713262107763,0.018620713262107763,0.018620713262107763,0.029502008911926697,0.029647914000511897,2031-07-01 01:00:00
0.01864625607865386,0.018620713262107763,0.018620713262107763,0.018620713262107763,0.029502008911926697,0.029647914000511897,2031-08-01 01:00:00
0.018620713262107763,0.01858239903728861,0.01858239903728861,0.01858239903728861,0.029502008911926697,0.029647914000511897,2031-09-01 01:00:00
0.018620713262107763,0.01858239903728861,0.01858239903728861,0.01858239903728861,0.029502008911926697,0.029647914000511897,2031-10-01 01:00:00
0.018620713262107763,0.01858239903728861,0.01858239903728861,0.01858239903728861,0.029502008911926697,0.029647914000511897,2031-11-01 01:00:00
0.018620713262107763,0.01858239903728861,0.01858239903728861,0.01858239903728861,0.029502008911926697,0.029647914000511897,2031-12-01 01:00:00
0.018577153007556142,0.01853892841289039,0.01853892841289039,0.01853892841289039,0.023527021175398895,0.023647518082827303,2032-01-01 01:00:00
0.018577153007556142,0.01853892841289039,0.01853892841289039,0.01853892841289039,0.023527021175398895,0.023647518082827303,2032-02-01 01:00:00
0.018577153007556142,0.01853892841289039,0.01853892841289039,0.01853892841289039,0.023527021175398895,0.023647518082827303,2032-03-01 01:00:00
0.018577153007556142,0.01853892841289039,0.01853892841289039,0.01853892841289039,0.023527021175398895,0.023647518082827303,2032-04-01 01:00:00
0.018577153007556142,0.01853892841289039,0.01853892841289039,0.01853892841289039,0.023527021175398895,0.023647518082827303,2032-05-01 01:00:00
0.019158591390687256,0.019132346744946592,0.019132346744946592,0.019132346744946592,0.030455593352533002,0.03060621448681853,2032-06-01 01:00:00
0.019158591390687256,0.019132346744946592,0.019132346744946592,0.019132346744946592,0.030455593352533002,0.03060621448681853,2032-07-01 01:00:00
0.019158591390687256,0.019132346744946592,0.019132346744946592,0.019132346744946592,0.030455593352533002,0.03060621448681853,2032-08-01 01:00:00
0.019132346744946592,0.019092979776335586,0.019092979776335586,0.019092979776335586,0.030455593352533002,0.03060621448681853,2032-09-01 01:00:00
0.019132346744946592,0.019092979776335586,0.019092979776335586,0.019092979776335586,0.030455593352533002,0.03060621448681853,2032-10-01 01:00:00
0.019132346744946592,0.019092979776335586,0.019092979776335586,0.019092979776335586,0.030455593352533002,0.03060621448681853,2032-11-01 01:00:00
0.019132346744946592,0.019092979776335586,0.019092979776335586,0.019092979776335586,0.030455593352533002,0.03060621448681853,2032-12-01 01:00:00
0.01910478113444266,0.01906547088519484,0.01906547088519484,0.01906547088519484,0.024511052623093225,0.02463658938428703,2033-01-01 01:00:00
0.01910478113444266,0.01906547088519484,0.01906547088519484,0.01906547088519484,0.024511052623093225,0.02463658938428703,2033-02-01 01:00:00
0.01910478113444266,0.01906547088519484,0.01906547088519484,0.01906547088519484,0.024511052623093225,0.02463658938428703,2033-03-01 01:00:00
0.01910478113444266,0.01906547088519484,0.01906547088519484,0.01906547088519484,0.024511052623093225,0.02463658938428703,2033-04-01 01:00:00
0.01910478113444266,0.01906547088519484,0.01906547088519484,0.01906547088519484,0.024511052623093225,0.02463658938428703,2033-05-01 01:00:00
0.019702733525122,0.01967574347919718,0.01967574347919718,0.01967574347919718,0.031729416391737826,0.0318863373432301,2033-06-01 01:00:00
0.019702733525122,0.01967574347919718,0.01967574347919718,0.01967574347919718,0.031729416391737826,0.0318863373432301,2033-07-01 01:00:00
0.019702733525122,0.01967574347919718,0.01967574347919718,0.01967574347919718,0.031729416391737826,0.0318863373432301,2033-08-01 01:00:00
0.01967574347919718,0.019635258410309938,0.019635258410309938,0.019635258410309938,0.031729416391737826,0.0318863373432301,2033-09-01 01:00:00
0.01967574347919718,0.019635258410309938,0.019635258410309938,0.019635258410309938,0.031729416391737826,0.0318863373432301,2033-10-01 01:00:00
0.01967574347919718,0.019635258410309938,0.019635258410309938,0.019635258410309938,0.031729416391737826,0.0318863373432301,2033-11-01 01:00:00
0.01967574347919718,0.019635258410309938,0.019635258410309938,0.019635258410309938,0.031729416391737826,0.0318863373432301,2033-12-01 01:00:00
0.019685250064085152,0.019644745434323662,0.019644745434323662,0.019644745434323662,0.02551557751179491,0.025646259086759274,2034-01-01 01:00:00
0.019685250064085152,0.019644745434323662,0.019644745434323662,0.019644745434323662,0.02551557751179491,0.025646259086759274,2034-02-01 01:00:00
0.019685250064085152,0.019644745434323662,0.019644745434323662,0.019644745434323662,0.02551557751179491,0.025646259086759274,2034-03-01 01:00:00
0.019685250064085152,0.019644745434323662,0.019644745434323662,0.019644745434323662,0.02551557751179491,0.025646259086759274,2034-04-01 01:00:00
0.019685250064085152,0.019644745434323662,0.019644745434323662,0.019644745434323662,0.02551557751179491,0.025646259086759274,2034-05-01 01:00:00
0.020301370304045375,0.02027356020773847,0.02027356020773847,0.02027356020773847,0.03302976807224667,0.03319312004095214,2034-06-01 01:00:00
0.020301370304045375,0.02027356020773847,0.02027356020773847,0.02027356020773847,0.03302976807224667,0.03319312004095214,2034-07-01 01:00:00
0.020301370304045375,0.02027356020773847,0.02027356020773847,0.02027356020773847,0.03302976807224667,0.03319312004095214,2034-08-01 01:00:00
0.02027356020773847,0.020231845063278096,0.020231845063278096,0.020231845063278096,0.03302976807224667,0.03319312004095214,2034-09-01 01:00:00
0.02027356020773847,0.020231845063278096,0.020231845063278096,0.020231845063278096,0.03302976807224667,0.03319312004095214,2034-10-01 01:00:00
0.02027356020773847,0.020231845063278096,0.020231845063278096,0.020231845063278096,0.03302976807224667,0.03319312004095214,2034-11-01 01:00:00
0.02027356020773847,0.020231845063278096,0.020231845063278096,0.020231845063278096,0.03302976807224667,0.03319312004095214,2034-12-01 01:00:00
0.020271512541585882,0.020229801610430358,0.020229801610430358,0.020229801610430358,0.026285104647624197,0.026419727462720848,2035-01-01 01:00:00
0.020271512541585882,0.020229801610430358,0.020229801610430358,0.020229801610430358,0.026285104647624197,0.026419727462720848,2035-02-01 01:00:00
0.020271512541585882,0.020229801610430358,0.020229801610430358,0.020229801610430358,0.026285104647624197,0.026419727462720848,2035-03-01 01:00:00
0.020271512541585882,0.020229801610430358,0.020229801610430358,0.020229801610430358,0.026285104647624197,0.026419727462720848,2035-04-01 01:00:00
0.020271512541585882,0.020229801610430358,0.020229801610430358,0.020229801610430358,0.026285104647624197,0.026419727462720848,2035-05-01 01:00:00
0.020905981960608677,0.020877343629155793,0.020877343629155793,0.020877343629155793,0.03402591651568253,0.03419419503455336,2035-06-01 01:00:00
0.020905981960608677,0.020877343629155793,0.020877343629155793,0.020877343629155793,0.03402591651568253,0.03419419503455336,2035-07-01 01:00:00
0.020905981960608677,0.020877343629155793,0.020877343629155793,0.020877343629155793,0.03402591651568253,0.03419419503455336,2035-08-01 01:00:00
0.020877343629155793,0.020834386131976454,0.020834386131976454,0.020834386131976454,0.03402591651568253,0.03419419503455336,2035-09-01 01:00:00
0.020877343629155793,0.020834386131976454,0.020834386131976454,0.020834386131976454,0.03402591651568253,0.03419419503455336,2035-10-01 01:00:00
0.020877343629155793,0.020834386131976454,0.020834386131976454,0.020834386131976454,0.03402591651568253,0.03419419503455336,2035-11-01 01:00:00
0.020877343629155793,0.020834386131976454,0.020834386131976454,0.020834386131976454,0.03402591651568253,0.03419419503455336,2035-12-01 01:00:00
0.02084364564974703,0.02080075748997389,0.02080075748997389,0.02080075748997389,0.02690842320164293,0.027046238429308176,2036-01-01 01:00:00
0.02084364564974703,0.02080075748997389,0.02080075748997389,0.02080075748997389,0.02690842320164293,0.027046238429308176,2036-02-01 01:00:00
0.02084364564974703,0.02080075748997389,0.02080075748997389,0.02080075748997389,0.02690842320164293,0.027046238429308176,2036-03-01 01:00:00
0.02084364564974703,0.02080075748997389,0.02080075748997389,0.02080075748997389,0.02690842320164293,0.027046238429308176,2036-04-01 01:00:00
0.02084364564974703,0.02080075748997389,0.02080075748997389,0.02080075748997389,0.02690842320164293,0.027046238429308176,2036-05-01 01:00:00
0.02149602201873195,0.02146657541322684,0.02146657541322684,0.02146657541322684,0.03483279879239563,0.03500506782697721,2036-06-01 01:00:00
0.02149602201873195,0.02146657541322684,0.02146657541322684,0.02146657541322684,0.03483279879239563,0.03500506782697721,2036-07-01 01:00:00
0.02149602201873195,0.02146657541322684,0.02146657541322684,0.02146657541322684,0.03483279879239563,0.03500506782697721,2036-08-01 01:00:00
0.02146657541322684,0.021422405504969166,0.021422405504969166,0.021422405504969166,0.03483279879239563,0.03500506782697721,2036-09-01 01:00:00
0.02146657541322684,0.021422405504969166,0.021422405504969166,0.021422405504969166,0.03483279879239563,0.03500506782697721,2036-10-01 01:00:00
0.02146657541322684,0.021422405504969166,0.021422405504969166,0.021422405504969166,0.03483279879239563,0.03500506782697721,2036-11-01 01:00:00
0.02146657541322684,0.021422405504969166,0.021422405504969166,0.021422405504969166,0.03483279879239563,0.03500506782697721,2036-12-01 01:00:00
0.021492766095793585,0.02144854229724257,0.02144854229724257,0.02144854229724257,0.027551825957447672,0.02769293646171115,2037-01-01 01:00:00
0.021492766095793585,0.02144854229724257,0.02144854229724257,0.02144854229724257,0.027551825957447672,0.02769293646171115,2037-02-01 01:00:00
0.021492766095793585,0.02144854229724257,0.02144854229724257,0.02144854229724257,0.027551825957447672,0.02769293646171115,2037-03-01 01:00:00
0.021492766095793585,0.02144854229724257,0.02144854229724257,0.02144854229724257,0.027551825957447672,0.02769293646171115,2037-04-01 01:00:00
0.021492766095793585,0.02144854229724257,0.02144854229724257,0.02144854229724257,0.027551825957447672,0.02769293646171115,2037-05-01 01:00:00
0.022165459008570393,0.0221350953660929,0.0221350953660929,0.0221350953660929,0.0356656799525987,0.035842068082928065,2037-06-01 01:00:00
0.022165459008570393,0.0221350953660929,0.0221350953660929,0.0221350953660929,0.0356656799525987,0.035842068082928065,2037-07-01 01:00:00
0.022165459008570393,0.0221350953660929,0.0221350953660929,0.0221350953660929,0.0356656799525987,0.035842068082928065,2037-08-01 01:00:00
0.0221350953660929,0.022089549902376653,0.022089549902376653,0.022089549902376653,0.0356656799525987,0.035842068082928065,2037-09-01 01:00:00
0.0221350953660929,0.022089549902376653,0.022089549902376653,0.022089549902376653,0.0356656799525987,0.035842068082928065,2037-10-01 01:00:00
0.0221350953660929,0.022089549902376653,0.022089549902376653,0.022089549902376653,0.0356656799525987,0.035842068082928065,2037-11-01 01:00:00
0.0221350953660929,0.022089549902376653,0.022089549902376653,0.022089549902376653,0.0356656799525987,0.035842068082928065,2037-12-01 01:00:00
0.02215531703914787,0.022109729967050858,0.022109729967050858,0.022109729967050858,0.028138045402054467,0.028282158310643717,2038-01-01 01:00:00
0.02215531703914787,0.022109729967050858,0.022109729967050858,0.022109729967050858,0.028138045402054467,0.028282158310643717,2038-02-01 01:00:00
0.02215531703914787,0.022109729967050858,0.022109729967050858,0.022109729967050858,0.028138045402054467,0.028282158310643717,2038-03-01 01:00:00
0.02215531703914787,0.022109729967050858,0.022109729967050858,0.022109729967050858,0.028138045402054467,0.028282158310643717,2038-04-01 01:00:00
0.02215531703914787,0.022109729967050858,0.022109729967050858,0.022109729967050858,0.028138045402054467,0.028282158310643717,2038-05-01 01:00:00
0.022848746851119577,0.022817447197898865,0.022817447197898865,0.022817447197898865,0.03642453764593733,0.03660467878167391,2038-06-01 01:00:00
0.022848746851119577,0.022817447197898865,0.022817447197898865,0.022817447197898865,0.03642453764593733,0.03660467878167391,2038-07-01 01:00:00
0.022848746851119577,0.022817447197898865,0.022817447197898865,0.022817447197898865,0.03642453764593733,0.03660467878167391,2038-08-01 01:00:00
0.022817447197898865,0.022770497718067793,0.022770497718067793,0.022770497718067793,0.03642453764593733,0.03660467878167391,2038-09-01 01:00:00
0.022817447197898865,0.022770497718067793,0.022770497718067793,0.022770497718067793,0.03642453764593733,0.03660467878167391,2038-10-01 01:00:00
0.022817447197898865,0.022770497718067793,0.022770497718067793,0.022770497718067793,0.03642453764593733,0.03660467878167391,2038-11-01 01:00:00
0.022817447197898865,0.022770497718067793,0.022770497718067793,0.022770497718067793,0.03642453764593733,0.03660467878167391,2038-12-01 01:00:00
0.022889274472712925,0.022842177200135327,0.022842177200135327,0.022842177200135327,0.02877735576564576,0.028924742991077987,2039-01-01 01:00:00
0.022889274472712925,0.022842177200135327,0.022842177200135327,0.022842177200135327,0.02877735576564576,0.028924742991077987,2039-02-01 01:00:00
0.022889274472712925,0.022842177200135327,0.022842177200135327,0.022842177200135327,0.02877735576564576,0.028924742991077987,2039-03-01 01:00:00
0.022889274472712925,0.022842177200135327,0.022842177200135327,0.022842177200135327,0.02877735576564576,0.028924742991077987,2039-04-01 01:00:00
0.022889274472712925,0.022842177200135327,0.022842177200135327,0.022842177200135327,0.02877735576564576,0.028924742991077987,2039-05-01 01:00:00
0.023605676105139875,0.023573339562530094,0.023573339562530094,0.023573339562530094,0.03725212122799981,0.03743635525979011,2039-06-01 01:00:00
0.023605676105139875,0.023573339562530094,0.023573339562530094,0.023573339562530094,0.03725212122799981,0.03743635525979011,2039-07-01 01:00:00
0.023605676105139875,0.023573339562530094,0.023573339562530094,0.023573339562530094,0.03725212122799981,0.03743635525979011,2039-08-01 01:00:00
0.023573339562530094,0.023524834748615418,0.023524834748615418,0.023524834748615418,0.03725212122799981,0.03743635525979011,2039-09-01 01:00:00
0.023573339562530094,0.023524834748615418,0.023524834748615418,0.023524834748615418,0.03725212122799981,0.03743635525979011,2039-10-01 01:00:00
0.023573339562530094,0.023524834748615418,0.023524834748615418,0.023524834748615418,0.03725212122799981,0.03743635525979011,2039-11-01 01:00:00
0.023573339562530094,0.023524834748615418,0.023524834748615418,0.023524834748615418,0.03725212122799981,0.03743635525979011,2039-12-01 01:00:00
0.023600088100585552,0.023551528248526736,0.023551528248526736,0.023551528248526736,0.029500717569313314,0.02965180959271567,2040-01-01 01:00:00
0.023600088100585552,0.023551528248526736,0.023551528248526736,0.023551528248526736,0.029500717569313314,0.02965180959271567,2040-02-01 01:00:00
0.023600088100585552,0.023551528248526736,0.023551528248526736,0.023551528248526736,0.029500717569313314,0.02965180959271567,2040-03-01 01:00:00
0.023600088100585552,0.023551528248526736,0.023551528248526736,0.023551528248526736,0.029500717569313314,0.02965180959271567,2040-04-01 01:00:00
0.023600088100585552,0.023551528248526736,0.023551528248526736,0.023551528248526736,0.029500717569313314,0.02965180959271567,2040-05-01 01:00:00
0.024338737185371308,0.024305396449500936,0.024305396449500936,0.024305396449500936,0.038188508914949744,0.0383773739442027,2040-06-01 01:00:00
0.024338737185371308,0.024305396449500936,0.024305396449500936,0.024305396449500936,0.038188508914949744,0.0383773739442027,2040-07-01 01:00:00
0.024338737185371308,0.024305396449500936,0.024305396449500936,0.024305396449500936,0.038188508914949744,0.0383773739442027,2040-08-01 01:00:00
0.024305396449500936,0.024255385345695372,0.024255385345695372,0.024255385345695372,0.038188508914949744,0.0383773739442027,2040-09-01 01:00:00
0.024305396449500936,0.024255385345695372,0.024255385345695372,0.024255385345695372,0.038188508914949744,0.0383773739442027,2040-10-01 01:00:00
0.024305396449500936,0.024255385345695372,0.024255385345695372,0.024255385345695372,0.038188508914949744,0.0383773739442027,2040-11-01 01:00:00
0.024305396449500936,0.024255385345695372,0.024255385345695372,0.024255385345695372,0.038188508914949744,0.0383773739442027,2040-12-01 01:00:00
0.024338674295289096,0.02428859471854982,0.02428859471854982,0.02428859471854982,0.030332291667086543,0.030487642712756623,2041-01-01 01:00:00
0.024338674295289096,0.02428859471854982,0.02428859471854982,0.02428859471854982,0.030332291667086543,0.030487642712756623,2041-02-01 01:00:00
0.024338674295289096,0.02428859471854982,0.02428859471854982,0.02428859471854982,0.030332291667086543,0.030487642712756623,2041-03-01 01:00:00
0.024338674295289096,0.02428859471854982,0.02428859471854982,0.02428859471854982,0.030332291667086543,0.030487642712756623,2041-04-01 01:00:00
0.024338674295289096,0.02428859471854982,0.02428859471854982,0.02428859471854982,0.030332291667086543,0.030487642712756623,2041-05-01 01:00:00
0.02510044007414938,0.025066055909664244,0.025066055909664244,0.025066055909664244,0.03926497679311714,0.03945916560020475,2041-06-01 01:00:00
0.02510044007414938,0.025066055909664244,0.025066055909664244,0.025066055909664244,0.03926497679311714,0.03945916560020475,2041-07-01 01:00:00
0.02510044007414938,0.025066055909664244,0.025066055909664244,0.025066055909664244,0.03926497679311714,0.03945916560020475,2041-08-01 01:00:00
0.025066055909664244,0.025014479662936535,0.025014479662936535,0.025014479662936535,0.03926497679311714,0.03945916560020475,2041-09-01 01:00:00
0.025066055909664244,0.025014479662936535,0.025014479662936535,0.025014479662936535,0.03926497679311714,0.03945916560020475,2041-10-01 01:00:00
0.025066055909664244,0.025014479662936535,0.025014479662936535,0.025014479662936535,0.03926497679311714,0.03945916560020475,2041-11-01 01:00:00
0.025066055909664244,0.025014479662936535,0.025014479662936535,0.025014479662936535,0.03926497679311714,0.03945916560020475,2041-12-01 01:00:00
0.025020135297824025,0.02496865353795196,0.02496865353795196,0.02496865353795196,0.03102689654546958,0.031185805106521906,2042-01-01 01:00:00
0.025020135297824025,0.02496865353795196,0.02496865353795196,0.02496865353795196,0.03102689654546958,0.031185805106521906,2042-02-01 01:00:00
0.025020135297824025,0.02496865353795196,0.02496865353795196,0.02496865353795196,0.03102689654546958,0.031185805106521906,2042-03-01 01:00:00
0.025020135297824025,0.02496865353795196,0.02496865353795196,0.02496865353795196,0.03102689654546958,0.031185805106521906,2042-04-01 01:00:00
0.025020135297824025,0.02496865353795196,0.02496865353795196,0.02496865353795196,0.03102689654546958,0.031185805106521906,2042-05-01 01:00:00
0.025803229833750566,0.025767882943567345,0.025767882943567345,0.025767882943567345,0.04016413880597918,0.04036277450729459,2042-06-01 01:00:00
0.025803229833750566,0.025767882943567345,0.025767882943567345,0.025767882943567345,0.04016413880597918,0.04036277450729459,2042-07-01 01:00:00
0.025803229833750566,0.025767882943567345,0.025767882943567345,0.025767882943567345,0.04016413880597918,0.04036277450729459,2042-08-01 01:00:00
0.025767882943567345,0.02571486260829251,0.02571486260829251,0.02571486260829251,0.04016413880597918,0.04036277450729459,2042-09-01 01:00:00
0.025767882943567345,0.02571486260829251,0.02571486260829251,0.02571486260829251,0.04016413880597918,0.04036277450729459,2042-10-01 01:00:00
0.025767882943567345,0.02571486260829251,0.02571486260829251,0.02571486260829251,0.04016413880597918,0.04036277450729459,2042-11-01 01:00:00
0.025767882943567345,0.02571486260829251,0.02571486260829251,0.02571486260829251,0.04016413880597918,0.04036277450729459,2042-12-01 01:00:00
0.025626249792461364,0.025573520883423382,0.025573520883423382,0.025573520883423382,0.0315616462880072,0.03172329364415575,2043-01-01 01:00:00
0.025626249792461364,0.025573520883423382,0.025573520883423382,0.025573520883423382,0.0315616462880072,0.03172329364415575,2043-02-01 01:00:00
0.025626249792461364,0.025573520883423382,0.025573520883423382,0.025573520883423382,0.0315616462880072,0.03172329364415575,2043-03-01 01:00:00
0.025626249792461364,0.025573520883423382,0.025573520883423382,0.025573520883423382,0.0315616462880072,0.03172329364415575,2043-04-01 01:00:00
0.025626249792461364,0.025573520883423382,0.025573520883423382,0.025573520883423382,0.0315616462880072,0.03172329364415575,2043-05-01 01:00:00
0.026428314847261866,0.026392111676238218,0.026392111676238218,0.026392111676238218,0.04085636926654965,0.04105842846173533,2043-06-01 01:00:00
0.026428314847261866,0.026392111676238218,0.026392111676238218,0.026392111676238218,0.04085636926654965,0.04105842846173533,2043-07-01 01:00:00
0.026428314847261866,0.026392111676238218,0.026392111676238218,0.026392111676238218,0.04085636926654965,0.04105842846173533,2043-08-01 01:00:00
0.026392111676238218,0.026337806919702746,0.026337806919702746,0.026337806919702746,0.04085636926654965,0.04105842846173533,2043-09-01 01:00:00
0.026392111676238218,0.026337806919702746,0.026337806919702746,0.026337806919702746,0.04085636926654965,0.04105842846173533,2043-10-01 01:00:00
0.026392111676238218,0.026337806919702746,0.026337806919702746,0.026337806919702746,0.04085636926654965,0.04105842846173533,2043-11-01 01:00:00
0.026392111676238218,0.026337806919702746,0.026337806919702746,0.026337806919702746,0.04085636926654965,0.04105842846173533,2043-12-01 01:00:00
0.026266730559621424,0.02621268378892262,0.02621268378892262,0.02621268378892262,0.03213332200028619,0.03229789727301491,2044-01-01 01:00:00
0.026266730559621424,0.02621268378892262,0.02621268378892262,0.02621268378892262,0.03213332200028619,0.03229789727301491,2044-02-01 01:00:00
0.026266730559621424,0.02621268378892262,0.02621268378892262,0.02621268378892262,0.03213332200028619,0.03229789727301491,2044-03-01 01:00:00
0.026266730559621424,0.02621268378892262,0.02621268378892262,0.02621268378892262,0.03213332200028619,0.03229789727301491,2044-04-01 01:00:00
0.026266730559621424,0.02621268378892262,0.02621268378892262,0.02621268378892262,0.03213332200028619,0.03229789727301491,2044-05-01 01:00:00
0.027088841748591823,0.027051733746196488,0.027051733746196488,0.027051733746196488,0.041596400182188645,0.04180211927309954,2044-06-01 01:00:00
0.027088841748591823,0.027051733746196488,0.027051733746196488,0.027051733746196488,0.041596400182188645,0.04180211927309954,2044-07-01 01:00:00
0.027088841748591823,0.027051733746196488,0.027051733746196488,0.027051733746196488,0.041596400182188645,0.04180211927309954,2044-08-01 01:00:00
0.027051733746196488,0.02699607174260349,0.02699607174260349,0.02699607174260349,0.041596400182188645,0.04180211927309954,2044-09-01 01:00:00
0.027051733746196488,0.02699607174260349,0.02699607174260349,0.02699607174260349,0.041596400182188645,0.04180211927309954,2044-10-01 01:00:00
0.027051733746196488,0.02699607174260349,0.02699607174260349,0.02699607174260349,0.041596400182188645,0.04180211927309954,2044-11-01 01:00:00
0.027051733746196488,0.02699607174260349,0.02699607174260349,0.02699607174260349,0.041596400182188645,0.04180211927309954,2044-12-01 01:00:00
0.026953357138043935,0.02689789755545537,0.02689789755545537,0.02689789755545537,0.03280436414350178,0.03297237625179115,2045-01-01 01:00:00
0.026953357138043935,0.02689789755545537,0.02689789755545537,0.02689789755545537,0.03280436414350178,0.03297237625179115,2045-02-01 01:00:00
0.026953357138043935,0.02689789755545537,0.02689789755545537,0.02689789755545537,0.03280436414350178,0.03297237625179115,2045-03-01 01:00:00
0.026953357138043935,0.02689789755545537,0.02689789755545537,0.02689789755545537,0.03280436414350178,0.03297237625179115,2045-04-01 01:00:00
0.026953357138043935,0.02689789755545537,0.02689789755545537,0.02689789755545537,0.03280436414350178,0.03297237625179115,2045-05-01 01:00:00
0.02779695875923559,0.027758880733538004,0.027758880733538004,0.027758880733538004,0.04246506037014123,0.042675075505502924,2045-06-01 01:00:00
0.02779695875923559,0.027758880733538004,0.027758880733538004,0.027758880733538004,0.04246506037014123,0.042675075505502924,2045-07-01 01:00:00
0.02779695875923559,0.027758880733538004,0.027758880733538004,0.027758880733538004,0.04246506037014123,0.042675075505502924,2045-08-01 01:00:00
0.027758880733538004,0.027701763694991628,0.027701763694991628,0.027701763694991628,0.04246506037014123,0.042675075505502924,2045-09-01 01:00:00
0.027758880733538004,0.027701763694991628,0.027701763694991628,0.027701763694991628,0.04246506037014123,0.042675075505502924,2045-10-01 01:00:00
0.027758880733538004,0.027701763694991628,0.027701763694991628,0.027701763694991628,0.04246506037014123,0.042675075505502924,2045-11-01 01:00:00
0.027758880733538004,0.027701763694991628,0.027701763694991628,0.027701763694991628,0.04246506037014123,0.042675075505502924,2045-12-01 01:00:00
0.027665487481338895,0.02760856260997812,0.02760856260997812,0.02760856260997812,0.03354395385629267,0.03371575387604319,2046-01-01 01:00:00
0.027665487481338895,0.02760856260997812,0.02760856260997812,0.02760856260997812,0.03354395385629267,0.03371575387604319,2046-02-01 01:00:00
0.027665487481338895,0.02760856260997812,0.02760856260997812,0.02760856260997812,0.03354395385629267,0.03371575387604319,2046-03-01 01:00:00
0.027665487481338895,0.02760856260997812,0.02760856260997812,0.02760856260997812,0.03354395385629267,0.03371575387604319,2046-04-01 01:00:00
0.027665487481338895,0.02760856260997812,0.02760856260997812,0.02760856260997812,0.03354395385629267,0.03371575387604319,2046-05-01 01:00:00
0.02853137776620338,0.02849229368707159,0.02849229368707159,0.02849229368707159,0.04342245499194864,0.04363720501663678,2046-06-01 01:00:00
0.02853137776620338,0.02849229368707159,0.02849229368707159,0.02849229368707159,0.04342245499194864,0.04363720501663678,2046-07-01 01:00:00
0.02853137776620338,0.02849229368707159,0.02849229368707159,0.02849229368707159,0.04342245499194864,0.04363720501663678,2046-08-01 01:00:00
0.02849229368707159,0.028433667568373906,0.028433667568373906,0.028433667568373906,0.04342245499194864,0.04363720501663678,2046-09-01 01:00:00
0.02849229368707159,0.028433667568373906,0.028433667568373906,0.028433667568373906,0.04342245499194864,0.04363720501663678,2046-10-01 01:00:00
0.02849229368707159,0.028433667568373906,0.028433667568373906,0.028433667568373906,0.04342245499194864,0.04363720501663678,2046-11-01 01:00:00
0.02849229368707159,0.028433667568373906,0.028433667568373906,0.028433667568373906,0.04342245499194864,0.04363720501663678,2046-12-01 01:00:00
0.028404033161721753,0.028345588649043317,0.028345588649043317,0.028345588649043317,0.03435808806724858,0.03453405778846366,2047-01-01 01:00:00
0.028404033161721753,0.028345588649043317,0.028345588649043317,0.028345588649043317,0.03435808806724858,0.03453405778846366,2047-02-01 01:00:00
0.028404033161721753,0.028345588649043317,0.028345588649043317,0.028345588649043317,0.03435808806724858,0.03453405778846366,2047-03-01 01:00:00
0.028404033161721753,0.028345588649043317,0.028345588649043317,0.028345588649043317,0.03435808806724858,0.03453405778846366,2047-04-01 01:00:00
0.028404033161721753,0.028345588649043317,0.028345588649043317,0.028345588649043317,0.03435808806724858,0.03453405778846366,2047-05-01 01:00:00
0.029293038872620334,0.02925291142210989,0.02925291142210989,0.02925291142210989,0.04447634703711692,0.04469630918863576,2047-06-01 01:00:00
0.029293038872620334,0.02925291142210989,0.02925291142210989,0.02925291142210989,0.04447634703711692,0.04469630918863576,2047-07-01 01:00:00
0.029293038872620334,0.02925291142210989,0.02925291142210989,0.02925291142210989,0.04447634703711692,0.04469630918863576,2047-08-01 01:00:00
0.02925291142210989,0.029192720246344228,0.029192720246344228,0.029192720246344228,0.04447634703711692,0.04469630918863576,2047-09-01 01:00:00
0.02925291142210989,0.029192720246344228,0.029192720246344228,0.029192720246344228,0.04447634703711692,0.04469630918863576,2047-10-01 01:00:00
0.02925291142210989,0.029192720246344228,0.029192720246344228,0.029192720246344228,0.04447634703711692,0.04469630918863576,2047-11-01 01:00:00
0.02925291142210989,0.029192720246344228,0.029192720246344228,0.029192720246344228,0.04447634703711692,0.04469630918863576,2047-12-01 01:00:00
0.029233928506673543,0.029173776390404672,0.029173776390404672,0.029173776390404672,0.03503772423411241,0.03521717480637417,2048-01-01 01:00:00
0.029233928506673543,0.029173776390404672,0.029173776390404672,0.029173776390404672,0.03503772423411241,0.03521717480637417,2048-02-01 01:00:00
0.029233928506673543,0.029173776390404672,0.029173776390404672,0.029173776390404672,0.03503772423411241,0.03521717480637417,2048-03-01 01:00:00
0.029233928506673543,0.029173776390404672,0.029173776390404672,0.029173776390404672,0.03503772423411241,0.03521717480637417,2048-04-01 01:00:00
0.029233928506673543,0.029173776390404672,0.029173776390404672,0.029173776390404672,0.03503772423411241,0.03521717480637417,2048-05-01 01:00:00
0.030148908757768923,0.030107608882758274,0.030107608882758274,0.030107608882758274,0.04535613213916473,0.04558044535449192,2048-06-01 01:00:00
0.030148908757768923,0.030107608882758274,0.030107608882758274,0.030107608882758274,0.04535613213916473,0.04558044535449192,2048-07-01 01:00:00
0.030148908757768923,0.030107608882758274,0.030107608882758274,0.030107608882758274,0.04535613213916473,0.04558044535449192,2048-08-01 01:00:00
0.030107608882758274,0.030045659070242307,0.030045659070242307,0.030045659070242307,0.04535613213916473,0.04558044535449192,2048-09-01 01:00:00
0.030107608882758274,0.030045659070242307,0.030045659070242307,0.030045659070242307,0.04535613213916473,0.04558044535449192,2048-10-01 01:00:00
0.030107608882758274,0.030045659070242307,0.030045659070242307,0.030045659070242307,0.04535613213916473,0.04558044535449192,2048-11-01 01:00:00
0.030107608882758274,0.030045659070242307,0.030045659070242307,0.030045659070242307,0.04535613213916473,0.04558044535449192,2048-12-01 01:00:00
0.030116624140060624,0.03005465577763252,0.03005465577763252,0.03005465577763252,0.035703666627031234,0.035886527915774014,2049-01-01 01:00:00
0.030116624140060624,0.03005465577763252,0.03005465577763252,0.03005465577763252,0.035703666627031234,0.035886527915774014,2049-02-01 01:00:00
0.030116624140060624,0.03005465577763252,0.03005465577763252,0.03005465577763252,0.035703666627031234,0.035886527915774014,2049-03-01 01:00:00
0.030116624140060624,0.03005465577763252,0.03005465577763252,0.03005465577763252,0.035703666627031234,0.035886527915774014,2049-04-01 01:00:00
0.030116624140060624,0.03005465577763252,0.03005465577763252,0.03005465577763252,0.035703666627031234,0.035886527915774014,2049-05-01 01:00:00
0.031059231505045023,0.03101668461257235,0.03101668461257235,0.03101668461257235,0.046218190729742106,0.04644676734067057,2049-06-01 01:00:00
0.031059231505045023,0.03101668461257235,0.03101668461257235,0.03101668461257235,0.046218190729742106,0.04644676734067057,2049-07-01 01:00:00
0.031059231505045023,0.03101668461257235,0.03101668461257235,0.03101668461257235,0.046218190729742106,0.04644676734067057,2049-08-01 01:00:00
0.03101668461257235,0.030952864273863352,0.030952864273863352,0.030952864273863352,0.046218190729742106,0.04644676734067057,2049-09-01 01:00:00
0.03101668461257235,0.030952864273863352,0.030952864273863352,0.030952864273863352,0.046218190729742106,0.04644676734067057,2049-10-01 01:00:00
0.03101668461257235,0.030952864273863352,0.030952864273863352,0.030952864273863352,0.046218190729742106,0.04644676734067057,2049-11-01 01:00:00
0.03101668461257235,0.030952864273863352,0.030952864273863352,0.030952864273863352,0.046218190729742106,0.04644676734067057,2049-12-01 01:00:00
0.030972813279138256,0.030909083210662665,0.030909083210662665,0.030909083210662665,0.03635133491472,0.03653751332657514,2050-01-01 01:00:00
0.030972813279138256,0.030909083210662665,0.030909083210662665,0.030909083210662665,0.03635133491472,0.03653751332657514,2050-02-01 01:00:00
0.030972813279138256,0.030909083210662665,0.030909083210662665,0.030909083210662665,0.03635133491472,0.03653751332657514,2050-03-01 01:00:00
0.030972813279138256,0.030909083210662665,0.030909083210662665,0.030909083210662665,0.03635133491472,0.03653751332657514,2050-04-01 01:00:00
0.030972813279138256,0.030909083210662665,0.030909083210662665,0.030909083210662665,0.03635133491472,0.03653751332657514,2050-05-01 01:00:00
0.03194221814255943,0.03189846167935043,0.03189846167935043,0.03189846167935043,0.047056593596391715,0.04728931661121063,2050-06-01 01:00:00
0.03194221814255943,0.03189846167935043,0.03189846167935043,0.03189846167935043,0.047056593596391715,0.04728931661121063,2050-07-01 01:00:00
0.03194221814255943,0.03189846167935043,0.03189846167935043,0.03189846167935043,0.047056593596391715,0.04728931661121063,2050-08-01 01:00:00
0.03189846167935043,0.031832826984536954,0.031832826984536954,0.031832826984536954,0.047056593596391715,0.04728931661121063,2050-09-01 01:00:00
0.03189846167935043,0.031832826984536954,0.031832826984536954,0.031832826984536954,0.047056593596391715,0.04728931661121063,2050-10-01 01:00:00
0.03189846167935043,0.031832826984536954,0.031832826984536954,0.031832826984536954,0.047056593596391715,0.04728931661121063,2050-11-01 01:00:00
0.03189846167935043,0.031832826984536954,0.031832826984536954,0.031832826984536954,0.047056593596391715,0.04728931661121063,2050-12-01 01:00:00
0.03185334312248823,0.031787801264211504,0.031787801264211504,0.031787801264211504,0.03701075197362769,0.037200307681559186,2051-01-01 01:00:00
0.03185334312248823,0.031787801264211504,0.031787801264211504,0.031787801264211504,0.03701075197362769,0.037200307681559186,2051-02-01 01:00:00
0.03185334312248823,0.031787801264211504,0.031787801264211504,0.031787801264211504,0.03701075197362769,0.037200307681559186,2051-03-01 01:00:00
0.03185334312248823,0.031787801264211504,0.031787801264211504,0.031787801264211504,0.03701075197362769,0.037200307681559186,2051-04-01 01:00:00
0.03185334312248823,0.031787801264211504,0.031787801264211504,0.031787801264211504,0.03701075197362769,0.037200307681559186,2051-05-01 01:00:00
0.032850307313660426,0.032805306892682795,0.032805306892682795,0.032805306892682795,0.047910205179689636,0.04814714981460399,2051-06-01 01:00:00
0.032850307313660426,0.032805306892682795,0.032805306892682795,0.032805306892682795,0.047910205179689636,0.04814714981460399,2051-07-01 01:00:00
0.032850307313660426,0.032805306892682795,0.032805306892682795,0.032805306892682795,0.047910205179689636,0.04814714981460399,2051-08-01 01:00:00
0.032805306892682795,0.03273780626121637,0.03273780626121637,0.03273780626121637,0.047910205179689636,0.04814714981460399,2051-09-01 01:00:00
0.032805306892682795,0.03273780626121637,0.03273780626121637,0.03273780626121637,0.047910205179689636,0.04814714981460399,2051-10-01 01:00:00
0.032805306892682795,0.03273780626121637,0.03273780626121637,0.03273780626121637,0.047910205179689636,0.04814714981460399,2051-11-01 01:00:00
0.032805306892682795,0.03273780626121637,0.03273780626121637,0.03273780626121637,0.047910205179689636,0.04814714981460399,2051-12-01 01:00:00
0.03275890565492725,0.03269150049925868,0.03269150049925868,0.03269150049925868,0.03768213092770645,0.03787512519622222,2052-01-01 01:00:00
0.03275890565492725,0.03269150049925868,0.03269150049925868,0.03269150049925868,0.03768213092770645,0.03787512519622222,2052-02-01 01:00:00
0.03275890565492725,0.03269150049925868,0.03269150049925868,0.03269150049925868,0.03768213092770645,0.03787512519622222,2052-03-01 01:00:00
0.03275890565492725,0.03269150049925868,0.03269150049925868,0.03269150049925868,0.03768213092770645,0.03787512519622222,2052-04-01 01:00:00
0.03275890565492725,0.03269150049925868,0.03269150049925868,0.03269150049925868,0.03768213092770645,0.03787512519622222,2052-05-01 01:00:00
0.03378421266130215,0.033737932917930494,0.033737932917930494,0.033737932917930494,0.048779301367363935,0.04902054420300863,2052-06-01 01:00:00
0.03378421266130215,0.033737932917930494,0.033737932917930494,0.033737932917930494,0.048779301367363935,0.04902054420300863,2052-07-01 01:00:00
0.03378421266130215,0.033737932917930494,0.033737932917930494,0.033737932917930494,0.048779301367363935,0.04902054420300863,2052-08-01 01:00:00
0.033737932917930494,0.03366851330287302,0.03366851330287302,0.03366851330287302,0.048779301367363935,0.04902054420300863,2052-09-01 01:00:00
0.033737932917930494,0.03366851330287302,0.03366851330287302,0.03366851330287302,0.048779301367363935,0.04902054420300863,2052-10-01 01:00:00
0.033737932917930494,0.03366851330287302,0.03366851330287302,0.03366851330287302,0.048779301367363935,0.04902054420300863,2052-11-01 01:00:00
0.033737932917930494,0.03366851330287302,0.03366851330287302,0.03366851330287302,0.048779301367363935,0.04902054420300863,2052-12-01 01:00:00
0.03369021253379183,0.033620891108825185,0.033620891108825185,0.033620891108825185,0.03836568876699946,0.038562183971952074,2053-01-01 01:00:00
0.03369021253379183,0.033620891108825185,0.033620891108825185,0.033620891108825185,0.03836568876699946,0.038562183971952074,2053-02-01 01:00:00
0.03369021253379183,0.033620891108825185,0.033620891108825185,0.033620891108825185,0.03836568876699946,0.038562183971952074,2053-03-01 01:00:00
0.03369021253379183,0.033620891108825185,0.033620891108825185,0.033620891108825185,0.03836568876699946,0.038562183971952074,2053-04-01 01:00:00
0.03369021253379183,0.033620891108825185,0.033620891108825185,0.033620891108825185,0.03836568876699946,0.038562183971952074,2053-05-01 01:00:00
0.034744668116680345,0.03469707268090406,0.03469707268090406,0.03469707268090406,0.04966416305177525,0.04990978205796599,2053-06-01 01:00:00
0.034744668116680345,0.03469707268090406,0.03469707268090406,0.03469707268090406,0.04966416305177525,0.04990978205796599,2053-07-01 01:00:00
0.034744668116680345,0.03469707268090406,0.03469707268090406,0.03469707268090406,0.04966416305177525,0.04990978205796599,2053-08-01 01:00:00
0.03469707268090406,0.03462567952723965,0.03462567952723965,0.03462567952723965,0.04966416305177525,0.04990978205796599,2053-09-01 01:00:00
0.03469707268090406,0.03462567952723965,0.03462567952723965,0.03462567952723965,0.04966416305177525,0.04990978205796599,2053-10-01 01:00:00
0.03469707268090406,0.03462567952723965,0.03462567952723965,0.03462567952723965,0.04966416305177525,0.04990978205796599,2053-11-01 01:00:00
0.03469707268090406,0.03462567952723965,0.03462567952723965,0.03462567952723965,0.04966416305177525,0.04990978205796599,2053-12-01 01:00:00
0.034647995648210694,0.03457670347609504,0.03457670347609504,0.03457670347609504,0.039061646417772225,0.03926170606651881,2054-01-01 01:00:00
0.034647995648210694,0.03457670347609504,0.03457670347609504,0.03457670347609504,0.039061646417772225,0.03926170606651881,2054-02-01 01:00:00
0.034647995648210694,0.03457670347609504,0.03457670347609504,0.03457670347609504,0.039061646417772225,0.03926170606651881,2054-03-01 01:00:00
0.034647995648210694,0.03457670347609504,0.03457670347609504,0.03457670347609504,0.039061646417772225,0.03926170606651881,2054-04-01 01:00:00
0.034647995648210694,0.03457670347609504,0.03457670347609504,0.03457670347609504,0.039061646417772225,0.03926170606651881,2054-05-01 01:00:00
0.03573242847600921,0.03568347994385027,0.03568347994385027,0.03568347994385027,0.050565076220701326,0.05081515078163453,2054-06-01 01:00:00
0.03573242847600921,0.03568347994385027,0.03568347994385027,0.03568347994385027,0.050565076220701326,0.05081515078163453,2054-07-01 01:00:00
0.03573242847600921,0.03568347994385027,0.03568347994385027,0.03568347994385027,0.050565076220701326,0.05081515078163453,2054-08-01 01:00:00
0.03568347994385027,0.035610057145611905,0.035610057145611905,0.035610057145611905,0.050565076220701326,0.05081515078163453,2054-09-01 01:00:00
0.03568347994385027,0.035610057145611905,0.035610057145611905,0.035610057145611905,0.050565076220701326,0.05081515078163453,2054-10-01 01:00:00
0.03568347994385027,0.035610057145611905,0.035610057145611905,0.035610057145611905,0.050565076220701326,0.05081515078163453,2054-11-01 01:00:00
0.03568347994385027,0.035610057145611905,0.035610057145611905,0.035610057145611905,0.050565076220701326,0.05081515078163453,2054-12-01 01:00:00
0.035633007694276866,0.03555968874840387,0.03555968874840387,0.03555968874840387,0.039770228813916064,0.039973917565843925,2055-01-01 01:00:00
0.035633007694276866,0.03555968874840387,0.03555968874840387,0.03555968874840387,0.039770228813916064,0.039973917565843925,2055-02-01 01:00:00
0.035633007694276866,0.03555968874840387,0.03555968874840387,0.03555968874840387,0.039770228813916064,0.039973917565843925,2055-03-01 01:00:00
0.035633007694276866,0.03555968874840387,0.03555968874840387,0.03555968874840387,0.039770228813916064,0.039973917565843925,2055-04-01 01:00:00
0.035633007694276866,0.03555968874840387,0.03555968874840387,0.03555968874840387,0.039770228813916064,0.039973917565843925,2055-05-01 01:00:00
0.036748269993695515,0.03669792989781372,0.03669792989781372,0.03669792989781372,0.051482332049768445,0.05173694298967824,2055-06-01 01:00:00
0.036748269993695515,0.03669792989781372,0.03669792989781372,0.03669792989781372,0.051482332049768445,0.05173694298967824,2055-07-01 01:00:00
0.036748269993695515,0.03669792989781372,0.03669792989781372,0.03669792989781372,0.051482332049768445,0.05173694298967824,2055-08-01 01:00:00
0.03669792989781372,0.03662241975399107,0.03662241975399107,0.03662241975399107,0.051482332049768445,0.05173694298967824,2055-09-01 01:00:00
0.03669792989781372,0.03662241975399107,0.03662241975399107,0.03662241975399107,0.051482332049768445,0.05173694298967824,2055-10-01 01:00:00
0.03669792989781372,0.03662241975399107,0.03662241975399107,0.03662241975399107,0.051482332049768445,0.05173694298967824,2055-11-01 01:00:00
0.03669792989781372,0.03662241975399107,0.03662241975399107,0.03662241975399107,0.051482332049768445,0.05173694298967824,2055-12-01 01:00:00
